timestamp,building,energy_kwh,temperature_c,occupancy,ac_units,equipment_count,day_of_week,hour
2026-01-01 00:00:00,Academic Block,17.14,20.37,5,6,20,3,0
2026-01-01 00:00:00,Computer Lab,17.08,20.9,4,5,45,3,0
2026-01-01 00:00:00,Library,8.67,17.66,5,3,15,3,0
2026-01-01 00:00:00,Hostel A,18.48,20.15,35,8,10,3,0
2026-01-01 01:00:00,Academic Block,17.42,20.15,5,6,20,3,1
2026-01-01 01:00:00,Computer Lab,16.84,21.23,4,5,45,3,1
2026-01-01 01:00:00,Library,12.32,20.25,5,3,15,3,1
2026-01-01 01:00:00,Hostel A,17.66,20.73,35,8,10,3,1
2026-01-01 02:00:00,Academic Block,17.26,21.11,5,6,20,3,2
2026-01-01 02:00:00,Computer Lab,15.6,21.72,4,5,45,3,2
2026-01-01 02:00:00,Library,9.6,20.45,5,3,15,3,2
2026-01-01 02:00:00,Hostel A,18.72,22.14,35,8,10,3,2
2026-01-01 03:00:00,Academic Block,18.17,20.95,5,6,20,3,3
2026-01-01 03:00:00,Computer Lab,16.22,22.1,4,5,45,3,3
2026-01-01 03:00:00,Library,11.27,21.96,5,3,15,3,3
2026-01-01 03:00:00,Hostel A,18.34,24.03,35,8,10,3,3
2026-01-01 04:00:00,Academic Block,17.48,21.89,5,6,20,3,4
2026-01-01 04:00:00,Computer Lab,17.36,23.24,4,5,45,3,4
2026-01-01 04:00:00,Library,9.36,22.36,5,3,15,3,4
2026-01-01 04:00:00,Hostel A,19.93,21.51,35,8,10,3,4
2026-01-01 05:00:00,Academic Block,19.51,24.6,5,6,20,3,5
2026-01-01 05:00:00,Computer Lab,16.02,22.91,4,5,45,3,5
2026-01-01 05:00:00,Library,10.95,23.85,5,3,15,3,5
2026-01-01 05:00:00,Hostel A,19.29,24.75,35,8,10,3,5
2026-01-01 06:00:00,Academic Block,18.8,25.81,5,6,20,3,6
2026-01-01 06:00:00,Computer Lab,16.62,25.35,4,5,45,3,6
2026-01-01 06:00:00,Library,10.15,23.25,5,3,15,3,6
2026-01-01 06:00:00,Hostel A,21.59,24.44,80,8,10,3,6
2026-01-01 07:00:00,Academic Block,20.94,25.96,5,6,20,3,7
2026-01-01 07:00:00,Computer Lab,17.12,25.26,4,5,45,3,7
2026-01-01 07:00:00,Library,10.12,24.27,5,3,15,3,7
2026-01-01 07:00:00,Hostel A,24.11,26.49,80,8,10,3,7
2026-01-01 08:00:00,Academic Block,29.23,28.35,45,6,20,3,8
2026-01-01 08:00:00,Computer Lab,16.63,27.08,4,5,45,3,8
2026-01-01 08:00:00,Library,15.49,28.53,5,3,15,3,8
2026-01-01 08:00:00,Hostel A,20.85,25.97,80,8,10,3,8
2026-01-01 09:00:00,Academic Block,25.56,27.43,45,6,20,3,9
2026-01-01 09:00:00,Computer Lab,26.36,28.71,40,5,45,3,9
2026-01-01 09:00:00,Library,16.37,28.02,25,3,15,3,9
2026-01-01 09:00:00,Hostel A,29.49,29.29,35,8,10,3,9
2026-01-01 10:00:00,Academic Block,32.38,29.88,45,6,20,3,10
2026-01-01 10:00:00,Computer Lab,25.34,28.89,40,5,45,3,10
2026-01-01 10:00:00,Library,16.55,27.9,25,3,15,3,10
2026-01-01 10:00:00,Hostel A,27.79,28.77,35,8,10,3,10
2026-01-01 11:00:00,Academic Block,35.89,30.41,45,6,20,3,11
2026-01-01 11:00:00,Computer Lab,31.23,30.63,40,5,45,3,11
2026-01-01 11:00:00,Library,19.19,29.32,25,3,15,3,11
2026-01-01 11:00:00,Hostel A,21.56,27.8,35,8,10,3,11
2026-01-01 12:00:00,Academic Block,26.75,28.41,45,6,20,3,12
2026-01-01 12:00:00,Computer Lab,29.55,30.48,40,5,45,3,12
2026-01-01 12:00:00,Library,21.81,29.55,25,3,15,3,12
2026-01-01 12:00:00,Hostel A,32.26,29.57,35,8,10,3,12
2026-01-01 13:00:00,Academic Block,28.97,28.71,45,6,20,3,13
2026-01-01 13:00:00,Computer Lab,24.76,28.69,40,5,45,3,13
2026-01-01 13:00:00,Library,20.44,30.84,25,3,15,3,13
2026-01-01 13:00:00,Hostel A,34.78,30.35,35,8,10,3,13
2026-01-01 14:00:00,Academic Block,26.79,28.62,45,6,20,3,14
2026-01-01 14:00:00,Computer Lab,26.77,29.42,40,5,45,3,14
2026-01-01 14:00:00,Library,20.05,29.61,25,3,15,3,14
2026-01-01 14:00:00,Hostel A,37.85,31.25,35,8,10,3,14
2026-01-01 15:00:00,Academic Block,24.64,27.31,45,6,20,3,15
2026-01-01 15:00:00,Computer Lab,27.66,28.8,40,5,45,3,15
2026-01-01 15:00:00,Library,20.38,29.54,25,3,15,3,15
2026-01-01 15:00:00,Hostel A,32.39,30.29,35,8,10,3,15
2026-01-01 16:00:00,Academic Block,21.54,26.73,45,6,20,3,16
2026-01-01 16:00:00,Computer Lab,17.99,27.03,40,5,45,3,16
2026-01-01 16:00:00,Library,16.38,28.26,25,3,15,3,16
2026-01-01 16:00:00,Hostel A,17.43,25.74,35,8,10,3,16
2026-01-01 17:00:00,Academic Block,24.1,26.67,45,6,20,3,17
2026-01-01 17:00:00,Computer Lab,29.64,28.69,40,5,45,3,17
2026-01-01 17:00:00,Library,11.85,26.79,25,3,15,3,17
2026-01-01 17:00:00,Hostel A,19.35,23.74,35,8,10,3,17
2026-01-01 18:00:00,Academic Block,18.64,24.02,12,6,20,3,18
2026-01-01 18:00:00,Computer Lab,15.46,24.27,4,5,45,3,18
2026-01-01 18:00:00,Library,12.85,26.28,25,3,15,3,18
2026-01-01 18:00:00,Hostel A,21.0,24.81,80,8,10,3,18
2026-01-01 19:00:00,Academic Block,18.53,21.7,12,6,20,3,19
2026-01-01 19:00:00,Computer Lab,18.32,23.64,4,5,45,3,19
2026-01-01 19:00:00,Library,13.7,23.86,25,3,15,3,19
2026-01-01 19:00:00,Hostel A,20.77,23.11,80,8,10,3,19
2026-01-01 20:00:00,Academic Block,18.17,21.34,12,6,20,3,20
2026-01-01 20:00:00,Computer Lab,14.44,25.05,4,5,45,3,20
2026-01-01 20:00:00,Library,10.87,23.51,25,3,15,3,20
2026-01-01 20:00:00,Hostel A,23.13,23.62,80,8,10,3,20
2026-01-01 21:00:00,Academic Block,19.2,21.28,12,6,20,3,21
2026-01-01 21:00:00,Computer Lab,16.34,20.68,4,5,45,3,21
2026-01-01 21:00:00,Library,8.79,20.92,5,3,15,3,21
2026-01-01 21:00:00,Hostel A,22.81,19.93,80,8,10,3,21
2026-01-01 22:00:00,Academic Block,18.94,22.56,5,6,20,3,22
2026-01-01 22:00:00,Computer Lab,16.1,20.53,4,5,45,3,22
2026-01-01 22:00:00,Library,10.95,22.24,5,3,15,3,22
2026-01-01 22:00:00,Hostel A,24.21,20.18,80,8,10,3,22
2026-01-01 23:00:00,Academic Block,21.0,20.68,5,6,20,3,23
2026-01-01 23:00:00,Computer Lab,13.83,20.39,4,5,45,3,23
2026-01-01 23:00:00,Library,13.1,18.53,5,3,15,3,23
2026-01-01 23:00:00,Hostel A,18.68,22.24,35,8,10,3,23
2026-01-02 00:00:00,Academic Block,20.89,19.54,5,6,20,4,0
2026-01-02 00:00:00,Computer Lab,14.33,18.67,4,5,45,4,0
2026-01-02 00:00:00,Library,10.03,20.77,5,3,15,4,0
2026-01-02 00:00:00,Hostel A,18.7,19.99,35,8,10,4,0
2026-01-02 01:00:00,Academic Block,20.81,20.58,5,6,20,4,1
2026-01-02 01:00:00,Computer Lab,16.64,20.28,4,5,45,4,1
2026-01-02 01:00:00,Library,10.55,17.71,5,3,15,4,1
2026-01-02 01:00:00,Hostel A,17.12,19.16,35,8,10,4,1
2026-01-02 02:00:00,Academic Block,18.2,19.62,5,6,20,4,2
2026-01-02 02:00:00,Computer Lab,13.68,21.77,4,5,45,4,2
2026-01-02 02:00:00,Library,9.9,20.71,5,3,15,4,2
2026-01-02 02:00:00,Hostel A,20.45,20.28,35,8,10,4,2
2026-01-02 03:00:00,Academic Block,20.71,22.11,5,6,20,4,3
2026-01-02 03:00:00,Computer Lab,14.63,21.28,4,5,45,4,3
2026-01-02 03:00:00,Library,10.99,21.2,5,3,15,4,3
2026-01-02 03:00:00,Hostel A,17.32,21.68,35,8,10,4,3
2026-01-02 04:00:00,Academic Block,19.04,22.61,5,6,20,4,4
2026-01-02 04:00:00,Computer Lab,18.49,25.52,4,5,45,4,4
2026-01-02 04:00:00,Library,10.19,21.48,5,3,15,4,4
2026-01-02 04:00:00,Hostel A,18.06,20.74,35,8,10,4,4
2026-01-02 05:00:00,Academic Block,20.51,24.08,5,6,20,4,5
2026-01-02 05:00:00,Computer Lab,14.69,22.83,4,5,45,4,5
2026-01-02 05:00:00,Library,10.38,21.13,5,3,15,4,5
2026-01-02 05:00:00,Hostel A,18.16,22.43,35,8,10,4,5
2026-01-02 06:00:00,Academic Block,18.56,23.95,5,6,20,4,6
2026-01-02 06:00:00,Computer Lab,13.47,22.89,4,5,45,4,6
2026-01-02 06:00:00,Library,11.45,27.56,5,3,15,4,6
2026-01-02 06:00:00,Hostel A,25.31,23.68,80,8,10,4,6
2026-01-02 07:00:00,Academic Block,28.07,29.78,5,6,20,4,7
2026-01-02 07:00:00,Computer Lab,16.18,25.85,4,5,45,4,7
2026-01-02 07:00:00,Library,13.9,28.37,5,3,15,4,7
2026-01-02 07:00:00,Hostel A,23.72,26.0,80,8,10,4,7
2026-01-02 08:00:00,Academic Block,26.31,28.02,45,6,20,4,8
2026-01-02 08:00:00,Computer Lab,16.08,27.34,4,5,45,4,8
2026-01-02 08:00:00,Library,12.15,27.21,5,3,15,4,8
2026-01-02 08:00:00,Hostel A,26.39,27.78,80,8,10,4,8
2026-01-02 09:00:00,Academic Block,32.17,29.1,45,6,20,4,9
2026-01-02 09:00:00,Computer Lab,25.9,28.72,40,5,45,4,9
2026-01-02 09:00:00,Library,17.54,28.6,25,3,15,4,9
2026-01-02 09:00:00,Hostel A,23.64,27.67,35,8,10,4,9
2026-01-02 10:00:00,Academic Block,34.19,29.21,45,6,20,4,10
2026-01-02 10:00:00,Computer Lab,33.82,31.22,40,5,45,4,10
2026-01-02 10:00:00,Library,15.42,28.41,25,3,15,4,10
2026-01-02 10:00:00,Hostel A,36.53,30.76,35,8,10,4,10
2026-01-02 11:00:00,Academic Block,32.6,30.41,45,6,20,4,11
2026-01-02 11:00:00,Computer Lab,33.05,30.94,40,5,45,4,11
2026-01-02 11:00:00,Library,16.59,28.5,25,3,15,4,11
2026-01-02 11:00:00,Hostel A,33.64,30.15,35,8,10,4,11
2026-01-02 12:00:00,Academic Block,32.42,29.65,45,6,20,4,12
2026-01-02 12:00:00,Computer Lab,28.68,29.7,40,5,45,4,12
2026-01-02 12:00:00,Library,21.45,31.77,25,3,15,4,12
2026-01-02 12:00:00,Hostel A,32.02,29.72,35,8,10,4,12
2026-01-02 13:00:00,Academic Block,33.89,30.18,45,6,20,4,13
2026-01-02 13:00:00,Computer Lab,22.71,27.72,40,5,45,4,13
2026-01-02 13:00:00,Library,23.34,31.9,25,3,15,4,13
2026-01-02 13:00:00,Hostel A,36.1,30.87,35,8,10,4,13
2026-01-02 14:00:00,Academic Block,29.62,29.26,45,6,20,4,14
2026-01-02 14:00:00,Computer Lab,27.98,28.93,40,5,45,4,14
2026-01-02 14:00:00,Library,23.65,30.03,25,3,15,4,14
2026-01-02 14:00:00,Hostel A,36.73,30.74,35,8,10,4,14
2026-01-02 15:00:00,Academic Block,36.66,30.63,45,6,20,4,15
2026-01-02 15:00:00,Computer Lab,27.47,29.53,40,5,45,4,15
2026-01-02 15:00:00,Library,16.54,28.62,25,3,15,4,15
2026-01-02 15:00:00,Hostel A,30.02,29.72,35,8,10,4,15
2026-01-02 16:00:00,Academic Block,28.05,28.44,45,6,20,4,16
2026-01-02 16:00:00,Computer Lab,27.08,28.91,40,5,45,4,16
2026-01-02 16:00:00,Library,21.3,29.68,25,3,15,4,16
2026-01-02 16:00:00,Hostel A,18.85,25.61,35,8,10,4,16
2026-01-02 17:00:00,Academic Block,21.12,24.89,45,6,20,4,17
2026-01-02 17:00:00,Computer Lab,24.4,28.11,40,5,45,4,17
2026-01-02 17:00:00,Library,10.7,25.46,25,3,15,4,17
2026-01-02 17:00:00,Hostel A,17.59,26.33,35,8,10,4,17
2026-01-02 18:00:00,Academic Block,19.73,24.19,12,6,20,4,18
2026-01-02 18:00:00,Computer Lab,17.12,26.39,4,5,45,4,18
2026-01-02 18:00:00,Library,12.68,22.25,25,3,15,4,18
2026-01-02 18:00:00,Hostel A,23.17,25.09,80,8,10,4,18
2026-01-02 19:00:00,Academic Block,16.17,25.65,12,6,20,4,19
2026-01-02 19:00:00,Computer Lab,16.56,23.0,4,5,45,4,19
2026-01-02 19:00:00,Library,14.44,21.81,25,3,15,4,19
2026-01-02 19:00:00,Hostel A,23.82,24.15,80,8,10,4,19
2026-01-02 20:00:00,Academic Block,20.48,21.81,12,6,20,4,20
2026-01-02 20:00:00,Computer Lab,16.02,23.78,4,5,45,4,20
2026-01-02 20:00:00,Library,12.63,22.78,25,3,15,4,20
2026-01-02 20:00:00,Hostel A,22.33,21.46,80,8,10,4,20
2026-01-02 21:00:00,Academic Block,19.84,21.28,12,6,20,4,21
2026-01-02 21:00:00,Computer Lab,14.08,22.66,4,5,45,4,21
2026-01-02 21:00:00,Library,12.85,21.31,5,3,15,4,21
2026-01-02 21:00:00,Hostel A,21.32,20.57,80,8,10,4,21
2026-01-02 22:00:00,Academic Block,19.97,20.91,5,6,20,4,22
2026-01-02 22:00:00,Computer Lab,17.66,20.68,4,5,45,4,22
2026-01-02 22:00:00,Library,11.89,21.7,5,3,15,4,22
2026-01-02 22:00:00,Hostel A,26.04,21.33,80,8,10,4,22
2026-01-02 23:00:00,Academic Block,15.69,19.92,5,6,20,4,23
2026-01-02 23:00:00,Computer Lab,14.98,22.1,4,5,45,4,23
2026-01-02 23:00:00,Library,12.59,20.3,5,3,15,4,23
2026-01-02 23:00:00,Hostel A,17.07,18.25,35,8,10,4,23
2026-01-03 00:00:00,Academic Block,17.51,18.08,5,6,20,5,0
2026-01-03 00:00:00,Computer Lab,16.46,20.53,4,5,45,5,0
2026-01-03 00:00:00,Library,8.51,20.33,5,3,15,5,0
2026-01-03 00:00:00,Hostel A,19.03,17.23,35,8,10,5,0
2026-01-03 01:00:00,Academic Block,19.39,19.6,5,6,20,5,1
2026-01-03 01:00:00,Computer Lab,15.88,21.01,4,5,45,5,1
2026-01-03 01:00:00,Library,10.97,21.08,5,3,15,5,1
2026-01-03 01:00:00,Hostel A,17.89,20.81,35,8,10,5,1
2026-01-03 02:00:00,Academic Block,19.0,20.45,5,6,20,5,2
2026-01-03 02:00:00,Computer Lab,15.08,21.65,4,5,45,5,2
2026-01-03 02:00:00,Library,10.23,21.3,5,3,15,5,2
2026-01-03 02:00:00,Hostel A,20.19,20.53,35,8,10,5,2
2026-01-03 03:00:00,Academic Block,16.76,19.07,5,6,20,5,3
2026-01-03 03:00:00,Computer Lab,12.17,19.69,4,5,45,5,3
2026-01-03 03:00:00,Library,11.75,20.65,5,3,15,5,3
2026-01-03 03:00:00,Hostel A,19.25,21.12,35,8,10,5,3
2026-01-03 04:00:00,Academic Block,20.69,23.81,5,6,20,5,4
2026-01-03 04:00:00,Computer Lab,17.7,22.42,4,5,45,5,4
2026-01-03 04:00:00,Library,9.37,22.61,5,3,15,5,4
2026-01-03 04:00:00,Hostel A,16.73,21.79,35,8,10,5,4
2026-01-03 05:00:00,Academic Block,18.16,22.64,5,6,20,5,5
2026-01-03 05:00:00,Computer Lab,18.25,24.67,4,5,45,5,5
2026-01-03 05:00:00,Library,11.21,22.05,5,3,15,5,5
2026-01-03 05:00:00,Hostel A,19.66,22.46,35,8,10,5,5
2026-01-03 06:00:00,Academic Block,15.95,24.84,5,6,20,5,6
2026-01-03 06:00:00,Computer Lab,14.92,26.11,4,5,45,5,6
2026-01-03 06:00:00,Library,9.02,24.36,5,3,15,5,6
2026-01-03 06:00:00,Hostel A,23.19,24.21,80,8,10,5,6
2026-01-03 07:00:00,Academic Block,19.29,26.07,5,6,20,5,7
2026-01-03 07:00:00,Computer Lab,18.67,26.73,4,5,45,5,7
2026-01-03 07:00:00,Library,8.41,25.88,5,3,15,5,7
2026-01-03 07:00:00,Hostel A,25.87,27.57,80,8,10,5,7
2026-01-03 08:00:00,Academic Block,27.11,28.84,5,6,20,5,8
2026-01-03 08:00:00,Computer Lab,18.67,27.34,4,5,45,5,8
2026-01-03 08:00:00,Library,22.1,29.84,5,3,15,5,8
2026-01-03 08:00:00,Hostel A,26.64,27.58,80,8,10,5,8
2026-01-03 09:00:00,Academic Block,28.73,29.83,5,6,20,5,9
2026-01-03 09:00:00,Computer Lab,23.13,28.94,4,5,45,5,9
2026-01-03 09:00:00,Library,17.06,28.91,25,3,15,5,9
2026-01-03 09:00:00,Hostel A,16.72,26.63,35,8,10,5,9
2026-01-03 10:00:00,Academic Block,22.87,27.99,5,6,20,5,10
2026-01-03 10:00:00,Computer Lab,26.21,28.98,4,5,45,5,10
2026-01-03 10:00:00,Library,21.14,30.66,25,3,15,5,10
2026-01-03 10:00:00,Hostel A,31.28,29.75,35,8,10,5,10
2026-01-03 11:00:00,Academic Block,29.09,29.49,5,6,20,5,11
2026-01-03 11:00:00,Computer Lab,27.81,30.57,4,5,45,5,11
2026-01-03 11:00:00,Library,21.97,31.11,25,3,15,5,11
2026-01-03 11:00:00,Hostel A,36.16,29.84,35,8,10,5,11
2026-01-03 12:00:00,Academic Block,33.69,30.27,5,6,20,5,12
2026-01-03 12:00:00,Computer Lab,27.74,30.11,4,5,45,5,12
2026-01-03 12:00:00,Library,20.55,29.93,25,3,15,5,12
2026-01-03 12:00:00,Hostel A,29.67,29.06,35,8,10,5,12
2026-01-03 13:00:00,Academic Block,27.43,28.81,5,6,20,5,13
2026-01-03 13:00:00,Computer Lab,30.64,31.13,4,5,45,5,13
2026-01-03 13:00:00,Library,20.4,29.49,25,3,15,5,13
2026-01-03 13:00:00,Hostel A,32.08,29.46,35,8,10,5,13
2026-01-03 14:00:00,Academic Block,20.06,27.13,5,6,20,5,14
2026-01-03 14:00:00,Computer Lab,14.75,26.94,4,5,45,5,14
2026-01-03 14:00:00,Library,24.69,30.97,25,3,15,5,14
2026-01-03 14:00:00,Hostel A,24.26,28.47,35,8,10,5,14
2026-01-03 15:00:00,Academic Block,17.88,24.98,5,6,20,5,15
2026-01-03 15:00:00,Computer Lab,31.71,31.44,4,5,45,5,15
2026-01-03 15:00:00,Library,16.44,27.86,25,3,15,5,15
2026-01-03 15:00:00,Hostel A,19.43,26.66,35,8,10,5,15
2026-01-03 16:00:00,Academic Block,22.14,27.62,5,6,20,5,16
2026-01-03 16:00:00,Computer Lab,22.15,28.45,4,5,45,5,16
2026-01-03 16:00:00,Library,15.78,28.3,25,3,15,5,16
2026-01-03 16:00:00,Hostel A,29.42,28.58,35,8,10,5,16
2026-01-03 17:00:00,Academic Block,17.37,25.13,5,6,20,5,17
2026-01-03 17:00:00,Computer Lab,19.61,27.9,4,5,45,5,17
2026-01-03 17:00:00,Library,15.36,27.98,25,3,15,5,17
2026-01-03 17:00:00,Hostel A,24.92,28.04,35,8,10,5,17
2026-01-03 18:00:00,Academic Block,21.61,25.31,12,6,20,5,18
2026-01-03 18:00:00,Computer Lab,14.26,24.57,4,5,45,5,18
2026-01-03 18:00:00,Library,12.9,24.46,25,3,15,5,18
2026-01-03 18:00:00,Hostel A,23.51,23.12,80,8,10,5,18
2026-01-03 19:00:00,Academic Block,20.98,23.06,12,6,20,5,19
2026-01-03 19:00:00,Computer Lab,14.49,20.83,4,5,45,5,19
2026-01-03 19:00:00,Library,10.99,21.68,25,3,15,5,19
2026-01-03 19:00:00,Hostel A,22.28,24.0,80,8,10,5,19
2026-01-03 20:00:00,Academic Block,19.02,22.2,12,6,20,5,20
2026-01-03 20:00:00,Computer Lab,14.16,22.74,4,5,45,5,20
2026-01-03 20:00:00,Library,13.22,23.35,25,3,15,5,20
2026-01-03 20:00:00,Hostel A,23.38,22.96,80,8,10,5,20
2026-01-03 21:00:00,Academic Block,22.31,21.82,12,6,20,5,21
2026-01-03 21:00:00,Computer Lab,15.21,21.36,4,5,45,5,21
2026-01-03 21:00:00,Library,9.08,20.56,5,3,15,5,21
2026-01-03 21:00:00,Hostel A,21.22,19.97,80,8,10,5,21
2026-01-03 22:00:00,Academic Block,19.2,20.59,5,6,20,5,22
2026-01-03 22:00:00,Computer Lab,14.52,20.73,4,5,45,5,22
2026-01-03 22:00:00,Library,11.73,21.75,5,3,15,5,22
2026-01-03 22:00:00,Hostel A,21.57,20.48,80,8,10,5,22
2026-01-03 23:00:00,Academic Block,18.98,20.83,5,6,20,5,23
2026-01-03 23:00:00,Computer Lab,15.57,18.43,4,5,45,5,23
2026-01-03 23:00:00,Library,9.28,20.48,5,3,15,5,23
2026-01-03 23:00:00,Hostel A,16.77,20.4,35,8,10,5,23
2026-01-04 00:00:00,Academic Block,20.57,21.6,5,6,20,6,0
2026-01-04 00:00:00,Computer Lab,16.22,19.7,4,5,45,6,0
2026-01-04 00:00:00,Library,8.89,17.11,5,3,15,6,0
2026-01-04 00:00:00,Hostel A,17.34,19.65,35,8,10,6,0
2026-01-04 01:00:00,Academic Block,21.7,21.03,5,6,20,6,1
2026-01-04 01:00:00,Computer Lab,14.41,18.76,4,5,45,6,1
2026-01-04 01:00:00,Library,13.04,20.45,5,3,15,6,1
2026-01-04 01:00:00,Hostel A,19.32,18.7,35,8,10,6,1
2026-01-04 02:00:00,Academic Block,16.22,22.86,5,6,20,6,2
2026-01-04 02:00:00,Computer Lab,15.03,19.13,4,5,45,6,2
2026-01-04 02:00:00,Library,11.84,20.05,5,3,15,6,2
2026-01-04 02:00:00,Hostel A,16.29,20.96,35,8,10,6,2
2026-01-04 03:00:00,Academic Block,17.83,22.08,5,6,20,6,3
2026-01-04 03:00:00,Computer Lab,14.73,22.99,4,5,45,6,3
2026-01-04 03:00:00,Library,11.44,20.7,5,3,15,6,3
2026-01-04 03:00:00,Hostel A,19.62,22.38,35,8,10,6,3
2026-01-04 04:00:00,Academic Block,19.51,20.48,5,6,20,6,4
2026-01-04 04:00:00,Computer Lab,16.02,21.26,4,5,45,6,4
2026-01-04 04:00:00,Library,11.29,20.79,5,3,15,6,4
2026-01-04 04:00:00,Hostel A,17.03,21.53,35,8,10,6,4
2026-01-04 05:00:00,Academic Block,19.06,24.56,5,6,20,6,5
2026-01-04 05:00:00,Computer Lab,17.85,22.97,4,5,45,6,5
2026-01-04 05:00:00,Library,10.67,23.18,5,3,15,6,5
2026-01-04 05:00:00,Hostel A,18.02,24.03,35,8,10,6,5
2026-01-04 06:00:00,Academic Block,17.9,25.57,5,6,20,6,6
2026-01-04 06:00:00,Computer Lab,17.71,24.51,4,5,45,6,6
2026-01-04 06:00:00,Library,7.01,23.75,5,3,15,6,6
2026-01-04 06:00:00,Hostel A,27.68,26.93,80,8,10,6,6
2026-01-04 07:00:00,Academic Block,15.79,25.81,5,6,20,6,7
2026-01-04 07:00:00,Computer Lab,15.24,25.92,4,5,45,6,7
2026-01-04 07:00:00,Library,9.05,26.07,5,3,15,6,7
2026-01-04 07:00:00,Hostel A,24.72,26.99,80,8,10,6,7
2026-01-04 08:00:00,Academic Block,19.75,25.71,5,6,20,6,8
2026-01-04 08:00:00,Computer Lab,26.66,29.96,4,5,45,6,8
2026-01-04 08:00:00,Library,12.05,27.1,5,3,15,6,8
2026-01-04 08:00:00,Hostel A,26.55,28.24,80,8,10,6,8
2026-01-04 09:00:00,Academic Block,25.58,28.73,5,6,20,6,9
2026-01-04 09:00:00,Computer Lab,28.63,30.75,4,5,45,6,9
2026-01-04 09:00:00,Library,19.04,30.54,5,3,15,6,9
2026-01-04 09:00:00,Hostel A,30.24,29.24,35,8,10,6,9
2026-01-04 10:00:00,Academic Block,24.87,28.29,5,6,20,6,10
2026-01-04 10:00:00,Computer Lab,28.51,30.79,4,5,45,6,10
2026-01-04 10:00:00,Library,12.73,27.3,5,3,15,6,10
2026-01-04 10:00:00,Hostel A,25.07,28.25,35,8,10,6,10
2026-01-04 11:00:00,Academic Block,27.1,29.73,5,6,20,6,11
2026-01-04 11:00:00,Computer Lab,20.6,27.89,4,5,45,6,11
2026-01-04 11:00:00,Library,13.57,29.2,5,3,15,6,11
2026-01-04 11:00:00,Hostel A,36.6,30.77,35,8,10,6,11
2026-01-04 12:00:00,Academic Block,25.63,29.14,5,6,20,6,12
2026-01-04 12:00:00,Computer Lab,30.2,31.0,4,5,45,6,12
2026-01-04 12:00:00,Library,27.01,32.86,5,3,15,6,12
2026-01-04 12:00:00,Hostel A,34.65,30.47,35,8,10,6,12
2026-01-04 13:00:00,Academic Block,34.37,30.81,5,6,20,6,13
2026-01-04 13:00:00,Computer Lab,29.93,31.33,4,5,45,6,13
2026-01-04 13:00:00,Library,16.96,29.31,5,3,15,6,13
2026-01-04 13:00:00,Hostel A,38.47,30.78,35,8,10,6,13
2026-01-04 14:00:00,Academic Block,25.69,28.78,5,6,20,6,14
2026-01-04 14:00:00,Computer Lab,25.23,29.71,4,5,45,6,14
2026-01-04 14:00:00,Library,17.16,30.47,5,3,15,6,14
2026-01-04 14:00:00,Hostel A,24.8,28.34,35,8,10,6,14
2026-01-04 15:00:00,Academic Block,17.25,25.75,5,6,20,6,15
2026-01-04 15:00:00,Computer Lab,18.15,27.44,4,5,45,6,15
2026-01-04 15:00:00,Library,18.69,29.87,5,3,15,6,15
2026-01-04 15:00:00,Hostel A,21.52,27.3,35,8,10,6,15
2026-01-04 16:00:00,Academic Block,24.79,28.76,5,6,20,6,16
2026-01-04 16:00:00,Computer Lab,17.08,26.41,4,5,45,6,16
2026-01-04 16:00:00,Library,13.57,27.23,5,3,15,6,16
2026-01-04 16:00:00,Hostel A,23.43,27.48,35,8,10,6,16
2026-01-04 17:00:00,Academic Block,18.68,25.05,5,6,20,6,17
2026-01-04 17:00:00,Computer Lab,13.9,26.04,4,5,45,6,17
2026-01-04 17:00:00,Library,11.65,24.42,5,3,15,6,17
2026-01-04 17:00:00,Hostel A,17.42,25.87,35,8,10,6,17
2026-01-04 18:00:00,Academic Block,20.95,24.88,12,6,20,6,18
2026-01-04 18:00:00,Computer Lab,13.43,22.26,4,5,45,6,18
2026-01-04 18:00:00,Library,12.82,23.89,5,3,15,6,18
2026-01-04 18:00:00,Hostel A,23.7,25.34,80,8,10,6,18
2026-01-04 19:00:00,Academic Block,17.58,22.34,12,6,20,6,19
2026-01-04 19:00:00,Computer Lab,15.76,24.24,4,5,45,6,19
2026-01-04 19:00:00,Library,10.34,24.36,5,3,15,6,19
2026-01-04 19:00:00,Hostel A,22.79,24.04,80,8,10,6,19
2026-01-04 20:00:00,Academic Block,20.47,23.43,12,6,20,6,20
2026-01-04 20:00:00,Computer Lab,12.3,20.56,4,5,45,6,20
2026-01-04 20:00:00,Library,12.41,23.7,5,3,15,6,20
2026-01-04 20:00:00,Hostel A,19.76,21.28,80,8,10,6,20
2026-01-04 21:00:00,Academic Block,20.66,21.58,12,6,20,6,21
2026-01-04 21:00:00,Computer Lab,16.44,23.62,4,5,45,6,21
2026-01-04 21:00:00,Library,9.29,21.02,5,3,15,6,21
2026-01-04 21:00:00,Hostel A,22.1,21.48,80,8,10,6,21
2026-01-04 22:00:00,Academic Block,21.77,19.45,5,6,20,6,22
2026-01-04 22:00:00,Computer Lab,17.37,22.81,4,5,45,6,22
2026-01-04 22:00:00,Library,11.91,19.56,5,3,15,6,22
2026-01-04 22:00:00,Hostel A,23.21,21.44,80,8,10,6,22
2026-01-04 23:00:00,Academic Block,19.65,21.67,5,6,20,6,23
2026-01-04 23:00:00,Computer Lab,16.63,21.06,4,5,45,6,23
2026-01-04 23:00:00,Library,7.95,20.58,5,3,15,6,23
2026-01-04 23:00:00,Hostel A,18.12,20.27,35,8,10,6,23
2026-01-05 00:00:00,Academic Block,21.22,18.46,5,6,20,0,0
2026-01-05 00:00:00,Computer Lab,17.71,22.07,4,5,45,0,0
2026-01-05 00:00:00,Library,12.65,20.31,5,3,15,0,0
2026-01-05 00:00:00,Hostel A,19.25,20.01,35,8,10,0,0
2026-01-05 01:00:00,Academic Block,19.3,18.86,5,6,20,0,1
2026-01-05 01:00:00,Computer Lab,13.72,20.24,4,5,45,0,1
2026-01-05 01:00:00,Library,10.51,20.11,5,3,15,0,1
2026-01-05 01:00:00,Hostel A,20.29,22.33,35,8,10,0,1
2026-01-05 02:00:00,Academic Block,19.07,20.68,5,6,20,0,2
2026-01-05 02:00:00,Computer Lab,15.37,20.72,4,5,45,0,2
2026-01-05 02:00:00,Library,10.4,19.37,5,3,15,0,2
2026-01-05 02:00:00,Hostel A,17.07,19.77,35,8,10,0,2
2026-01-05 03:00:00,Academic Block,19.29,22.08,5,6,20,0,3
2026-01-05 03:00:00,Computer Lab,15.49,19.32,4,5,45,0,3
2026-01-05 03:00:00,Library,12.21,22.66,5,3,15,0,3
2026-01-05 03:00:00,Hostel A,19.01,22.7,35,8,10,0,3
2026-01-05 04:00:00,Academic Block,17.07,21.49,5,6,20,0,4
2026-01-05 04:00:00,Computer Lab,16.24,22.91,4,5,45,0,4
2026-01-05 04:00:00,Library,12.27,24.04,5,3,15,0,4
2026-01-05 04:00:00,Hostel A,17.08,22.34,35,8,10,0,4
2026-01-05 05:00:00,Academic Block,19.03,23.32,5,6,20,0,5
2026-01-05 05:00:00,Computer Lab,14.8,23.46,4,5,45,0,5
2026-01-05 05:00:00,Library,9.87,24.01,5,3,15,0,5
2026-01-05 05:00:00,Hostel A,19.42,22.95,35,8,10,0,5
2026-01-05 06:00:00,Academic Block,19.07,24.52,5,6,20,0,6
2026-01-05 06:00:00,Computer Lab,13.96,25.33,4,5,45,0,6
2026-01-05 06:00:00,Library,12.78,24.42,5,3,15,0,6
2026-01-05 06:00:00,Hostel A,19.38,23.61,80,8,10,0,6
2026-01-05 07:00:00,Academic Block,18.74,24.06,5,6,20,0,7
2026-01-05 07:00:00,Computer Lab,15.96,26.33,4,5,45,0,7
2026-01-05 07:00:00,Library,9.86,27.75,5,3,15,0,7
2026-01-05 07:00:00,Hostel A,25.97,26.77,80,8,10,0,7
2026-01-05 08:00:00,Academic Block,21.54,26.15,45,6,20,0,8
2026-01-05 08:00:00,Computer Lab,15.16,26.6,4,5,45,0,8
2026-01-05 08:00:00,Library,14.43,27.11,5,3,15,0,8
2026-01-05 08:00:00,Hostel A,34.81,29.7,80,8,10,0,8
2026-01-05 09:00:00,Academic Block,36.73,30.82,45,6,20,0,9
2026-01-05 09:00:00,Computer Lab,31.28,30.64,40,5,45,0,9
2026-01-05 09:00:00,Library,18.32,28.69,25,3,15,0,9
2026-01-05 09:00:00,Hostel A,44.1,32.35,35,8,10,0,9
2026-01-05 10:00:00,Academic Block,29.94,28.48,45,6,20,0,10
2026-01-05 10:00:00,Computer Lab,25.19,28.9,40,5,45,0,10
2026-01-05 10:00:00,Library,22.05,30.42,25,3,15,0,10
2026-01-05 10:00:00,Hostel A,31.56,29.66,35,8,10,0,10
2026-01-05 11:00:00,Academic Block,35.25,30.23,45,6,20,0,11
2026-01-05 11:00:00,Computer Lab,22.54,27.51,40,5,45,0,11
2026-01-05 11:00:00,Library,15.51,28.65,25,3,15,0,11
2026-01-05 11:00:00,Hostel A,32.07,29.76,35,8,10,0,11
2026-01-05 12:00:00,Academic Block,32.13,29.17,45,6,20,0,12
2026-01-05 12:00:00,Computer Lab,23.72,28.39,40,5,45,0,12
2026-01-05 12:00:00,Library,19.19,29.3,25,3,15,0,12
2026-01-05 12:00:00,Hostel A,32.84,30.33,35,8,10,0,12
2026-01-05 13:00:00,Academic Block,36.34,30.7,45,6,20,0,13
2026-01-05 13:00:00,Computer Lab,18.77,27.56,40,5,45,0,13
2026-01-05 13:00:00,Library,20.19,29.81,25,3,15,0,13
2026-01-05 13:00:00,Hostel A,31.67,29.71,35,8,10,0,13
2026-01-05 14:00:00,Academic Block,33.82,29.6,45,6,20,0,14
2026-01-05 14:00:00,Computer Lab,21.33,28.0,40,5,45,0,14
2026-01-05 14:00:00,Library,16.55,28.02,25,3,15,0,14
2026-01-05 14:00:00,Hostel A,35.76,30.82,35,8,10,0,14
2026-01-05 15:00:00,Academic Block,19.34,25.53,45,6,20,0,15
2026-01-05 15:00:00,Computer Lab,20.8,27.54,40,5,45,0,15
2026-01-05 15:00:00,Library,16.24,28.05,25,3,15,0,15
2026-01-05 15:00:00,Hostel A,26.8,28.16,35,8,10,0,15
2026-01-05 16:00:00,Academic Block,21.57,26.69,45,6,20,0,16
2026-01-05 16:00:00,Computer Lab,21.03,28.07,40,5,45,0,16
2026-01-05 16:00:00,Library,16.15,27.97,25,3,15,0,16
2026-01-05 16:00:00,Hostel A,24.09,27.32,35,8,10,0,16
2026-01-05 17:00:00,Academic Block,24.99,25.55,45,6,20,0,17
2026-01-05 17:00:00,Computer Lab,16.67,26.02,40,5,45,0,17
2026-01-05 17:00:00,Library,11.14,26.38,25,3,15,0,17
2026-01-05 17:00:00,Hostel A,19.55,25.39,35,8,10,0,17
2026-01-05 18:00:00,Academic Block,18.33,25.67,12,6,20,0,18
2026-01-05 18:00:00,Computer Lab,17.67,26.18,4,5,45,0,18
2026-01-05 18:00:00,Library,14.03,26.72,25,3,15,0,18
2026-01-05 18:00:00,Hostel A,20.62,26.64,80,8,10,0,18
2026-01-05 19:00:00,Academic Block,17.96,23.32,12,6,20,0,19
2026-01-05 19:00:00,Computer Lab,14.81,23.85,4,5,45,0,19
2026-01-05 19:00:00,Library,15.05,23.51,25,3,15,0,19
2026-01-05 19:00:00,Hostel A,23.17,23.5,80,8,10,0,19
2026-01-05 20:00:00,Academic Block,19.37,22.22,12,6,20,0,20
2026-01-05 20:00:00,Computer Lab,16.34,22.51,4,5,45,0,20
2026-01-05 20:00:00,Library,14.7,23.9,25,3,15,0,20
2026-01-05 20:00:00,Hostel A,23.43,22.87,80,8,10,0,20
2026-01-05 21:00:00,Academic Block,19.13,20.08,12,6,20,0,21
2026-01-05 21:00:00,Computer Lab,16.97,22.59,4,5,45,0,21
2026-01-05 21:00:00,Library,11.95,21.72,5,3,15,0,21
2026-01-05 21:00:00,Hostel A,24.35,22.05,80,8,10,0,21
2026-01-05 22:00:00,Academic Block,18.17,21.02,5,6,20,0,22
2026-01-05 22:00:00,Computer Lab,11.27,21.07,4,5,45,0,22
2026-01-05 22:00:00,Library,5.15,21.13,5,3,15,0,22
2026-01-05 22:00:00,Hostel A,23.23,18.6,80,8,10,0,22
2026-01-05 23:00:00,Academic Block,16.96,20.74,5,6,20,0,23
2026-01-05 23:00:00,Computer Lab,17.73,19.32,4,5,45,0,23
2026-01-05 23:00:00,Library,13.99,19.59,5,3,15,0,23
2026-01-05 23:00:00,Hostel A,19.56,20.17,35,8,10,0,23
2026-01-06 00:00:00,Academic Block,18.9,21.94,5,6,20,1,0
2026-01-06 00:00:00,Computer Lab,15.51,18.8,4,5,45,1,0
2026-01-06 00:00:00,Library,8.58,19.96,5,3,15,1,0
2026-01-06 00:00:00,Hostel A,17.84,19.69,35,8,10,1,0
2026-01-06 01:00:00,Academic Block,18.75,21.28,5,6,20,1,1
2026-01-06 01:00:00,Computer Lab,15.51,19.83,4,5,45,1,1
2026-01-06 01:00:00,Library,11.55,20.44,5,3,15,1,1
2026-01-06 01:00:00,Hostel A,17.39,18.97,35,8,10,1,1
2026-01-06 02:00:00,Academic Block,18.08,22.0,5,6,20,1,2
2026-01-06 02:00:00,Computer Lab,16.34,18.97,4,5,45,1,2
2026-01-06 02:00:00,Library,8.33,21.23,5,3,15,1,2
2026-01-06 02:00:00,Hostel A,20.05,20.95,35,8,10,1,2
2026-01-06 03:00:00,Academic Block,19.65,21.91,5,6,20,1,3
2026-01-06 03:00:00,Computer Lab,16.17,19.78,4,5,45,1,3
2026-01-06 03:00:00,Library,9.9,21.1,5,3,15,1,3
2026-01-06 03:00:00,Hostel A,21.17,22.51,35,8,10,1,3
2026-01-06 04:00:00,Academic Block,20.67,24.65,5,6,20,1,4
2026-01-06 04:00:00,Computer Lab,16.2,22.37,4,5,45,1,4
2026-01-06 04:00:00,Library,10.81,23.42,5,3,15,1,4
2026-01-06 04:00:00,Hostel A,20.19,22.66,35,8,10,1,4
2026-01-06 05:00:00,Academic Block,17.61,23.63,5,6,20,1,5
2026-01-06 05:00:00,Computer Lab,16.62,23.21,4,5,45,1,5
2026-01-06 05:00:00,Library,11.14,23.71,5,3,15,1,5
2026-01-06 05:00:00,Hostel A,18.39,24.51,35,8,10,1,5
2026-01-06 06:00:00,Academic Block,19.27,25.91,5,6,20,1,6
2026-01-06 06:00:00,Computer Lab,17.83,23.52,4,5,45,1,6
2026-01-06 06:00:00,Library,8.14,24.4,5,3,15,1,6
2026-01-06 06:00:00,Hostel A,21.02,23.75,80,8,10,1,6
2026-01-06 07:00:00,Academic Block,18.79,26.36,5,6,20,1,7
2026-01-06 07:00:00,Computer Lab,16.6,25.89,4,5,45,1,7
2026-01-06 07:00:00,Library,12.08,26.7,5,3,15,1,7
2026-01-06 07:00:00,Hostel A,24.57,26.79,80,8,10,1,7
2026-01-06 08:00:00,Academic Block,21.35,24.97,45,6,20,1,8
2026-01-06 08:00:00,Computer Lab,15.72,24.88,4,5,45,1,8
2026-01-06 08:00:00,Library,14.8,27.49,5,3,15,1,8
2026-01-06 08:00:00,Hostel A,32.34,28.93,80,8,10,1,8
2026-01-06 09:00:00,Academic Block,27.3,27.94,45,6,20,1,9
2026-01-06 09:00:00,Computer Lab,22.79,27.9,40,5,45,1,9
2026-01-06 09:00:00,Library,19.45,29.72,25,3,15,1,9
2026-01-06 09:00:00,Hostel A,31.88,29.5,35,8,10,1,9
2026-01-06 10:00:00,Academic Block,28.91,28.18,45,6,20,1,10
2026-01-06 10:00:00,Computer Lab,30.08,30.17,40,5,45,1,10
2026-01-06 10:00:00,Library,15.8,28.42,25,3,15,1,10
2026-01-06 10:00:00,Hostel A,28.24,28.68,35,8,10,1,10
2026-01-06 11:00:00,Academic Block,29.85,28.68,45,6,20,1,11
2026-01-06 11:00:00,Computer Lab,23.86,28.34,40,5,45,1,11
2026-01-06 11:00:00,Library,24.55,29.96,25,3,15,1,11
2026-01-06 11:00:00,Hostel A,27.5,28.18,35,8,10,1,11
2026-01-06 12:00:00,Academic Block,35.05,30.18,45,6,20,1,12
2026-01-06 12:00:00,Computer Lab,30.51,30.14,40,5,45,1,12
2026-01-06 12:00:00,Library,22.7,29.82,25,3,15,1,12
2026-01-06 12:00:00,Hostel A,32.35,29.45,35,8,10,1,12
2026-01-06 13:00:00,Academic Block,30.41,29.06,45,6,20,1,13
2026-01-06 13:00:00,Computer Lab,25.49,28.54,40,5,45,1,13
2026-01-06 13:00:00,Library,24.69,31.56,25,3,15,1,13
2026-01-06 13:00:00,Hostel A,29.57,29.59,35,8,10,1,13
2026-01-06 14:00:00,Academic Block,28.1,29.05,45,6,20,1,14
2026-01-06 14:00:00,Computer Lab,24.18,28.23,40,5,45,1,14
2026-01-06 14:00:00,Library,27.43,30.91,25,3,15,1,14
2026-01-06 14:00:00,Hostel A,29.33,28.63,35,8,10,1,14
2026-01-06 15:00:00,Academic Block,29.47,28.83,45,6,20,1,15
2026-01-06 15:00:00,Computer Lab,26.52,29.05,40,5,45,1,15
2026-01-06 15:00:00,Library,17.1,28.67,25,3,15,1,15
2026-01-06 15:00:00,Hostel A,17.84,26.86,35,8,10,1,15
2026-01-06 16:00:00,Academic Block,27.38,28.28,45,6,20,1,16
2026-01-06 16:00:00,Computer Lab,19.66,26.78,40,5,45,1,16
2026-01-06 16:00:00,Library,17.46,28.45,25,3,15,1,16
2026-01-06 16:00:00,Hostel A,21.79,26.71,35,8,10,1,16
2026-01-06 17:00:00,Academic Block,28.2,28.19,45,6,20,1,17
2026-01-06 17:00:00,Computer Lab,23.27,27.46,40,5,45,1,17
2026-01-06 17:00:00,Library,16.14,27.65,25,3,15,1,17
2026-01-06 17:00:00,Hostel A,21.18,27.01,35,8,10,1,17
2026-01-06 18:00:00,Academic Block,20.31,23.68,12,6,20,1,18
2026-01-06 18:00:00,Computer Lab,14.48,23.37,4,5,45,1,18
2026-01-06 18:00:00,Library,14.28,26.56,25,3,15,1,18
2026-01-06 18:00:00,Hostel A,23.24,26.78,80,8,10,1,18
2026-01-06 19:00:00,Academic Block,18.9,22.32,12,6,20,1,19
2026-01-06 19:00:00,Computer Lab,15.79,23.83,4,5,45,1,19
2026-01-06 19:00:00,Library,11.68,25.07,25,3,15,1,19
2026-01-06 19:00:00,Hostel A,21.07,24.13,80,8,10,1,19
2026-01-06 20:00:00,Academic Block,19.26,23.04,12,6,20,1,20
2026-01-06 20:00:00,Computer Lab,15.32,21.6,4,5,45,1,20
2026-01-06 20:00:00,Library,11.82,22.28,25,3,15,1,20
2026-01-06 20:00:00,Hostel A,22.4,24.63,80,8,10,1,20
2026-01-06 21:00:00,Academic Block,16.11,21.17,12,6,20,1,21
2026-01-06 21:00:00,Computer Lab,15.28,20.39,4,5,45,1,21
2026-01-06 21:00:00,Library,12.7,20.64,5,3,15,1,21
2026-01-06 21:00:00,Hostel A,24.48,21.27,80,8,10,1,21
2026-01-06 22:00:00,Academic Block,18.76,20.74,5,6,20,1,22
2026-01-06 22:00:00,Computer Lab,15.68,20.56,4,5,45,1,22
2026-01-06 22:00:00,Library,7.15,22.73,5,3,15,1,22
2026-01-06 22:00:00,Hostel A,21.74,18.27,80,8,10,1,22
2026-01-06 23:00:00,Academic Block,19.74,20.19,5,6,20,1,23
2026-01-06 23:00:00,Computer Lab,15.09,20.74,4,5,45,1,23
2026-01-06 23:00:00,Library,12.17,21.39,5,3,15,1,23
2026-01-06 23:00:00,Hostel A,20.39,20.39,35,8,10,1,23
2026-01-07 00:00:00,Academic Block,17.86,20.33,5,6,20,2,0
2026-01-07 00:00:00,Computer Lab,15.84,20.84,4,5,45,2,0
2026-01-07 00:00:00,Library,12.83,20.0,5,3,15,2,0
2026-01-07 00:00:00,Hostel A,16.82,17.06,35,8,10,2,0
2026-01-07 01:00:00,Academic Block,18.16,18.75,5,6,20,2,1
2026-01-07 01:00:00,Computer Lab,13.41,19.86,4,5,45,2,1
2026-01-07 01:00:00,Library,9.33,18.99,5,3,15,2,1
2026-01-07 01:00:00,Hostel A,21.65,23.12,35,8,10,2,1
2026-01-07 02:00:00,Academic Block,18.15,20.18,5,6,20,2,2
2026-01-07 02:00:00,Computer Lab,12.81,19.29,4,5,45,2,2
2026-01-07 02:00:00,Library,9.13,20.53,5,3,15,2,2
2026-01-07 02:00:00,Hostel A,16.55,20.57,35,8,10,2,2
2026-01-07 03:00:00,Academic Block,18.92,20.55,5,6,20,2,3
2026-01-07 03:00:00,Computer Lab,16.3,21.9,4,5,45,2,3
2026-01-07 03:00:00,Library,11.91,19.88,5,3,15,2,3
2026-01-07 03:00:00,Hostel A,19.9,20.5,35,8,10,2,3
2026-01-07 04:00:00,Academic Block,16.64,22.49,5,6,20,2,4
2026-01-07 04:00:00,Computer Lab,16.22,22.12,4,5,45,2,4
2026-01-07 04:00:00,Library,10.41,23.24,5,3,15,2,4
2026-01-07 04:00:00,Hostel A,20.46,24.34,35,8,10,2,4
2026-01-07 05:00:00,Academic Block,19.83,23.4,5,6,20,2,5
2026-01-07 05:00:00,Computer Lab,18.65,26.03,4,5,45,2,5
2026-01-07 05:00:00,Library,9.24,22.23,5,3,15,2,5
2026-01-07 05:00:00,Hostel A,17.36,25.49,35,8,10,2,5
2026-01-07 06:00:00,Academic Block,17.97,23.41,5,6,20,2,6
2026-01-07 06:00:00,Computer Lab,15.52,25.5,4,5,45,2,6
2026-01-07 06:00:00,Library,9.61,24.22,5,3,15,2,6
2026-01-07 06:00:00,Hostel A,21.23,24.15,80,8,10,2,6
2026-01-07 07:00:00,Academic Block,27.66,29.03,5,6,20,2,7
2026-01-07 07:00:00,Computer Lab,17.46,27.36,4,5,45,2,7
2026-01-07 07:00:00,Library,9.65,26.07,5,3,15,2,7
2026-01-07 07:00:00,Hostel A,20.48,23.11,80,8,10,2,7
2026-01-07 08:00:00,Academic Block,18.53,25.33,45,6,20,2,8
2026-01-07 08:00:00,Computer Lab,17.75,26.07,4,5,45,2,8
2026-01-07 08:00:00,Library,15.06,27.45,5,3,15,2,8
2026-01-07 08:00:00,Hostel A,29.3,27.99,80,8,10,2,8
2026-01-07 09:00:00,Academic Block,25.68,27.45,45,6,20,2,9
2026-01-07 09:00:00,Computer Lab,26.68,29.41,40,5,45,2,9
2026-01-07 09:00:00,Library,19.88,29.21,25,3,15,2,9
2026-01-07 09:00:00,Hostel A,22.35,27.88,35,8,10,2,9
2026-01-07 10:00:00,Academic Block,26.61,27.91,45,6,20,2,10
2026-01-07 10:00:00,Computer Lab,27.34,29.72,40,5,45,2,10
2026-01-07 10:00:00,Library,20.27,29.36,25,3,15,2,10
2026-01-07 10:00:00,Hostel A,35.58,30.07,35,8,10,2,10
2026-01-07 11:00:00,Academic Block,37.07,31.36,45,6,20,2,11
2026-01-07 11:00:00,Computer Lab,34.43,31.85,40,5,45,2,11
2026-01-07 11:00:00,Library,23.73,31.08,25,3,15,2,11
2026-01-07 11:00:00,Hostel A,27.45,29.34,35,8,10,2,11
2026-01-07 12:00:00,Academic Block,30.74,29.79,45,6,20,2,12
2026-01-07 12:00:00,Computer Lab,35.33,31.16,40,5,45,2,12
2026-01-07 12:00:00,Library,19.09,29.04,25,3,15,2,12
2026-01-07 12:00:00,Hostel A,28.35,29.13,35,8,10,2,12
2026-01-07 13:00:00,Academic Block,36.4,30.76,45,6,20,2,13
2026-01-07 13:00:00,Computer Lab,34.72,31.92,40,5,45,2,13
2026-01-07 13:00:00,Library,23.64,31.03,25,3,15,2,13
2026-01-07 13:00:00,Hostel A,35.57,30.78,35,8,10,2,13
2026-01-07 14:00:00,Academic Block,31.07,29.27,45,6,20,2,14
2026-01-07 14:00:00,Computer Lab,25.12,28.33,40,5,45,2,14
2026-01-07 14:00:00,Library,22.14,30.11,25,3,15,2,14
2026-01-07 14:00:00,Hostel A,40.06,31.17,35,8,10,2,14
2026-01-07 15:00:00,Academic Block,27.66,28.09,45,6,20,2,15
2026-01-07 15:00:00,Computer Lab,22.46,27.79,40,5,45,2,15
2026-01-07 15:00:00,Library,18.05,27.82,25,3,15,2,15
2026-01-07 15:00:00,Hostel A,28.31,28.97,35,8,10,2,15
2026-01-07 16:00:00,Academic Block,26.81,28.93,45,6,20,2,16
2026-01-07 16:00:00,Computer Lab,19.74,25.08,40,5,45,2,16
2026-01-07 16:00:00,Library,15.4,27.57,25,3,15,2,16
2026-01-07 16:00:00,Hostel A,18.92,25.91,35,8,10,2,16
2026-01-07 17:00:00,Academic Block,30.48,28.7,45,6,20,2,17
2026-01-07 17:00:00,Computer Lab,18.59,26.5,40,5,45,2,17
2026-01-07 17:00:00,Library,9.03,25.82,25,3,15,2,17
2026-01-07 17:00:00,Hostel A,21.06,26.6,35,8,10,2,17
2026-01-07 18:00:00,Academic Block,18.27,23.11,12,6,20,2,18
2026-01-07 18:00:00,Computer Lab,14.22,23.61,4,5,45,2,18
2026-01-07 18:00:00,Library,9.1,25.06,25,3,15,2,18
2026-01-07 18:00:00,Hostel A,23.68,25.74,80,8,10,2,18
2026-01-07 19:00:00,Academic Block,15.54,23.4,12,6,20,2,19
2026-01-07 19:00:00,Computer Lab,17.52,22.51,4,5,45,2,19
2026-01-07 19:00:00,Library,11.7,20.37,25,3,15,2,19
2026-01-07 19:00:00,Hostel A,23.76,22.29,80,8,10,2,19
2026-01-07 20:00:00,Academic Block,19.87,21.69,12,6,20,2,20
2026-01-07 20:00:00,Computer Lab,18.42,23.18,4,5,45,2,20
2026-01-07 20:00:00,Library,12.79,22.26,25,3,15,2,20
2026-01-07 20:00:00,Hostel A,24.34,20.72,80,8,10,2,20
2026-01-07 21:00:00,Academic Block,18.42,20.55,12,6,20,2,21
2026-01-07 21:00:00,Computer Lab,13.33,21.44,4,5,45,2,21
2026-01-07 21:00:00,Library,12.08,21.74,5,3,15,2,21
2026-01-07 21:00:00,Hostel A,20.17,21.82,80,8,10,2,21
2026-01-07 22:00:00,Academic Block,19.81,20.52,5,6,20,2,22
2026-01-07 22:00:00,Computer Lab,14.06,18.42,4,5,45,2,22
2026-01-07 22:00:00,Library,11.03,21.72,5,3,15,2,22
2026-01-07 22:00:00,Hostel A,25.34,21.16,80,8,10,2,22
2026-01-07 23:00:00,Academic Block,19.69,20.73,5,6,20,2,23
2026-01-07 23:00:00,Computer Lab,15.35,23.42,4,5,45,2,23
2026-01-07 23:00:00,Library,11.27,19.21,5,3,15,2,23
2026-01-07 23:00:00,Hostel A,18.16,20.7,35,8,10,2,23
2026-01-08 00:00:00,Academic Block,22.16,18.76,5,6,20,3,0
2026-01-08 00:00:00,Computer Lab,14.57,20.39,4,5,45,3,0
2026-01-08 00:00:00,Library,10.46,21.1,5,3,15,3,0
2026-01-08 00:00:00,Hostel A,19.79,19.7,35,8,10,3,0
2026-01-08 01:00:00,Academic Block,19.23,18.62,5,6,20,3,1
2026-01-08 01:00:00,Computer Lab,16.37,22.47,4,5,45,3,1
2026-01-08 01:00:00,Library,9.86,19.72,5,3,15,3,1
2026-01-08 01:00:00,Hostel A,18.57,19.68,35,8,10,3,1
2026-01-08 02:00:00,Academic Block,20.07,20.22,5,6,20,3,2
2026-01-08 02:00:00,Computer Lab,16.96,18.59,4,5,45,3,2
2026-01-08 02:00:00,Library,11.19,20.21,5,3,15,3,2
2026-01-08 02:00:00,Hostel A,20.94,19.32,35,8,10,3,2
2026-01-08 03:00:00,Academic Block,20.14,22.96,5,6,20,3,3
2026-01-08 03:00:00,Computer Lab,16.91,19.65,4,5,45,3,3
2026-01-08 03:00:00,Library,8.22,21.95,5,3,15,3,3
2026-01-08 03:00:00,Hostel A,19.5,21.44,35,8,10,3,3
2026-01-08 04:00:00,Academic Block,18.97,23.17,5,6,20,3,4
2026-01-08 04:00:00,Computer Lab,17.88,22.85,4,5,45,3,4
2026-01-08 04:00:00,Library,6.32,23.97,5,3,15,3,4
2026-01-08 04:00:00,Hostel A,18.7,22.12,35,8,10,3,4
2026-01-08 05:00:00,Academic Block,18.84,21.6,5,6,20,3,5
2026-01-08 05:00:00,Computer Lab,14.04,25.2,4,5,45,3,5
2026-01-08 05:00:00,Library,9.25,24.11,5,3,15,3,5
2026-01-08 05:00:00,Hostel A,21.17,22.9,35,8,10,3,5
2026-01-08 06:00:00,Academic Block,19.39,24.35,5,6,20,3,6
2026-01-08 06:00:00,Computer Lab,18.46,22.75,4,5,45,3,6
2026-01-08 06:00:00,Library,10.35,25.72,5,3,15,3,6
2026-01-08 06:00:00,Hostel A,20.44,25.69,80,8,10,3,6
2026-01-08 07:00:00,Academic Block,22.11,27.71,5,6,20,3,7
2026-01-08 07:00:00,Computer Lab,15.0,26.05,4,5,45,3,7
2026-01-08 07:00:00,Library,11.67,25.6,5,3,15,3,7
2026-01-08 07:00:00,Hostel A,24.37,26.6,80,8,10,3,7
2026-01-08 08:00:00,Academic Block,25.78,27.49,45,6,20,3,8
2026-01-08 08:00:00,Computer Lab,20.41,27.0,4,5,45,3,8
2026-01-08 08:00:00,Library,12.52,25.62,5,3,15,3,8
2026-01-08 08:00:00,Hostel A,31.67,29.14,80,8,10,3,8
2026-01-08 09:00:00,Academic Block,39.53,31.21,45,6,20,3,9
2026-01-08 09:00:00,Computer Lab,28.5,29.7,40,5,45,3,9
2026-01-08 09:00:00,Library,16.43,28.27,25,3,15,3,9
2026-01-08 09:00:00,Hostel A,30.87,29.0,35,8,10,3,9
2026-01-08 10:00:00,Academic Block,30.85,29.55,45,6,20,3,10
2026-01-08 10:00:00,Computer Lab,31.79,30.32,40,5,45,3,10
2026-01-08 10:00:00,Library,22.38,30.12,25,3,15,3,10
2026-01-08 10:00:00,Hostel A,27.38,29.01,35,8,10,3,10
2026-01-08 11:00:00,Academic Block,27.1,28.79,45,6,20,3,11
2026-01-08 11:00:00,Computer Lab,29.63,30.11,40,5,45,3,11
2026-01-08 11:00:00,Library,14.83,29.3,25,3,15,3,11
2026-01-08 11:00:00,Hostel A,27.63,28.33,35,8,10,3,11
2026-01-08 12:00:00,Academic Block,31.55,29.2,45,6,20,3,12
2026-01-08 12:00:00,Computer Lab,26.3,28.33,40,5,45,3,12
2026-01-08 12:00:00,Library,20.99,29.83,25,3,15,3,12
2026-01-08 12:00:00,Hostel A,46.95,32.79,35,8,10,3,12
2026-01-08 13:00:00,Academic Block,31.03,29.46,45,6,20,3,13
2026-01-08 13:00:00,Computer Lab,28.4,29.44,40,5,45,3,13
2026-01-08 13:00:00,Library,19.66,29.7,25,3,15,3,13
2026-01-08 13:00:00,Hostel A,39.46,31.59,35,8,10,3,13
2026-01-08 14:00:00,Academic Block,41.25,32.09,45,6,20,3,14
2026-01-08 14:00:00,Computer Lab,34.57,31.47,40,5,45,3,14
2026-01-08 14:00:00,Library,21.08,30.49,25,3,15,3,14
2026-01-08 14:00:00,Hostel A,26.52,28.31,35,8,10,3,14
2026-01-08 15:00:00,Academic Block,32.89,29.72,45,6,20,3,15
2026-01-08 15:00:00,Computer Lab,17.9,26.99,40,5,45,3,15
2026-01-08 15:00:00,Library,10.73,26.82,25,3,15,3,15
2026-01-08 15:00:00,Hostel A,29.04,28.67,35,8,10,3,15
2026-01-08 16:00:00,Academic Block,21.6,27.48,45,6,20,3,16
2026-01-08 16:00:00,Computer Lab,20.56,27.27,40,5,45,3,16
2026-01-08 16:00:00,Library,18.83,30.02,25,3,15,3,16
2026-01-08 16:00:00,Hostel A,23.04,27.03,35,8,10,3,16
2026-01-08 17:00:00,Academic Block,23.91,26.83,45,6,20,3,17
2026-01-08 17:00:00,Computer Lab,19.65,26.43,40,5,45,3,17
2026-01-08 17:00:00,Library,12.97,27.23,25,3,15,3,17
2026-01-08 17:00:00,Hostel A,19.75,27.35,35,8,10,3,17
2026-01-08 18:00:00,Academic Block,19.53,25.39,12,6,20,3,18
2026-01-08 18:00:00,Computer Lab,15.64,24.26,4,5,45,3,18
2026-01-08 18:00:00,Library,10.62,24.25,25,3,15,3,18
2026-01-08 18:00:00,Hostel A,20.89,24.58,80,8,10,3,18
2026-01-08 19:00:00,Academic Block,17.53,24.09,12,6,20,3,19
2026-01-08 19:00:00,Computer Lab,13.9,24.56,4,5,45,3,19
2026-01-08 19:00:00,Library,11.29,23.03,25,3,15,3,19
2026-01-08 19:00:00,Hostel A,23.05,25.3,80,8,10,3,19
2026-01-08 20:00:00,Academic Block,20.01,22.25,12,6,20,3,20
2026-01-08 20:00:00,Computer Lab,15.61,19.97,4,5,45,3,20
2026-01-08 20:00:00,Library,12.42,24.9,25,3,15,3,20
2026-01-08 20:00:00,Hostel A,23.37,22.58,80,8,10,3,20
2026-01-08 21:00:00,Academic Block,16.26,22.54,12,6,20,3,21
2026-01-08 21:00:00,Computer Lab,15.99,19.45,4,5,45,3,21
2026-01-08 21:00:00,Library,12.59,20.61,5,3,15,3,21
2026-01-08 21:00:00,Hostel A,19.65,21.09,80,8,10,3,21
2026-01-08 22:00:00,Academic Block,14.58,19.15,5,6,20,3,22
2026-01-08 22:00:00,Computer Lab,15.39,20.39,4,5,45,3,22
2026-01-08 22:00:00,Library,12.24,20.16,5,3,15,3,22
2026-01-08 22:00:00,Hostel A,22.29,22.11,80,8,10,3,22
2026-01-08 23:00:00,Academic Block,19.63,17.61,5,6,20,3,23
2026-01-08 23:00:00,Computer Lab,16.13,20.84,4,5,45,3,23
2026-01-08 23:00:00,Library,8.88,21.35,5,3,15,3,23
2026-01-08 23:00:00,Hostel A,17.51,22.58,35,8,10,3,23
2026-01-09 00:00:00,Academic Block,16.17,20.9,5,6,20,4,0
2026-01-09 00:00:00,Computer Lab,17.94,18.88,4,5,45,4,0
2026-01-09 00:00:00,Library,11.88,19.69,5,3,15,4,0
2026-01-09 00:00:00,Hostel A,18.79,20.28,35,8,10,4,0
2026-01-09 01:00:00,Academic Block,18.35,21.81,5,6,20,4,1
2026-01-09 01:00:00,Computer Lab,14.47,18.03,4,5,45,4,1
2026-01-09 01:00:00,Library,11.22,20.83,5,3,15,4,1
2026-01-09 01:00:00,Hostel A,17.86,18.29,35,8,10,4,1
2026-01-09 02:00:00,Academic Block,18.15,19.97,5,6,20,4,2
2026-01-09 02:00:00,Computer Lab,14.73,19.02,4,5,45,4,2
2026-01-09 02:00:00,Library,11.78,19.8,5,3,15,4,2
2026-01-09 02:00:00,Hostel A,18.73,21.64,35,8,10,4,2
2026-01-09 03:00:00,Academic Block,18.91,20.99,5,6,20,4,3
2026-01-09 03:00:00,Computer Lab,13.95,20.48,4,5,45,4,3
2026-01-09 03:00:00,Library,9.67,20.34,5,3,15,4,3
2026-01-09 03:00:00,Hostel A,19.19,20.07,35,8,10,4,3
2026-01-09 04:00:00,Academic Block,16.32,23.38,5,6,20,4,4
2026-01-09 04:00:00,Computer Lab,15.34,22.53,4,5,45,4,4
2026-01-09 04:00:00,Library,10.61,22.91,5,3,15,4,4
2026-01-09 04:00:00,Hostel A,17.06,20.76,35,8,10,4,4
2026-01-09 05:00:00,Academic Block,20.24,23.74,5,6,20,4,5
2026-01-09 05:00:00,Computer Lab,16.19,21.05,4,5,45,4,5
2026-01-09 05:00:00,Library,10.4,25.13,5,3,15,4,5
2026-01-09 05:00:00,Hostel A,17.9,24.37,35,8,10,4,5
2026-01-09 06:00:00,Academic Block,16.27,24.86,5,6,20,4,6
2026-01-09 06:00:00,Computer Lab,17.08,22.19,4,5,45,4,6
2026-01-09 06:00:00,Library,9.94,23.82,5,3,15,4,6
2026-01-09 06:00:00,Hostel A,20.44,23.34,80,8,10,4,6
2026-01-09 07:00:00,Academic Block,17.73,26.09,5,6,20,4,7
2026-01-09 07:00:00,Computer Lab,17.4,26.75,4,5,45,4,7
2026-01-09 07:00:00,Library,11.93,26.68,5,3,15,4,7
2026-01-09 07:00:00,Hostel A,27.34,28.19,80,8,10,4,7
2026-01-09 08:00:00,Academic Block,26.52,27.43,45,6,20,4,8
2026-01-09 08:00:00,Computer Lab,21.29,29.02,4,5,45,4,8
2026-01-09 08:00:00,Library,14.37,27.13,5,3,15,4,8
2026-01-09 08:00:00,Hostel A,28.9,28.11,80,8,10,4,8
2026-01-09 09:00:00,Academic Block,27.18,28.27,45,6,20,4,9
2026-01-09 09:00:00,Computer Lab,25.5,28.88,40,5,45,4,9
2026-01-09 09:00:00,Library,17.38,28.48,25,3,15,4,9
2026-01-09 09:00:00,Hostel A,24.18,27.72,35,8,10,4,9
2026-01-09 10:00:00,Academic Block,41.03,32.83,45,6,20,4,10
2026-01-09 10:00:00,Computer Lab,27.37,29.72,40,5,45,4,10
2026-01-09 10:00:00,Library,21.1,30.02,25,3,15,4,10
2026-01-09 10:00:00,Hostel A,35.74,30.24,35,8,10,4,10
2026-01-09 11:00:00,Academic Block,35.71,30.06,45,6,20,4,11
2026-01-09 11:00:00,Computer Lab,22.39,27.02,40,5,45,4,11
2026-01-09 11:00:00,Library,23.28,30.28,25,3,15,4,11
2026-01-09 11:00:00,Hostel A,24.84,28.37,35,8,10,4,11
2026-01-09 12:00:00,Academic Block,34.39,30.18,45,6,20,4,12
2026-01-09 12:00:00,Computer Lab,32.1,30.34,40,5,45,4,12
2026-01-09 12:00:00,Library,17.25,27.88,25,3,15,4,12
2026-01-09 12:00:00,Hostel A,32.69,30.01,35,8,10,4,12
2026-01-09 13:00:00,Academic Block,27.78,28.06,45,6,20,4,13
2026-01-09 13:00:00,Computer Lab,20.83,26.93,40,5,45,4,13
2026-01-09 13:00:00,Library,16.25,28.04,25,3,15,4,13
2026-01-09 13:00:00,Hostel A,33.39,29.69,35,8,10,4,13
2026-01-09 14:00:00,Academic Block,29.66,29.12,45,6,20,4,14
2026-01-09 14:00:00,Computer Lab,27.28,28.72,40,5,45,4,14
2026-01-09 14:00:00,Library,20.33,29.97,25,3,15,4,14
2026-01-09 14:00:00,Hostel A,26.59,29.05,35,8,10,4,14
2026-01-09 15:00:00,Academic Block,27.67,29.0,45,6,20,4,15
2026-01-09 15:00:00,Computer Lab,27.82,29.44,40,5,45,4,15
2026-01-09 15:00:00,Library,22.75,31.4,25,3,15,4,15
2026-01-09 15:00:00,Hostel A,28.98,28.41,35,8,10,4,15
2026-01-09 16:00:00,Academic Block,29.01,28.93,45,6,20,4,16
2026-01-09 16:00:00,Computer Lab,22.37,27.77,40,5,45,4,16
2026-01-09 16:00:00,Library,14.63,27.84,25,3,15,4,16
2026-01-09 16:00:00,Hostel A,19.6,27.39,35,8,10,4,16
2026-01-09 17:00:00,Academic Block,23.21,26.46,45,6,20,4,17
2026-01-09 17:00:00,Computer Lab,16.16,26.02,40,5,45,4,17
2026-01-09 17:00:00,Library,15.35,27.48,25,3,15,4,17
2026-01-09 17:00:00,Hostel A,18.53,25.42,35,8,10,4,17
2026-01-09 18:00:00,Academic Block,17.72,23.2,12,6,20,4,18
2026-01-09 18:00:00,Computer Lab,17.51,24.35,4,5,45,4,18
2026-01-09 18:00:00,Library,13.19,24.23,25,3,15,4,18
2026-01-09 18:00:00,Hostel A,22.92,24.35,80,8,10,4,18
2026-01-09 19:00:00,Academic Block,20.57,23.54,12,6,20,4,19
2026-01-09 19:00:00,Computer Lab,13.31,23.06,4,5,45,4,19
2026-01-09 19:00:00,Library,11.43,22.05,25,3,15,4,19
2026-01-09 19:00:00,Hostel A,23.17,22.21,80,8,10,4,19
2026-01-09 20:00:00,Academic Block,22.82,21.94,12,6,20,4,20
2026-01-09 20:00:00,Computer Lab,15.98,20.41,4,5,45,4,20
2026-01-09 20:00:00,Library,11.48,21.15,25,3,15,4,20
2026-01-09 20:00:00,Hostel A,19.06,22.67,80,8,10,4,20
2026-01-09 21:00:00,Academic Block,22.11,21.75,12,6,20,4,21
2026-01-09 21:00:00,Computer Lab,16.06,20.92,4,5,45,4,21
2026-01-09 21:00:00,Library,10.38,22.69,5,3,15,4,21
2026-01-09 21:00:00,Hostel A,19.14,20.77,80,8,10,4,21
2026-01-09 22:00:00,Academic Block,18.53,21.44,5,6,20,4,22
2026-01-09 22:00:00,Computer Lab,15.86,19.45,4,5,45,4,22
2026-01-09 22:00:00,Library,9.83,19.97,5,3,15,4,22
2026-01-09 22:00:00,Hostel A,20.54,21.4,80,8,10,4,22
2026-01-09 23:00:00,Academic Block,16.6,21.43,5,6,20,4,23
2026-01-09 23:00:00,Computer Lab,18.55,19.38,4,5,45,4,23
2026-01-09 23:00:00,Library,10.77,21.52,5,3,15,4,23
2026-01-09 23:00:00,Hostel A,18.16,19.04,35,8,10,4,23
2026-01-10 00:00:00,Academic Block,18.76,20.09,5,6,20,5,0
2026-01-10 00:00:00,Computer Lab,15.62,19.89,4,5,45,5,0
2026-01-10 00:00:00,Library,8.46,19.74,5,3,15,5,0
2026-01-10 00:00:00,Hostel A,20.32,19.38,35,8,10,5,0
2026-01-10 01:00:00,Academic Block,18.42,18.53,5,6,20,5,1
2026-01-10 01:00:00,Computer Lab,15.84,19.19,4,5,45,5,1
2026-01-10 01:00:00,Library,12.84,19.7,5,3,15,5,1
2026-01-10 01:00:00,Hostel A,16.98,20.78,35,8,10,5,1
2026-01-10 02:00:00,Academic Block,17.54,21.48,5,6,20,5,2
2026-01-10 02:00:00,Computer Lab,16.14,19.98,4,5,45,5,2
2026-01-10 02:00:00,Library,11.96,20.08,5,3,15,5,2
2026-01-10 02:00:00,Hostel A,18.02,19.74,35,8,10,5,2
2026-01-10 03:00:00,Academic Block,17.85,20.68,5,6,20,5,3
2026-01-10 03:00:00,Computer Lab,16.61,22.78,4,5,45,5,3
2026-01-10 03:00:00,Library,14.03,23.52,5,3,15,5,3
2026-01-10 03:00:00,Hostel A,19.06,20.23,35,8,10,5,3
2026-01-10 04:00:00,Academic Block,17.53,21.09,5,6,20,5,4
2026-01-10 04:00:00,Computer Lab,14.08,21.74,4,5,45,5,4
2026-01-10 04:00:00,Library,10.41,21.24,5,3,15,5,4
2026-01-10 04:00:00,Hostel A,20.21,21.04,35,8,10,5,4
2026-01-10 05:00:00,Academic Block,22.91,22.6,5,6,20,5,5
2026-01-10 05:00:00,Computer Lab,15.78,23.16,4,5,45,5,5
2026-01-10 05:00:00,Library,13.18,22.15,5,3,15,5,5
2026-01-10 05:00:00,Hostel A,19.4,25.05,35,8,10,5,5
2026-01-10 06:00:00,Academic Block,19.02,23.38,5,6,20,5,6
2026-01-10 06:00:00,Computer Lab,17.86,23.65,4,5,45,5,6
2026-01-10 06:00:00,Library,10.77,25.97,5,3,15,5,6
2026-01-10 06:00:00,Hostel A,21.07,22.08,80,8,10,5,6
2026-01-10 07:00:00,Academic Block,22.34,27.12,5,6,20,5,7
2026-01-10 07:00:00,Computer Lab,16.65,27.63,4,5,45,5,7
2026-01-10 07:00:00,Library,13.07,26.66,5,3,15,5,7
2026-01-10 07:00:00,Hostel A,22.54,24.3,80,8,10,5,7
2026-01-10 08:00:00,Academic Block,22.55,27.83,5,6,20,5,8
2026-01-10 08:00:00,Computer Lab,15.18,25.28,4,5,45,5,8
2026-01-10 08:00:00,Library,12.07,27.11,5,3,15,5,8
2026-01-10 08:00:00,Hostel A,23.04,26.82,80,8,10,5,8
2026-01-10 09:00:00,Academic Block,25.97,28.49,5,6,20,5,9
2026-01-10 09:00:00,Computer Lab,20.14,28.17,4,5,45,5,9
2026-01-10 09:00:00,Library,14.78,28.65,25,3,15,5,9
2026-01-10 09:00:00,Hostel A,29.2,29.11,35,8,10,5,9
2026-01-10 10:00:00,Academic Block,29.86,29.38,5,6,20,5,10
2026-01-10 10:00:00,Computer Lab,14.09,26.99,4,5,45,5,10
2026-01-10 10:00:00,Library,20.13,29.66,25,3,15,5,10
2026-01-10 10:00:00,Hostel A,30.3,29.53,35,8,10,5,10
2026-01-10 11:00:00,Academic Block,34.19,30.63,5,6,20,5,11
2026-01-10 11:00:00,Computer Lab,27.42,30.41,4,5,45,5,11
2026-01-10 11:00:00,Library,15.51,27.3,25,3,15,5,11
2026-01-10 11:00:00,Hostel A,39.36,31.3,35,8,10,5,11
2026-01-10 12:00:00,Academic Block,27.92,28.94,5,6,20,5,12
2026-01-10 12:00:00,Computer Lab,32.11,31.03,4,5,45,5,12
2026-01-10 12:00:00,Library,18.06,28.95,25,3,15,5,12
2026-01-10 12:00:00,Hostel A,36.8,30.9,35,8,10,5,12
2026-01-10 13:00:00,Academic Block,25.93,28.49,5,6,20,5,13
2026-01-10 13:00:00,Computer Lab,28.3,30.52,4,5,45,5,13
2026-01-10 13:00:00,Library,20.82,30.09,25,3,15,5,13
2026-01-10 13:00:00,Hostel A,38.33,31.6,35,8,10,5,13
2026-01-10 14:00:00,Academic Block,25.81,28.63,5,6,20,5,14
2026-01-10 14:00:00,Computer Lab,25.49,30.38,4,5,45,5,14
2026-01-10 14:00:00,Library,12.42,27.76,25,3,15,5,14
2026-01-10 14:00:00,Hostel A,28.62,29.37,35,8,10,5,14
2026-01-10 15:00:00,Academic Block,24.85,28.07,5,6,20,5,15
2026-01-10 15:00:00,Computer Lab,19.83,27.77,4,5,45,5,15
2026-01-10 15:00:00,Library,17.52,28.18,25,3,15,5,15
2026-01-10 15:00:00,Hostel A,28.16,29.11,35,8,10,5,15
2026-01-10 16:00:00,Academic Block,22.71,27.3,5,6,20,5,16
2026-01-10 16:00:00,Computer Lab,18.04,27.97,4,5,45,5,16
2026-01-10 16:00:00,Library,15.15,28.29,25,3,15,5,16
2026-01-10 16:00:00,Hostel A,31.11,29.2,35,8,10,5,16
2026-01-10 17:00:00,Academic Block,19.83,26.64,5,6,20,5,17
2026-01-10 17:00:00,Computer Lab,16.75,26.04,4,5,45,5,17
2026-01-10 17:00:00,Library,12.58,25.85,25,3,15,5,17
2026-01-10 17:00:00,Hostel A,20.94,27.34,35,8,10,5,17
2026-01-10 18:00:00,Academic Block,17.47,24.26,12,6,20,5,18
2026-01-10 18:00:00,Computer Lab,12.93,23.72,4,5,45,5,18
2026-01-10 18:00:00,Library,14.94,25.88,25,3,15,5,18
2026-01-10 18:00:00,Hostel A,21.11,26.71,80,8,10,5,18
2026-01-10 19:00:00,Academic Block,21.39,24.58,12,6,20,5,19
2026-01-10 19:00:00,Computer Lab,15.82,23.16,4,5,45,5,19
2026-01-10 19:00:00,Library,12.63,21.3,25,3,15,5,19
2026-01-10 19:00:00,Hostel A,22.85,22.43,80,8,10,5,19
2026-01-10 20:00:00,Academic Block,20.07,20.63,12,6,20,5,20
2026-01-10 20:00:00,Computer Lab,14.5,23.73,4,5,45,5,20
2026-01-10 20:00:00,Library,8.99,21.14,25,3,15,5,20
2026-01-10 20:00:00,Hostel A,21.68,22.18,80,8,10,5,20
2026-01-10 21:00:00,Academic Block,19.94,19.6,12,6,20,5,21
2026-01-10 21:00:00,Computer Lab,14.06,20.92,4,5,45,5,21
2026-01-10 21:00:00,Library,12.23,20.8,5,3,15,5,21
2026-01-10 21:00:00,Hostel A,22.35,22.19,80,8,10,5,21
2026-01-10 22:00:00,Academic Block,16.96,21.41,5,6,20,5,22
2026-01-10 22:00:00,Computer Lab,15.89,20.71,4,5,45,5,22
2026-01-10 22:00:00,Library,11.28,20.11,5,3,15,5,22
2026-01-10 22:00:00,Hostel A,23.31,19.73,80,8,10,5,22
2026-01-10 23:00:00,Academic Block,14.32,20.83,5,6,20,5,23
2026-01-10 23:00:00,Computer Lab,11.1,21.6,4,5,45,5,23
2026-01-10 23:00:00,Library,12.16,19.43,5,3,15,5,23
2026-01-10 23:00:00,Hostel A,16.75,19.79,35,8,10,5,23
2026-01-11 00:00:00,Academic Block,20.24,18.69,5,6,20,6,0
2026-01-11 00:00:00,Computer Lab,17.36,17.69,4,5,45,6,0
2026-01-11 00:00:00,Library,8.84,19.93,5,3,15,6,0
2026-01-11 00:00:00,Hostel A,17.42,19.3,35,8,10,6,0
2026-01-11 01:00:00,Academic Block,19.8,21.21,5,6,20,6,1
2026-01-11 01:00:00,Computer Lab,15.06,18.11,4,5,45,6,1
2026-01-11 01:00:00,Library,12.57,19.13,5,3,15,6,1
2026-01-11 01:00:00,Hostel A,21.36,18.55,35,8,10,6,1
2026-01-11 02:00:00,Academic Block,16.96,20.63,5,6,20,6,2
2026-01-11 02:00:00,Computer Lab,14.47,19.86,4,5,45,6,2
2026-01-11 02:00:00,Library,10.77,19.14,5,3,15,6,2
2026-01-11 02:00:00,Hostel A,15.68,19.2,35,8,10,6,2
2026-01-11 03:00:00,Academic Block,16.0,21.01,5,6,20,6,3
2026-01-11 03:00:00,Computer Lab,14.31,20.56,4,5,45,6,3
2026-01-11 03:00:00,Library,13.63,20.42,5,3,15,6,3
2026-01-11 03:00:00,Hostel A,19.32,21.53,35,8,10,6,3
2026-01-11 04:00:00,Academic Block,17.72,20.37,5,6,20,6,4
2026-01-11 04:00:00,Computer Lab,14.13,22.76,4,5,45,6,4
2026-01-11 04:00:00,Library,8.82,23.59,5,3,15,6,4
2026-01-11 04:00:00,Hostel A,18.07,22.16,35,8,10,6,4
2026-01-11 05:00:00,Academic Block,17.74,23.9,5,6,20,6,5
2026-01-11 05:00:00,Computer Lab,15.32,23.38,4,5,45,6,5
2026-01-11 05:00:00,Library,11.35,22.82,5,3,15,6,5
2026-01-11 05:00:00,Hostel A,18.82,23.99,35,8,10,6,5
2026-01-11 06:00:00,Academic Block,19.89,24.48,5,6,20,6,6
2026-01-11 06:00:00,Computer Lab,15.21,24.72,4,5,45,6,6
2026-01-11 06:00:00,Library,13.17,25.13,5,3,15,6,6
2026-01-11 06:00:00,Hostel A,23.7,23.39,80,8,10,6,6
2026-01-11 07:00:00,Academic Block,19.03,24.02,5,6,20,6,7
2026-01-11 07:00:00,Computer Lab,21.53,28.18,4,5,45,6,7
2026-01-11 07:00:00,Library,10.48,26.5,5,3,15,6,7
2026-01-11 07:00:00,Hostel A,22.64,26.33,80,8,10,6,7
2026-01-11 08:00:00,Academic Block,19.04,26.56,5,6,20,6,8
2026-01-11 08:00:00,Computer Lab,18.24,27.74,4,5,45,6,8
2026-01-11 08:00:00,Library,9.33,26.53,5,3,15,6,8
2026-01-11 08:00:00,Hostel A,28.84,27.97,80,8,10,6,8
2026-01-11 09:00:00,Academic Block,27.9,28.81,5,6,20,6,9
2026-01-11 09:00:00,Computer Lab,22.83,28.64,4,5,45,6,9
2026-01-11 09:00:00,Library,16.54,28.9,5,3,15,6,9
2026-01-11 09:00:00,Hostel A,27.45,27.9,35,8,10,6,9
2026-01-11 10:00:00,Academic Block,25.36,28.79,5,6,20,6,10
2026-01-11 10:00:00,Computer Lab,26.43,29.85,4,5,45,6,10
2026-01-11 10:00:00,Library,15.29,27.64,5,3,15,6,10
2026-01-11 10:00:00,Hostel A,28.0,29.22,35,8,10,6,10
2026-01-11 11:00:00,Academic Block,35.94,31.26,5,6,20,6,11
2026-01-11 11:00:00,Computer Lab,23.87,28.31,4,5,45,6,11
2026-01-11 11:00:00,Library,20.88,30.62,5,3,15,6,11
2026-01-11 11:00:00,Hostel A,40.49,31.74,35,8,10,6,11
2026-01-11 12:00:00,Academic Block,29.49,29.97,5,6,20,6,12
2026-01-11 12:00:00,Computer Lab,29.43,30.7,4,5,45,6,12
2026-01-11 12:00:00,Library,18.23,30.02,5,3,15,6,12
2026-01-11 12:00:00,Hostel A,33.5,30.16,35,8,10,6,12
2026-01-11 13:00:00,Academic Block,22.2,28.23,5,6,20,6,13
2026-01-11 13:00:00,Computer Lab,24.22,30.51,4,5,45,6,13
2026-01-11 13:00:00,Library,18.84,30.08,5,3,15,6,13
2026-01-11 13:00:00,Hostel A,38.09,31.4,35,8,10,6,13
2026-01-11 14:00:00,Academic Block,30.43,30.12,5,6,20,6,14
2026-01-11 14:00:00,Computer Lab,25.95,29.47,4,5,45,6,14
2026-01-11 14:00:00,Library,17.87,28.78,5,3,15,6,14
2026-01-11 14:00:00,Hostel A,25.57,28.14,35,8,10,6,14
2026-01-11 15:00:00,Academic Block,30.34,29.64,5,6,20,6,15
2026-01-11 15:00:00,Computer Lab,28.01,30.84,4,5,45,6,15
2026-01-11 15:00:00,Library,10.37,26.88,5,3,15,6,15
2026-01-11 15:00:00,Hostel A,30.87,29.33,35,8,10,6,15
2026-01-11 16:00:00,Academic Block,20.6,27.62,5,6,20,6,16
2026-01-11 16:00:00,Computer Lab,19.71,28.42,4,5,45,6,16
2026-01-11 16:00:00,Library,20.94,28.89,5,3,15,6,16
2026-01-11 16:00:00,Hostel A,25.17,27.94,35,8,10,6,16
2026-01-11 17:00:00,Academic Block,15.98,25.7,5,6,20,6,17
2026-01-11 17:00:00,Computer Lab,14.03,25.57,4,5,45,6,17
2026-01-11 17:00:00,Library,13.21,24.56,5,3,15,6,17
2026-01-11 17:00:00,Hostel A,20.39,26.62,35,8,10,6,17
2026-01-11 18:00:00,Academic Block,19.0,24.63,12,6,20,6,18
2026-01-11 18:00:00,Computer Lab,15.84,26.16,4,5,45,6,18
2026-01-11 18:00:00,Library,10.33,25.64,5,3,15,6,18
2026-01-11 18:00:00,Hostel A,20.44,24.59,80,8,10,6,18
2026-01-11 19:00:00,Academic Block,18.87,21.33,12,6,20,6,19
2026-01-11 19:00:00,Computer Lab,13.74,23.77,4,5,45,6,19
2026-01-11 19:00:00,Library,10.71,23.66,5,3,15,6,19
2026-01-11 19:00:00,Hostel A,21.18,21.12,80,8,10,6,19
2026-01-11 20:00:00,Academic Block,19.84,22.99,12,6,20,6,20
2026-01-11 20:00:00,Computer Lab,15.91,21.12,4,5,45,6,20
2026-01-11 20:00:00,Library,11.79,23.73,5,3,15,6,20
2026-01-11 20:00:00,Hostel A,21.85,22.39,80,8,10,6,20
2026-01-11 21:00:00,Academic Block,19.96,20.71,12,6,20,6,21
2026-01-11 21:00:00,Computer Lab,16.61,21.7,4,5,45,6,21
2026-01-11 21:00:00,Library,11.85,21.62,5,3,15,6,21
2026-01-11 21:00:00,Hostel A,23.73,21.58,80,8,10,6,21
2026-01-11 22:00:00,Academic Block,17.49,21.71,5,6,20,6,22
2026-01-11 22:00:00,Computer Lab,17.99,18.5,4,5,45,6,22
2026-01-11 22:00:00,Library,8.05,20.98,5,3,15,6,22
2026-01-11 22:00:00,Hostel A,23.71,19.81,80,8,10,6,22
2026-01-11 23:00:00,Academic Block,17.93,19.83,5,6,20,6,23
2026-01-11 23:00:00,Computer Lab,14.1,21.85,4,5,45,6,23
2026-01-11 23:00:00,Library,10.94,19.21,5,3,15,6,23
2026-01-11 23:00:00,Hostel A,19.69,20.64,35,8,10,6,23
2026-01-12 00:00:00,Academic Block,19.0,21.09,5,6,20,0,0
2026-01-12 00:00:00,Computer Lab,15.28,20.59,4,5,45,0,0
2026-01-12 00:00:00,Library,10.79,20.08,5,3,15,0,0
2026-01-12 00:00:00,Hostel A,20.11,20.26,35,8,10,0,0
2026-01-12 01:00:00,Academic Block,18.77,20.84,5,6,20,0,1
2026-01-12 01:00:00,Computer Lab,15.77,19.2,4,5,45,0,1
2026-01-12 01:00:00,Library,10.91,20.14,5,3,15,0,1
2026-01-12 01:00:00,Hostel A,18.16,22.82,35,8,10,0,1
2026-01-12 02:00:00,Academic Block,20.3,21.18,5,6,20,0,2
2026-01-12 02:00:00,Computer Lab,19.18,20.79,4,5,45,0,2
2026-01-12 02:00:00,Library,11.11,20.22,5,3,15,0,2
2026-01-12 02:00:00,Hostel A,18.42,19.71,35,8,10,0,2
2026-01-12 03:00:00,Academic Block,19.97,21.76,5,6,20,0,3
2026-01-12 03:00:00,Computer Lab,17.56,21.85,4,5,45,0,3
2026-01-12 03:00:00,Library,10.13,21.35,5,3,15,0,3
2026-01-12 03:00:00,Hostel A,19.54,24.71,35,8,10,0,3
2026-01-12 04:00:00,Academic Block,17.66,21.64,5,6,20,0,4
2026-01-12 04:00:00,Computer Lab,17.07,21.37,4,5,45,0,4
2026-01-12 04:00:00,Library,10.82,22.06,5,3,15,0,4
2026-01-12 04:00:00,Hostel A,20.05,22.42,35,8,10,0,4
2026-01-12 05:00:00,Academic Block,17.09,22.69,5,6,20,0,5
2026-01-12 05:00:00,Computer Lab,16.57,23.98,4,5,45,0,5
2026-01-12 05:00:00,Library,9.41,24.1,5,3,15,0,5
2026-01-12 05:00:00,Hostel A,17.83,24.52,35,8,10,0,5
2026-01-12 06:00:00,Academic Block,17.28,24.37,5,6,20,0,6
2026-01-12 06:00:00,Computer Lab,17.41,26.56,4,5,45,0,6
2026-01-12 06:00:00,Library,12.5,25.73,5,3,15,0,6
2026-01-12 06:00:00,Hostel A,27.16,28.38,80,8,10,0,6
2026-01-12 07:00:00,Academic Block,17.78,25.41,5,6,20,0,7
2026-01-12 07:00:00,Computer Lab,14.05,25.27,4,5,45,0,7
2026-01-12 07:00:00,Library,8.8,25.93,5,3,15,0,7
2026-01-12 07:00:00,Hostel A,23.6,26.7,80,8,10,0,7
2026-01-12 08:00:00,Academic Block,27.83,28.08,45,6,20,0,8
2026-01-12 08:00:00,Computer Lab,20.36,28.22,4,5,45,0,8
2026-01-12 08:00:00,Library,19.84,30.05,5,3,15,0,8
2026-01-12 08:00:00,Hostel A,21.05,25.27,80,8,10,0,8
2026-01-12 09:00:00,Academic Block,22.55,26.45,45,6,20,0,9
2026-01-12 09:00:00,Computer Lab,23.62,28.39,40,5,45,0,9
2026-01-12 09:00:00,Library,24.12,30.95,25,3,15,0,9
2026-01-12 09:00:00,Hostel A,29.06,29.41,35,8,10,0,9
2026-01-12 10:00:00,Academic Block,27.31,28.13,45,6,20,0,10
2026-01-12 10:00:00,Computer Lab,25.16,29.54,40,5,45,0,10
2026-01-12 10:00:00,Library,18.82,29.11,25,3,15,0,10
2026-01-12 10:00:00,Hostel A,27.83,29.07,35,8,10,0,10
2026-01-12 11:00:00,Academic Block,30.67,29.18,45,6,20,0,11
2026-01-12 11:00:00,Computer Lab,30.11,29.94,40,5,45,0,11
2026-01-12 11:00:00,Library,23.29,31.13,25,3,15,0,11
2026-01-12 11:00:00,Hostel A,30.59,29.28,35,8,10,0,11
2026-01-12 12:00:00,Academic Block,35.71,30.73,45,6,20,0,12
2026-01-12 12:00:00,Computer Lab,33.86,30.95,40,5,45,0,12
2026-01-12 12:00:00,Library,27.44,31.55,25,3,15,0,12
2026-01-12 12:00:00,Hostel A,28.6,28.96,35,8,10,0,12
2026-01-12 13:00:00,Academic Block,33.1,29.84,45,6,20,0,13
2026-01-12 13:00:00,Computer Lab,39.9,29.05,40,5,45,0,13
2026-01-12 13:00:00,Library,19.68,29.94,25,3,15,0,13
2026-01-12 13:00:00,Hostel A,31.48,29.93,35,8,10,0,13
2026-01-12 14:00:00,Academic Block,27.19,28.01,45,6,20,0,14
2026-01-12 14:00:00,Computer Lab,47.4,29.51,40,5,45,0,14
2026-01-12 14:00:00,Library,26.18,31.95,25,3,15,0,14
2026-01-12 14:00:00,Hostel A,30.97,29.91,35,8,10,0,14
2026-01-12 15:00:00,Academic Block,25.66,26.99,45,6,20,0,15
2026-01-12 15:00:00,Computer Lab,32.55,27.43,40,5,45,0,15
2026-01-12 15:00:00,Library,17.14,28.49,25,3,15,0,15
2026-01-12 15:00:00,Hostel A,21.79,27.45,35,8,10,0,15
2026-01-12 16:00:00,Academic Block,29.0,28.98,45,6,20,0,16
2026-01-12 16:00:00,Computer Lab,19.96,25.83,40,5,45,0,16
2026-01-12 16:00:00,Library,15.37,28.09,25,3,15,0,16
2026-01-12 16:00:00,Hostel A,17.83,25.6,35,8,10,0,16
2026-01-12 17:00:00,Academic Block,23.97,26.23,45,6,20,0,17
2026-01-12 17:00:00,Computer Lab,18.42,25.05,40,5,45,0,17
2026-01-12 17:00:00,Library,10.31,27.1,25,3,15,0,17
2026-01-12 17:00:00,Hostel A,20.82,27.53,35,8,10,0,17
2026-01-12 18:00:00,Academic Block,19.63,25.4,12,6,20,0,18
2026-01-12 18:00:00,Computer Lab,16.92,26.3,4,5,45,0,18
2026-01-12 18:00:00,Library,11.05,22.15,25,3,15,0,18
2026-01-12 18:00:00,Hostel A,22.26,25.17,80,8,10,0,18
2026-01-12 19:00:00,Academic Block,20.44,24.28,12,6,20,0,19
2026-01-12 19:00:00,Computer Lab,15.35,24.44,4,5,45,0,19
2026-01-12 19:00:00,Library,11.54,21.49,25,3,15,0,19
2026-01-12 19:00:00,Hostel A,20.91,24.21,80,8,10,0,19
2026-01-12 20:00:00,Academic Block,20.62,23.26,12,6,20,0,20
2026-01-12 20:00:00,Computer Lab,11.07,22.65,4,5,45,0,20
2026-01-12 20:00:00,Library,15.05,20.97,25,3,15,0,20
2026-01-12 20:00:00,Hostel A,19.57,21.84,80,8,10,0,20
2026-01-12 21:00:00,Academic Block,19.28,22.95,12,6,20,0,21
2026-01-12 21:00:00,Computer Lab,16.09,22.79,4,5,45,0,21
2026-01-12 21:00:00,Library,11.17,22.01,5,3,15,0,21
2026-01-12 21:00:00,Hostel A,25.97,22.3,80,8,10,0,21
2026-01-12 22:00:00,Academic Block,16.33,21.84,5,6,20,0,22
2026-01-12 22:00:00,Computer Lab,17.38,21.21,4,5,45,0,22
2026-01-12 22:00:00,Library,9.99,22.11,5,3,15,0,22
2026-01-12 22:00:00,Hostel A,23.94,22.07,80,8,10,0,22
2026-01-12 23:00:00,Academic Block,17.57,23.26,5,6,20,0,23
2026-01-12 23:00:00,Computer Lab,15.21,19.56,4,5,45,0,23
2026-01-12 23:00:00,Library,9.29,19.58,5,3,15,0,23
2026-01-12 23:00:00,Hostel A,18.3,16.86,35,8,10,0,23
2026-01-13 00:00:00,Academic Block,17.96,20.44,5,6,20,1,0
2026-01-13 00:00:00,Computer Lab,15.69,22.32,4,5,45,1,0
2026-01-13 00:00:00,Library,11.02,21.55,5,3,15,1,0
2026-01-13 00:00:00,Hostel A,19.37,20.99,35,8,10,1,0
2026-01-13 01:00:00,Academic Block,18.78,21.81,5,6,20,1,1
2026-01-13 01:00:00,Computer Lab,16.22,20.77,4,5,45,1,1
2026-01-13 01:00:00,Library,11.23,19.82,5,3,15,1,1
2026-01-13 01:00:00,Hostel A,18.54,22.85,35,8,10,1,1
2026-01-13 02:00:00,Academic Block,20.59,21.17,5,6,20,1,2
2026-01-13 02:00:00,Computer Lab,15.69,22.04,4,5,45,1,2
2026-01-13 02:00:00,Library,11.4,17.81,5,3,15,1,2
2026-01-13 02:00:00,Hostel A,21.15,18.01,35,8,10,1,2
2026-01-13 03:00:00,Academic Block,20.2,21.67,5,6,20,1,3
2026-01-13 03:00:00,Computer Lab,13.34,20.38,4,5,45,1,3
2026-01-13 03:00:00,Library,10.57,21.78,5,3,15,1,3
2026-01-13 03:00:00,Hostel A,19.08,20.87,35,8,10,1,3
2026-01-13 04:00:00,Academic Block,19.95,25.82,5,6,20,1,4
2026-01-13 04:00:00,Computer Lab,16.94,23.76,4,5,45,1,4
2026-01-13 04:00:00,Library,10.34,24.28,5,3,15,1,4
2026-01-13 04:00:00,Hostel A,18.67,20.03,35,8,10,1,4
2026-01-13 05:00:00,Academic Block,17.25,24.68,5,6,20,1,5
2026-01-13 05:00:00,Computer Lab,14.63,23.49,4,5,45,1,5
2026-01-13 05:00:00,Library,11.75,25.51,5,3,15,1,5
2026-01-13 05:00:00,Hostel A,19.88,24.49,35,8,10,1,5
2026-01-13 06:00:00,Academic Block,19.0,24.96,5,6,20,1,6
2026-01-13 06:00:00,Computer Lab,12.39,23.58,4,5,45,1,6
2026-01-13 06:00:00,Library,11.11,25.18,5,3,15,1,6
2026-01-13 06:00:00,Hostel A,25.54,26.45,80,8,10,1,6
2026-01-13 07:00:00,Academic Block,22.73,28.18,5,6,20,1,7
2026-01-13 07:00:00,Computer Lab,16.39,25.87,4,5,45,1,7
2026-01-13 07:00:00,Library,19.96,29.33,5,3,15,1,7
2026-01-13 07:00:00,Hostel A,26.05,27.64,80,8,10,1,7
2026-01-13 08:00:00,Academic Block,23.7,26.44,45,6,20,1,8
2026-01-13 08:00:00,Computer Lab,15.56,26.18,4,5,45,1,8
2026-01-13 08:00:00,Library,15.3,27.36,5,3,15,1,8
2026-01-13 08:00:00,Hostel A,20.6,27.07,80,8,10,1,8
2026-01-13 09:00:00,Academic Block,29.74,29.14,45,6,20,1,9
2026-01-13 09:00:00,Computer Lab,24.82,28.59,40,5,45,1,9
2026-01-13 09:00:00,Library,17.77,28.21,25,3,15,1,9
2026-01-13 09:00:00,Hostel A,19.15,26.7,35,8,10,1,9
2026-01-13 10:00:00,Academic Block,33.41,30.15,45,6,20,1,10
2026-01-13 10:00:00,Computer Lab,22.21,27.4,40,5,45,1,10
2026-01-13 10:00:00,Library,22.57,30.68,25,3,15,1,10
2026-01-13 10:00:00,Hostel A,21.38,26.98,35,8,10,1,10
2026-01-13 11:00:00,Academic Block,26.7,27.84,45,6,20,1,11
2026-01-13 11:00:00,Computer Lab,23.77,28.76,40,5,45,1,11
2026-01-13 11:00:00,Library,18.98,29.3,25,3,15,1,11
2026-01-13 11:00:00,Hostel A,29.87,29.06,35,8,10,1,11
2026-01-13 12:00:00,Academic Block,33.4,29.46,45,6,20,1,12
2026-01-13 12:00:00,Computer Lab,29.42,30.34,40,5,45,1,12
2026-01-13 12:00:00,Library,15.96,28.96,25,3,15,1,12
2026-01-13 12:00:00,Hostel A,33.88,30.35,35,8,10,1,12
2026-01-13 13:00:00,Academic Block,22.47,26.98,45,6,20,1,13
2026-01-13 13:00:00,Computer Lab,27.82,28.75,40,5,45,1,13
2026-01-13 13:00:00,Library,13.39,27.79,25,3,15,1,13
2026-01-13 13:00:00,Hostel A,39.86,31.16,35,8,10,1,13
2026-01-13 14:00:00,Academic Block,27.38,28.44,45,6,20,1,14
2026-01-13 14:00:00,Computer Lab,26.13,30.07,40,5,45,1,14
2026-01-13 14:00:00,Library,13.44,27.1,25,3,15,1,14
2026-01-13 14:00:00,Hostel A,37.29,31.19,35,8,10,1,14
2026-01-13 15:00:00,Academic Block,30.8,28.66,45,6,20,1,15
2026-01-13 15:00:00,Computer Lab,31.89,31.06,40,5,45,1,15
2026-01-13 15:00:00,Library,20.07,28.52,25,3,15,1,15
2026-01-13 15:00:00,Hostel A,21.48,26.71,35,8,10,1,15
2026-01-13 16:00:00,Academic Block,22.44,26.28,45,6,20,1,16
2026-01-13 16:00:00,Computer Lab,19.17,27.21,40,5,45,1,16
2026-01-13 16:00:00,Library,13.09,26.32,25,3,15,1,16
2026-01-13 16:00:00,Hostel A,27.27,28.69,35,8,10,1,16
2026-01-13 17:00:00,Academic Block,23.29,26.38,45,6,20,1,17
2026-01-13 17:00:00,Computer Lab,19.66,25.13,40,5,45,1,17
2026-01-13 17:00:00,Library,18.21,27.28,25,3,15,1,17
2026-01-13 17:00:00,Hostel A,18.26,25.84,35,8,10,1,17
2026-01-13 18:00:00,Academic Block,20.49,25.92,12,6,20,1,18
2026-01-13 18:00:00,Computer Lab,15.07,24.36,4,5,45,1,18
2026-01-13 18:00:00,Library,10.98,25.65,25,3,15,1,18
2026-01-13 18:00:00,Hostel A,22.68,24.51,80,8,10,1,18
2026-01-13 19:00:00,Academic Block,18.35,24.9,12,6,20,1,19
2026-01-13 19:00:00,Computer Lab,12.8,21.5,4,5,45,1,19
2026-01-13 19:00:00,Library,10.26,22.19,25,3,15,1,19
2026-01-13 19:00:00,Hostel A,20.77,23.52,80,8,10,1,19
2026-01-13 20:00:00,Academic Block,18.1,21.66,12,6,20,1,20
2026-01-13 20:00:00,Computer Lab,17.65,21.97,4,5,45,1,20
2026-01-13 20:00:00,Library,12.25,23.29,25,3,15,1,20
2026-01-13 20:00:00,Hostel A,21.9,21.95,80,8,10,1,20
2026-01-13 21:00:00,Academic Block,20.14,21.86,12,6,20,1,21
2026-01-13 21:00:00,Computer Lab,15.72,20.38,4,5,45,1,21
2026-01-13 21:00:00,Library,10.94,19.03,5,3,15,1,21
2026-01-13 21:00:00,Hostel A,22.13,22.38,80,8,10,1,21
2026-01-13 22:00:00,Academic Block,17.38,22.85,5,6,20,1,22
2026-01-13 22:00:00,Computer Lab,15.62,20.93,4,5,45,1,22
2026-01-13 22:00:00,Library,10.45,20.55,5,3,15,1,22
2026-01-13 22:00:00,Hostel A,23.82,20.8,80,8,10,1,22
2026-01-13 23:00:00,Academic Block,18.7,21.82,5,6,20,1,23
2026-01-13 23:00:00,Computer Lab,14.62,21.15,4,5,45,1,23
2026-01-13 23:00:00,Library,9.48,21.09,5,3,15,1,23
2026-01-13 23:00:00,Hostel A,22.27,21.48,35,8,10,1,23
2026-01-14 00:00:00,Academic Block,15.41,19.85,5,6,20,2,0
2026-01-14 00:00:00,Computer Lab,17.52,19.34,4,5,45,2,0
2026-01-14 00:00:00,Library,11.0,20.66,5,3,15,2,0
2026-01-14 00:00:00,Hostel A,19.68,21.21,35,8,10,2,0
2026-01-14 01:00:00,Academic Block,20.08,21.63,5,6,20,2,1
2026-01-14 01:00:00,Computer Lab,16.21,22.0,4,5,45,2,1
2026-01-14 01:00:00,Library,10.16,21.26,5,3,15,2,1
2026-01-14 01:00:00,Hostel A,21.51,19.45,35,8,10,2,1
2026-01-14 02:00:00,Academic Block,19.91,20.93,5,6,20,2,2
2026-01-14 02:00:00,Computer Lab,14.79,20.82,4,5,45,2,2
2026-01-14 02:00:00,Library,12.78,20.68,5,3,15,2,2
2026-01-14 02:00:00,Hostel A,16.38,21.34,35,8,10,2,2
2026-01-14 03:00:00,Academic Block,21.37,21.21,5,6,20,2,3
2026-01-14 03:00:00,Computer Lab,12.97,21.21,4,5,45,2,3
2026-01-14 03:00:00,Library,11.65,23.74,5,3,15,2,3
2026-01-14 03:00:00,Hostel A,18.39,21.38,35,8,10,2,3
2026-01-14 04:00:00,Academic Block,17.89,23.8,5,6,20,2,4
2026-01-14 04:00:00,Computer Lab,16.48,23.88,4,5,45,2,4
2026-01-14 04:00:00,Library,10.84,22.79,5,3,15,2,4
2026-01-14 04:00:00,Hostel A,20.52,22.29,35,8,10,2,4
2026-01-14 05:00:00,Academic Block,16.27,22.67,5,6,20,2,5
2026-01-14 05:00:00,Computer Lab,16.62,24.44,4,5,45,2,5
2026-01-14 05:00:00,Library,11.24,24.28,5,3,15,2,5
2026-01-14 05:00:00,Hostel A,20.13,23.32,35,8,10,2,5
2026-01-14 06:00:00,Academic Block,17.97,24.95,5,6,20,2,6
2026-01-14 06:00:00,Computer Lab,18.7,24.63,4,5,45,2,6
2026-01-14 06:00:00,Library,11.37,22.92,5,3,15,2,6
2026-01-14 06:00:00,Hostel A,22.39,22.99,80,8,10,2,6
2026-01-14 07:00:00,Academic Block,15.57,25.77,5,6,20,2,7
2026-01-14 07:00:00,Computer Lab,16.17,26.76,4,5,45,2,7
2026-01-14 07:00:00,Library,11.88,23.78,5,3,15,2,7
2026-01-14 07:00:00,Hostel A,30.45,28.02,80,8,10,2,7
2026-01-14 08:00:00,Academic Block,26.63,27.93,45,6,20,2,8
2026-01-14 08:00:00,Computer Lab,26.19,29.09,4,5,45,2,8
2026-01-14 08:00:00,Library,15.17,28.86,5,3,15,2,8
2026-01-14 08:00:00,Hostel A,27.72,27.74,80,8,10,2,8
2026-01-14 09:00:00,Academic Block,23.11,26.36,45,6,20,2,9
2026-01-14 09:00:00,Computer Lab,34.34,31.26,40,5,45,2,9
2026-01-14 09:00:00,Library,21.99,30.3,25,3,15,2,9
2026-01-14 09:00:00,Hostel A,27.0,28.45,35,8,10,2,9
2026-01-14 10:00:00,Academic Block,26.58,28.35,45,6,20,2,10
2026-01-14 10:00:00,Computer Lab,34.14,30.85,40,5,45,2,10
2026-01-14 10:00:00,Library,17.87,28.14,25,3,15,2,10
2026-01-14 10:00:00,Hostel A,30.21,29.23,35,8,10,2,10
2026-01-14 11:00:00,Academic Block,36.63,30.38,45,6,20,2,11
2026-01-14 11:00:00,Computer Lab,31.29,29.93,40,5,45,2,11
2026-01-14 11:00:00,Library,22.4,30.2,25,3,15,2,11
2026-01-14 11:00:00,Hostel A,31.27,28.83,35,8,10,2,11
2026-01-14 12:00:00,Academic Block,36.84,30.56,45,6,20,2,12
2026-01-14 12:00:00,Computer Lab,22.09,28.07,40,5,45,2,12
2026-01-14 12:00:00,Library,25.04,31.49,25,3,15,2,12
2026-01-14 12:00:00,Hostel A,24.86,27.7,35,8,10,2,12
2026-01-14 13:00:00,Academic Block,33.04,29.18,45,6,20,2,13
2026-01-14 13:00:00,Computer Lab,28.84,29.72,40,5,45,2,13
2026-01-14 13:00:00,Library,22.68,31.24,25,3,15,2,13
2026-01-14 13:00:00,Hostel A,26.94,28.64,35,8,10,2,13
2026-01-14 14:00:00,Academic Block,32.93,30.32,45,6,20,2,14
2026-01-14 14:00:00,Computer Lab,22.22,27.33,40,5,45,2,14
2026-01-14 14:00:00,Library,16.97,28.61,25,3,15,2,14
2026-01-14 14:00:00,Hostel A,19.76,27.1,35,8,10,2,14
2026-01-14 15:00:00,Academic Block,30.04,28.53,45,6,20,2,15
2026-01-14 15:00:00,Computer Lab,24.36,27.61,40,5,45,2,15
2026-01-14 15:00:00,Library,14.35,27.71,25,3,15,2,15
2026-01-14 15:00:00,Hostel A,34.86,30.38,35,8,10,2,15
2026-01-14 16:00:00,Academic Block,22.84,26.84,45,6,20,2,16
2026-01-14 16:00:00,Computer Lab,28.84,29.12,40,5,45,2,16
2026-01-14 16:00:00,Library,12.89,26.52,25,3,15,2,16
2026-01-14 16:00:00,Hostel A,21.43,27.61,35,8,10,2,16
2026-01-14 17:00:00,Academic Block,22.23,26.23,45,6,20,2,17
2026-01-14 17:00:00,Computer Lab,23.85,27.66,40,5,45,2,17
2026-01-14 17:00:00,Library,11.9,25.9,25,3,15,2,17
2026-01-14 17:00:00,Hostel A,19.86,27.09,35,8,10,2,17
2026-01-14 18:00:00,Academic Block,19.13,25.71,12,6,20,2,18
2026-01-14 18:00:00,Computer Lab,14.23,23.84,4,5,45,2,18
2026-01-14 18:00:00,Library,13.02,26.74,25,3,15,2,18
2026-01-14 18:00:00,Hostel A,23.14,26.97,80,8,10,2,18
2026-01-14 19:00:00,Academic Block,22.85,24.06,12,6,20,2,19
2026-01-14 19:00:00,Computer Lab,12.82,22.44,4,5,45,2,19
2026-01-14 19:00:00,Library,10.98,25.25,25,3,15,2,19
2026-01-14 19:00:00,Hostel A,21.67,23.68,80,8,10,2,19
2026-01-14 20:00:00,Academic Block,17.83,22.82,12,6,20,2,20
2026-01-14 20:00:00,Computer Lab,16.34,22.28,4,5,45,2,20
2026-01-14 20:00:00,Library,11.17,21.29,25,3,15,2,20
2026-01-14 20:00:00,Hostel A,20.41,22.08,80,8,10,2,20
2026-01-14 21:00:00,Academic Block,19.44,20.96,12,6,20,2,21
2026-01-14 21:00:00,Computer Lab,15.26,20.99,4,5,45,2,21
2026-01-14 21:00:00,Library,9.64,21.44,5,3,15,2,21
2026-01-14 21:00:00,Hostel A,24.7,22.29,80,8,10,2,21
2026-01-14 22:00:00,Academic Block,19.43,20.11,5,6,20,2,22
2026-01-14 22:00:00,Computer Lab,16.22,20.38,4,5,45,2,22
2026-01-14 22:00:00,Library,11.39,22.55,5,3,15,2,22
2026-01-14 22:00:00,Hostel A,23.23,18.54,80,8,10,2,22
2026-01-14 23:00:00,Academic Block,18.37,21.65,5,6,20,2,23
2026-01-14 23:00:00,Computer Lab,14.63,21.37,4,5,45,2,23
2026-01-14 23:00:00,Library,10.84,18.39,5,3,15,2,23
2026-01-14 23:00:00,Hostel A,18.59,18.06,35,8,10,2,23
2026-01-15 00:00:00,Academic Block,15.84,21.54,5,6,20,3,0
2026-01-15 00:00:00,Computer Lab,14.12,18.46,4,5,45,3,0
2026-01-15 00:00:00,Library,10.08,19.92,5,3,15,3,0
2026-01-15 00:00:00,Hostel A,20.38,21.68,35,8,10,3,0
2026-01-15 01:00:00,Academic Block,18.92,20.76,5,6,20,3,1
2026-01-15 01:00:00,Computer Lab,14.38,20.64,4,5,45,3,1
2026-01-15 01:00:00,Library,8.96,21.2,5,3,15,3,1
2026-01-15 01:00:00,Hostel A,20.73,21.17,35,8,10,3,1
2026-01-15 02:00:00,Academic Block,18.44,20.92,5,6,20,3,2
2026-01-15 02:00:00,Computer Lab,11.38,21.15,4,5,45,3,2
2026-01-15 02:00:00,Library,10.45,21.03,5,3,15,3,2
2026-01-15 02:00:00,Hostel A,20.01,20.61,35,8,10,3,2
2026-01-15 03:00:00,Academic Block,16.99,21.37,5,6,20,3,3
2026-01-15 03:00:00,Computer Lab,15.77,21.29,4,5,45,3,3
2026-01-15 03:00:00,Library,10.87,21.6,5,3,15,3,3
2026-01-15 03:00:00,Hostel A,17.32,22.71,35,8,10,3,3
2026-01-15 04:00:00,Academic Block,20.63,22.71,5,6,20,3,4
2026-01-15 04:00:00,Computer Lab,15.94,20.42,4,5,45,3,4
2026-01-15 04:00:00,Library,10.07,21.8,5,3,15,3,4
2026-01-15 04:00:00,Hostel A,18.7,21.41,35,8,10,3,4
2026-01-15 05:00:00,Academic Block,16.8,25.92,5,6,20,3,5
2026-01-15 05:00:00,Computer Lab,13.72,22.3,4,5,45,3,5
2026-01-15 05:00:00,Library,9.93,25.78,5,3,15,3,5
2026-01-15 05:00:00,Hostel A,18.35,23.68,35,8,10,3,5
2026-01-15 06:00:00,Academic Block,18.35,23.87,5,6,20,3,6
2026-01-15 06:00:00,Computer Lab,22.15,27.95,4,5,45,3,6
2026-01-15 06:00:00,Library,11.6,23.98,5,3,15,3,6
2026-01-15 06:00:00,Hostel A,19.89,24.0,80,8,10,3,6
2026-01-15 07:00:00,Academic Block,23.65,27.52,5,6,20,3,7
2026-01-15 07:00:00,Computer Lab,18.1,27.55,4,5,45,3,7
2026-01-15 07:00:00,Library,11.88,26.09,5,3,15,3,7
2026-01-15 07:00:00,Hostel A,23.03,26.76,80,8,10,3,7
2026-01-15 08:00:00,Academic Block,22.07,25.56,45,6,20,3,8
2026-01-15 08:00:00,Computer Lab,20.93,28.79,4,5,45,3,8
2026-01-15 08:00:00,Library,15.63,28.27,5,3,15,3,8
2026-01-15 08:00:00,Hostel A,31.14,28.4,80,8,10,3,8
2026-01-15 09:00:00,Academic Block,23.33,27.7,45,6,20,3,9
2026-01-15 09:00:00,Computer Lab,24.1,27.9,40,5,45,3,9
2026-01-15 09:00:00,Library,14.75,27.89,25,3,15,3,9
2026-01-15 09:00:00,Hostel A,22.07,26.35,35,8,10,3,9
2026-01-15 10:00:00,Academic Block,36.08,30.32,45,6,20,3,10
2026-01-15 10:00:00,Computer Lab,31.81,30.49,40,5,45,3,10
2026-01-15 10:00:00,Library,18.37,29.04,25,3,15,3,10
2026-01-15 10:00:00,Hostel A,31.93,28.82,35,8,10,3,10
2026-01-15 11:00:00,Academic Block,34.84,30.5,45,6,20,3,11
2026-01-15 11:00:00,Computer Lab,29.11,30.39,40,5,45,3,11
2026-01-15 11:00:00,Library,23.99,31.64,25,3,15,3,11
2026-01-15 11:00:00,Hostel A,36.36,30.43,35,8,10,3,11
2026-01-15 12:00:00,Academic Block,35.56,30.46,45,6,20,3,12
2026-01-15 12:00:00,Computer Lab,29.36,30.01,40,5,45,3,12
2026-01-15 12:00:00,Library,18.61,29.31,25,3,15,3,12
2026-01-15 12:00:00,Hostel A,40.24,31.78,35,8,10,3,12
2026-01-15 13:00:00,Academic Block,29.13,28.89,45,6,20,3,13
2026-01-15 13:00:00,Computer Lab,34.04,31.15,40,5,45,3,13
2026-01-15 13:00:00,Library,21.82,30.5,25,3,15,3,13
2026-01-15 13:00:00,Hostel A,34.16,30.52,35,8,10,3,13
2026-01-15 14:00:00,Academic Block,31.82,29.02,45,6,20,3,14
2026-01-15 14:00:00,Computer Lab,29.12,30.38,40,5,45,3,14
2026-01-15 14:00:00,Library,16.98,28.3,25,3,15,3,14
2026-01-15 14:00:00,Hostel A,35.96,31.4,35,8,10,3,14
2026-01-15 15:00:00,Academic Block,27.78,28.87,45,6,20,3,15
2026-01-15 15:00:00,Computer Lab,21.84,27.77,40,5,45,3,15
2026-01-15 15:00:00,Library,15.35,28.03,25,3,15,3,15
2026-01-15 15:00:00,Hostel A,26.03,28.54,35,8,10,3,15
2026-01-15 16:00:00,Academic Block,23.07,25.75,45,6,20,3,16
2026-01-15 16:00:00,Computer Lab,25.64,28.4,40,5,45,3,16
2026-01-15 16:00:00,Library,12.67,25.65,25,3,15,3,16
2026-01-15 16:00:00,Hostel A,24.31,28.31,35,8,10,3,16
2026-01-15 17:00:00,Academic Block,22.15,26.31,45,6,20,3,17
2026-01-15 17:00:00,Computer Lab,27.58,28.5,40,5,45,3,17
2026-01-15 17:00:00,Library,15.97,24.3,25,3,15,3,17
2026-01-15 17:00:00,Hostel A,20.42,25.2,35,8,10,3,17
2026-01-15 18:00:00,Academic Block,18.0,26.16,12,6,20,3,18
2026-01-15 18:00:00,Computer Lab,15.51,25.59,4,5,45,3,18
2026-01-15 18:00:00,Library,12.57,25.67,25,3,15,3,18
2026-01-15 18:00:00,Hostel A,23.27,26.44,80,8,10,3,18
2026-01-15 19:00:00,Academic Block,20.9,23.5,12,6,20,3,19
2026-01-15 19:00:00,Computer Lab,16.77,24.4,4,5,45,3,19
2026-01-15 19:00:00,Library,10.66,22.91,25,3,15,3,19
2026-01-15 19:00:00,Hostel A,21.62,23.02,80,8,10,3,19
2026-01-15 20:00:00,Academic Block,20.72,23.44,12,6,20,3,20
2026-01-15 20:00:00,Computer Lab,17.82,22.31,4,5,45,3,20
2026-01-15 20:00:00,Library,12.59,24.14,25,3,15,3,20
2026-01-15 20:00:00,Hostel A,24.91,21.51,80,8,10,3,20
2026-01-15 21:00:00,Academic Block,19.45,21.39,12,6,20,3,21
2026-01-15 21:00:00,Computer Lab,14.34,21.06,4,5,45,3,21
2026-01-15 21:00:00,Library,11.57,19.7,5,3,15,3,21
2026-01-15 21:00:00,Hostel A,27.14,20.52,80,8,10,3,21
2026-01-15 22:00:00,Academic Block,16.81,19.37,5,6,20,3,22
2026-01-15 22:00:00,Computer Lab,17.96,21.28,4,5,45,3,22
2026-01-15 22:00:00,Library,11.48,20.75,5,3,15,3,22
2026-01-15 22:00:00,Hostel A,21.53,18.46,80,8,10,3,22
2026-01-15 23:00:00,Academic Block,15.86,18.88,5,6,20,3,23
2026-01-15 23:00:00,Computer Lab,12.31,20.31,4,5,45,3,23
2026-01-15 23:00:00,Library,9.82,18.58,5,3,15,3,23
2026-01-15 23:00:00,Hostel A,19.54,19.17,35,8,10,3,23
2026-01-16 00:00:00,Academic Block,20.04,20.37,5,6,20,4,0
2026-01-16 00:00:00,Computer Lab,17.38,20.9,4,5,45,4,0
2026-01-16 00:00:00,Library,11.08,20.0,5,3,15,4,0
2026-01-16 00:00:00,Hostel A,19.16,20.61,35,8,10,4,0
2026-01-16 01:00:00,Academic Block,18.2,19.69,5,6,20,4,1
2026-01-16 01:00:00,Computer Lab,16.3,19.19,4,5,45,4,1
2026-01-16 01:00:00,Library,9.63,20.06,5,3,15,4,1
2026-01-16 01:00:00,Hostel A,17.13,19.38,35,8,10,4,1
2026-01-16 02:00:00,Academic Block,18.82,21.84,5,6,20,4,2
2026-01-16 02:00:00,Computer Lab,16.88,19.63,4,5,45,4,2
2026-01-16 02:00:00,Library,8.52,20.0,5,3,15,4,2
2026-01-16 02:00:00,Hostel A,18.14,21.9,35,8,10,4,2
2026-01-16 03:00:00,Academic Block,18.76,20.97,5,6,20,4,3
2026-01-16 03:00:00,Computer Lab,15.7,22.84,4,5,45,4,3
2026-01-16 03:00:00,Library,11.44,20.03,5,3,15,4,3
2026-01-16 03:00:00,Hostel A,21.78,20.88,35,8,10,4,3
2026-01-16 04:00:00,Academic Block,15.35,22.5,5,6,20,4,4
2026-01-16 04:00:00,Computer Lab,18.59,22.93,4,5,45,4,4
2026-01-16 04:00:00,Library,13.37,24.39,5,3,15,4,4
2026-01-16 04:00:00,Hostel A,20.32,21.28,35,8,10,4,4
2026-01-16 05:00:00,Academic Block,19.04,22.84,5,6,20,4,5
2026-01-16 05:00:00,Computer Lab,14.7,22.18,4,5,45,4,5
2026-01-16 05:00:00,Library,11.97,22.89,5,3,15,4,5
2026-01-16 05:00:00,Hostel A,19.37,24.67,35,8,10,4,5
2026-01-16 06:00:00,Academic Block,18.23,23.38,5,6,20,4,6
2026-01-16 06:00:00,Computer Lab,16.97,24.1,4,5,45,4,6
2026-01-16 06:00:00,Library,12.79,26.41,5,3,15,4,6
2026-01-16 06:00:00,Hostel A,18.44,24.09,80,8,10,4,6
2026-01-16 07:00:00,Academic Block,20.83,24.17,5,6,20,4,7
2026-01-16 07:00:00,Computer Lab,14.54,25.81,4,5,45,4,7
2026-01-16 07:00:00,Library,17.02,28.27,5,3,15,4,7
2026-01-16 07:00:00,Hostel A,22.56,26.32,80,8,10,4,7
2026-01-16 08:00:00,Academic Block,24.84,27.34,45,6,20,4,8
2026-01-16 08:00:00,Computer Lab,25.33,29.42,4,5,45,4,8
2026-01-16 08:00:00,Library,17.14,28.37,5,3,15,4,8
2026-01-16 08:00:00,Hostel A,23.82,26.1,80,8,10,4,8
2026-01-16 09:00:00,Academic Block,23.66,28.18,45,6,20,4,9
2026-01-16 09:00:00,Computer Lab,17.02,25.98,40,5,45,4,9
2026-01-16 09:00:00,Library,19.12,29.17,25,3,15,4,9
2026-01-16 09:00:00,Hostel A,30.65,28.76,35,8,10,4,9
2026-01-16 10:00:00,Academic Block,26.08,27.81,45,6,20,4,10
2026-01-16 10:00:00,Computer Lab,27.34,29.7,40,5,45,4,10
2026-01-16 10:00:00,Library,17.02,29.36,25,3,15,4,10
2026-01-16 10:00:00,Hostel A,36.22,31.02,35,8,10,4,10
2026-01-16 11:00:00,Academic Block,41.69,32.27,45,6,20,4,11
2026-01-16 11:00:00,Computer Lab,32.67,31.06,40,5,45,4,11
2026-01-16 11:00:00,Library,19.59,29.79,25,3,15,4,11
2026-01-16 11:00:00,Hostel A,33.31,29.97,35,8,10,4,11
2026-01-16 12:00:00,Academic Block,30.32,29.06,45,6,20,4,12
2026-01-16 12:00:00,Computer Lab,30.54,29.27,40,5,45,4,12
2026-01-16 12:00:00,Library,23.03,29.89,25,3,15,4,12
2026-01-16 12:00:00,Hostel A,32.35,29.77,35,8,10,4,12
2026-01-16 13:00:00,Academic Block,26.98,28.24,45,6,20,4,13
2026-01-16 13:00:00,Computer Lab,32.04,30.08,40,5,45,4,13
2026-01-16 13:00:00,Library,23.29,30.1,25,3,15,4,13
2026-01-16 13:00:00,Hostel A,37.9,30.6,35,8,10,4,13
2026-01-16 14:00:00,Academic Block,34.79,29.26,45,6,20,4,14
2026-01-16 14:00:00,Computer Lab,24.31,28.75,40,5,45,4,14
2026-01-16 14:00:00,Library,19.27,27.88,25,3,15,4,14
2026-01-16 14:00:00,Hostel A,33.77,30.31,35,8,10,4,14
2026-01-16 15:00:00,Academic Block,34.95,30.03,45,6,20,4,15
2026-01-16 15:00:00,Computer Lab,29.9,30.89,40,5,45,4,15
2026-01-16 15:00:00,Library,15.91,28.22,25,3,15,4,15
2026-01-16 15:00:00,Hostel A,20.77,26.17,35,8,10,4,15
2026-01-16 16:00:00,Academic Block,25.02,27.18,45,6,20,4,16
2026-01-16 16:00:00,Computer Lab,29.92,30.33,40,5,45,4,16
2026-01-16 16:00:00,Library,13.8,26.99,25,3,15,4,16
2026-01-16 16:00:00,Hostel A,26.58,28.68,35,8,10,4,16
2026-01-16 17:00:00,Academic Block,23.49,25.54,45,6,20,4,17
2026-01-16 17:00:00,Computer Lab,16.53,26.75,40,5,45,4,17
2026-01-16 17:00:00,Library,14.48,24.82,25,3,15,4,17
2026-01-16 17:00:00,Hostel A,18.89,26.78,35,8,10,4,17
2026-01-16 18:00:00,Academic Block,19.28,24.8,12,6,20,4,18
2026-01-16 18:00:00,Computer Lab,13.63,25.88,4,5,45,4,18
2026-01-16 18:00:00,Library,12.63,23.99,25,3,15,4,18
2026-01-16 18:00:00,Hostel A,23.41,24.88,80,8,10,4,18
2026-01-16 19:00:00,Academic Block,19.8,22.23,12,6,20,4,19
2026-01-16 19:00:00,Computer Lab,16.4,25.02,4,5,45,4,19
2026-01-16 19:00:00,Library,12.08,23.87,25,3,15,4,19
2026-01-16 19:00:00,Hostel A,22.44,22.7,80,8,10,4,19
2026-01-16 20:00:00,Academic Block,19.08,24.01,12,6,20,4,20
2026-01-16 20:00:00,Computer Lab,14.93,21.43,4,5,45,4,20
2026-01-16 20:00:00,Library,11.66,22.74,25,3,15,4,20
2026-01-16 20:00:00,Hostel A,23.33,23.08,80,8,10,4,20
2026-01-16 21:00:00,Academic Block,21.4,22.53,12,6,20,4,21
2026-01-16 21:00:00,Computer Lab,14.27,22.66,4,5,45,4,21
2026-01-16 21:00:00,Library,10.51,20.38,5,3,15,4,21
2026-01-16 21:00:00,Hostel A,20.84,20.92,80,8,10,4,21
2026-01-16 22:00:00,Academic Block,17.99,20.14,5,6,20,4,22
2026-01-16 22:00:00,Computer Lab,15.2,19.86,4,5,45,4,22
2026-01-16 22:00:00,Library,10.92,22.08,5,3,15,4,22
2026-01-16 22:00:00,Hostel A,22.81,23.64,80,8,10,4,22
2026-01-16 23:00:00,Academic Block,18.71,19.82,5,6,20,4,23
2026-01-16 23:00:00,Computer Lab,16.32,20.48,4,5,45,4,23
2026-01-16 23:00:00,Library,9.36,22.66,5,3,15,4,23
2026-01-16 23:00:00,Hostel A,19.26,21.2,35,8,10,4,23
2026-01-17 00:00:00,Academic Block,19.86,18.11,5,6,20,5,0
2026-01-17 00:00:00,Computer Lab,14.38,21.52,4,5,45,5,0
2026-01-17 00:00:00,Library,8.04,19.99,5,3,15,5,0
2026-01-17 00:00:00,Hostel A,20.52,18.49,35,8,10,5,0
2026-01-17 01:00:00,Academic Block,17.04,19.61,5,6,20,5,1
2026-01-17 01:00:00,Computer Lab,14.89,20.45,4,5,45,5,1
2026-01-17 01:00:00,Library,11.73,19.61,5,3,15,5,1
2026-01-17 01:00:00,Hostel A,17.59,18.78,35,8,10,5,1
2026-01-17 02:00:00,Academic Block,20.15,20.85,5,6,20,5,2
2026-01-17 02:00:00,Computer Lab,14.67,22.16,4,5,45,5,2
2026-01-17 02:00:00,Library,9.45,21.79,5,3,15,5,2
2026-01-17 02:00:00,Hostel A,17.25,22.86,35,8,10,5,2
2026-01-17 03:00:00,Academic Block,17.72,23.06,5,6,20,5,3
2026-01-17 03:00:00,Computer Lab,16.56,23.88,4,5,45,5,3
2026-01-17 03:00:00,Library,9.84,20.25,5,3,15,5,3
2026-01-17 03:00:00,Hostel A,20.53,22.4,35,8,10,5,3
2026-01-17 04:00:00,Academic Block,18.77,22.42,5,6,20,5,4
2026-01-17 04:00:00,Computer Lab,15.87,23.41,4,5,45,5,4
2026-01-17 04:00:00,Library,9.41,20.95,5,3,15,5,4
2026-01-17 04:00:00,Hostel A,20.77,22.78,35,8,10,5,4
2026-01-17 05:00:00,Academic Block,19.87,25.65,5,6,20,5,5
2026-01-17 05:00:00,Computer Lab,16.79,24.05,4,5,45,5,5
2026-01-17 05:00:00,Library,10.4,22.91,5,3,15,5,5
2026-01-17 05:00:00,Hostel A,17.08,22.72,35,8,10,5,5
2026-01-17 06:00:00,Academic Block,18.98,25.4,5,6,20,5,6
2026-01-17 06:00:00,Computer Lab,16.49,25.83,4,5,45,5,6
2026-01-17 06:00:00,Library,11.46,25.29,5,3,15,5,6
2026-01-17 06:00:00,Hostel A,23.17,24.95,80,8,10,5,6
2026-01-17 07:00:00,Academic Block,19.25,25.42,5,6,20,5,7
2026-01-17 07:00:00,Computer Lab,16.37,27.1,4,5,45,5,7
2026-01-17 07:00:00,Library,10.19,26.36,5,3,15,5,7
2026-01-17 07:00:00,Hostel A,20.86,25.66,80,8,10,5,7
2026-01-17 08:00:00,Academic Block,28.76,29.02,5,6,20,5,8
2026-01-17 08:00:00,Computer Lab,23.63,28.14,4,5,45,5,8
2026-01-17 08:00:00,Library,17.24,27.27,5,3,15,5,8
2026-01-17 08:00:00,Hostel A,25.29,27.23,80,8,10,5,8
2026-01-17 09:00:00,Academic Block,24.36,28.06,5,6,20,5,9
2026-01-17 09:00:00,Computer Lab,24.89,29.54,4,5,45,5,9
2026-01-17 09:00:00,Library,22.97,30.67,25,3,15,5,9
2026-01-17 09:00:00,Hostel A,26.8,28.86,35,8,10,5,9
2026-01-17 10:00:00,Academic Block,29.81,29.83,5,6,20,5,10
2026-01-17 10:00:00,Computer Lab,20.95,28.6,4,5,45,5,10
2026-01-17 10:00:00,Library,26.79,32.54,25,3,15,5,10
2026-01-17 10:00:00,Hostel A,21.75,27.58,35,8,10,5,10
2026-01-17 11:00:00,Academic Block,30.61,29.77,5,6,20,5,11
2026-01-17 11:00:00,Computer Lab,29.1,30.5,4,5,45,5,11
2026-01-17 11:00:00,Library,19.17,29.06,25,3,15,5,11
2026-01-17 11:00:00,Hostel A,26.89,28.78,35,8,10,5,11
2026-01-17 12:00:00,Academic Block,24.96,28.9,5,6,20,5,12
2026-01-17 12:00:00,Computer Lab,31.58,31.28,4,5,45,5,12
2026-01-17 12:00:00,Library,23.91,31.17,25,3,15,5,12
2026-01-17 12:00:00,Hostel A,34.22,30.93,35,8,10,5,12
2026-01-17 13:00:00,Academic Block,33.89,30.87,5,6,20,5,13
2026-01-17 13:00:00,Computer Lab,28.92,30.58,4,5,45,5,13
2026-01-17 13:00:00,Library,15.41,28.65,25,3,15,5,13
2026-01-17 13:00:00,Hostel A,29.49,28.98,35,8,10,5,13
2026-01-17 14:00:00,Academic Block,29.1,30.16,5,6,20,5,14
2026-01-17 14:00:00,Computer Lab,19.62,28.15,4,5,45,5,14
2026-01-17 14:00:00,Library,16.24,28.9,25,3,15,5,14
2026-01-17 14:00:00,Hostel A,21.74,27.62,35,8,10,5,14
2026-01-17 15:00:00,Academic Block,24.07,28.64,5,6,20,5,15
2026-01-17 15:00:00,Computer Lab,23.06,28.4,4,5,45,5,15
2026-01-17 15:00:00,Library,13.28,26.97,25,3,15,5,15
2026-01-17 15:00:00,Hostel A,31.34,29.77,35,8,10,5,15
2026-01-17 16:00:00,Academic Block,21.58,26.81,5,6,20,5,16
2026-01-17 16:00:00,Computer Lab,19.14,27.13,4,5,45,5,16
2026-01-17 16:00:00,Library,15.6,28.01,25,3,15,5,16
2026-01-17 16:00:00,Hostel A,25.35,28.08,35,8,10,5,16
2026-01-17 17:00:00,Academic Block,21.09,27.52,5,6,20,5,17
2026-01-17 17:00:00,Computer Lab,16.06,26.34,4,5,45,5,17
2026-01-17 17:00:00,Library,12.43,27.14,25,3,15,5,17
2026-01-17 17:00:00,Hostel A,23.21,27.51,35,8,10,5,17
2026-01-17 18:00:00,Academic Block,21.07,23.42,12,6,20,5,18
2026-01-17 18:00:00,Computer Lab,20.72,27.68,4,5,45,5,18
2026-01-17 18:00:00,Library,13.35,26.71,25,3,15,5,18
2026-01-17 18:00:00,Hostel A,19.78,23.01,80,8,10,5,18
2026-01-17 19:00:00,Academic Block,18.37,24.01,12,6,20,5,19
2026-01-17 19:00:00,Computer Lab,15.58,22.61,4,5,45,5,19
2026-01-17 19:00:00,Library,10.05,24.44,25,3,15,5,19
2026-01-17 19:00:00,Hostel A,24.81,23.17,80,8,10,5,19
2026-01-17 20:00:00,Academic Block,20.56,21.21,12,6,20,5,20
2026-01-17 20:00:00,Computer Lab,16.49,21.92,4,5,45,5,20
2026-01-17 20:00:00,Library,13.34,23.82,25,3,15,5,20
2026-01-17 20:00:00,Hostel A,20.82,23.59,80,8,10,5,20
2026-01-17 21:00:00,Academic Block,17.98,22.8,12,6,20,5,21
2026-01-17 21:00:00,Computer Lab,16.06,21.78,4,5,45,5,21
2026-01-17 21:00:00,Library,11.13,22.05,5,3,15,5,21
2026-01-17 21:00:00,Hostel A,20.53,20.45,80,8,10,5,21
2026-01-17 22:00:00,Academic Block,18.98,21.72,5,6,20,5,22
2026-01-17 22:00:00,Computer Lab,15.6,22.05,4,5,45,5,22
2026-01-17 22:00:00,Library,12.07,18.98,5,3,15,5,22
2026-01-17 22:00:00,Hostel A,23.06,20.23,80,8,10,5,22
2026-01-17 23:00:00,Academic Block,21.17,19.39,5,6,20,5,23
2026-01-17 23:00:00,Computer Lab,15.16,19.12,4,5,45,5,23
2026-01-17 23:00:00,Library,8.99,20.3,5,3,15,5,23
2026-01-17 23:00:00,Hostel A,21.37,20.57,35,8,10,5,23
2026-01-18 00:00:00,Academic Block,19.29,19.41,5,6,20,6,0
2026-01-18 00:00:00,Computer Lab,15.61,16.7,4,5,45,6,0
2026-01-18 00:00:00,Library,9.4,19.62,5,3,15,6,0
2026-01-18 00:00:00,Hostel A,18.46,21.3,35,8,10,6,0
2026-01-18 01:00:00,Academic Block,18.13,19.96,5,6,20,6,1
2026-01-18 01:00:00,Computer Lab,13.97,17.87,4,5,45,6,1
2026-01-18 01:00:00,Library,7.46,21.32,5,3,15,6,1
2026-01-18 01:00:00,Hostel A,18.35,19.25,35,8,10,6,1
2026-01-18 02:00:00,Academic Block,19.85,22.76,5,6,20,6,2
2026-01-18 02:00:00,Computer Lab,17.63,20.0,4,5,45,6,2
2026-01-18 02:00:00,Library,12.14,19.78,5,3,15,6,2
2026-01-18 02:00:00,Hostel A,20.56,19.04,35,8,10,6,2
2026-01-18 03:00:00,Academic Block,17.16,20.98,5,6,20,6,3
2026-01-18 03:00:00,Computer Lab,16.09,21.2,4,5,45,6,3
2026-01-18 03:00:00,Library,11.46,20.87,5,3,15,6,3
2026-01-18 03:00:00,Hostel A,19.88,20.76,35,8,10,6,3
2026-01-18 04:00:00,Academic Block,18.61,23.03,5,6,20,6,4
2026-01-18 04:00:00,Computer Lab,15.9,21.97,4,5,45,6,4
2026-01-18 04:00:00,Library,13.72,23.16,5,3,15,6,4
2026-01-18 04:00:00,Hostel A,20.41,23.63,35,8,10,6,4
2026-01-18 05:00:00,Academic Block,22.32,27.41,5,6,20,6,5
2026-01-18 05:00:00,Computer Lab,16.73,24.29,4,5,45,6,5
2026-01-18 05:00:00,Library,9.96,22.5,5,3,15,6,5
2026-01-18 05:00:00,Hostel A,19.92,23.1,35,8,10,6,5
2026-01-18 06:00:00,Academic Block,18.91,24.79,5,6,20,6,6
2026-01-18 06:00:00,Computer Lab,17.39,26.3,4,5,45,6,6
2026-01-18 06:00:00,Library,9.62,24.81,5,3,15,6,6
2026-01-18 06:00:00,Hostel A,24.22,26.36,80,8,10,6,6
2026-01-18 07:00:00,Academic Block,18.23,24.37,5,6,20,6,7
2026-01-18 07:00:00,Computer Lab,17.53,26.49,4,5,45,6,7
2026-01-18 07:00:00,Library,13.4,27.39,5,3,15,6,7
2026-01-18 07:00:00,Hostel A,24.04,27.0,80,8,10,6,7
2026-01-18 08:00:00,Academic Block,19.28,26.69,5,6,20,6,8
2026-01-18 08:00:00,Computer Lab,18.66,27.52,4,5,45,6,8
2026-01-18 08:00:00,Library,10.03,25.24,5,3,15,6,8
2026-01-18 08:00:00,Hostel A,25.91,27.57,80,8,10,6,8
2026-01-18 09:00:00,Academic Block,25.17,28.24,5,6,20,6,9
2026-01-18 09:00:00,Computer Lab,15.39,27.24,4,5,45,6,9
2026-01-18 09:00:00,Library,15.91,28.12,5,3,15,6,9
2026-01-18 09:00:00,Hostel A,36.48,30.56,35,8,10,6,9
2026-01-18 10:00:00,Academic Block,21.74,27.57,5,6,20,6,10
2026-01-18 10:00:00,Computer Lab,25.65,29.64,4,5,45,6,10
2026-01-18 10:00:00,Library,17.94,29.98,5,3,15,6,10
2026-01-18 10:00:00,Hostel A,31.09,29.41,35,8,10,6,10
2026-01-18 11:00:00,Academic Block,32.26,30.82,5,6,20,6,11
2026-01-18 11:00:00,Computer Lab,20.62,29.42,4,5,45,6,11
2026-01-18 11:00:00,Library,16.34,29.08,5,3,15,6,11
2026-01-18 11:00:00,Hostel A,27.34,28.61,35,8,10,6,11
2026-01-18 12:00:00,Academic Block,26.98,29.93,5,6,20,6,12
2026-01-18 12:00:00,Computer Lab,25.94,30.26,4,5,45,6,12
2026-01-18 12:00:00,Library,18.88,30.58,5,3,15,6,12
2026-01-18 12:00:00,Hostel A,32.68,30.04,35,8,10,6,12
2026-01-18 13:00:00,Academic Block,31.46,30.19,5,6,20,6,13
2026-01-18 13:00:00,Computer Lab,22.71,29.52,4,5,45,6,13
2026-01-18 13:00:00,Library,13.74,28.06,5,3,15,6,13
2026-01-18 13:00:00,Hostel A,31.28,29.82,35,8,10,6,13
2026-01-18 14:00:00,Academic Block,30.46,30.08,5,6,20,6,14
2026-01-18 14:00:00,Computer Lab,20.35,28.17,4,5,45,6,14
2026-01-18 14:00:00,Library,18.89,29.6,5,3,15,6,14
2026-01-18 14:00:00,Hostel A,38.6,31.58,35,8,10,6,14
2026-01-18 15:00:00,Academic Block,25.8,28.45,5,6,20,6,15
2026-01-18 15:00:00,Computer Lab,21.07,28.51,4,5,45,6,15
2026-01-18 15:00:00,Library,10.81,26.68,5,3,15,6,15
2026-01-18 15:00:00,Hostel A,18.8,27.25,35,8,10,6,15
2026-01-18 16:00:00,Academic Block,17.89,26.55,5,6,20,6,16
2026-01-18 16:00:00,Computer Lab,21.75,28.2,4,5,45,6,16
2026-01-18 16:00:00,Library,10.82,26.42,5,3,15,6,16
2026-01-18 16:00:00,Hostel A,18.21,25.27,35,8,10,6,16
2026-01-18 17:00:00,Academic Block,21.02,26.77,5,6,20,6,17
2026-01-18 17:00:00,Computer Lab,17.25,25.44,4,5,45,6,17
2026-01-18 17:00:00,Library,8.75,24.48,5,3,15,6,17
2026-01-18 17:00:00,Hostel A,23.47,27.15,35,8,10,6,17
2026-01-18 18:00:00,Academic Block,19.2,25.59,12,6,20,6,18
2026-01-18 18:00:00,Computer Lab,12.64,22.37,4,5,45,6,18
2026-01-18 18:00:00,Library,10.09,25.16,5,3,15,6,18
2026-01-18 18:00:00,Hostel A,22.65,23.67,80,8,10,6,18
2026-01-18 19:00:00,Academic Block,20.68,23.84,12,6,20,6,19
2026-01-18 19:00:00,Computer Lab,17.51,23.87,4,5,45,6,19
2026-01-18 19:00:00,Library,10.45,23.72,5,3,15,6,19
2026-01-18 19:00:00,Hostel A,21.08,24.98,80,8,10,6,19
2026-01-18 20:00:00,Academic Block,19.82,25.88,12,6,20,6,20
2026-01-18 20:00:00,Computer Lab,16.46,22.96,4,5,45,6,20
2026-01-18 20:00:00,Library,11.81,24.75,5,3,15,6,20
2026-01-18 20:00:00,Hostel A,24.66,20.57,80,8,10,6,20
2026-01-18 21:00:00,Academic Block,19.42,21.06,12,6,20,6,21
2026-01-18 21:00:00,Computer Lab,16.46,19.93,4,5,45,6,21
2026-01-18 21:00:00,Library,10.78,20.68,5,3,15,6,21
2026-01-18 21:00:00,Hostel A,25.44,21.12,80,8,10,6,21
2026-01-18 22:00:00,Academic Block,18.77,23.05,5,6,20,6,22
2026-01-18 22:00:00,Computer Lab,15.11,20.75,4,5,45,6,22
2026-01-18 22:00:00,Library,10.13,22.0,5,3,15,6,22
2026-01-18 22:00:00,Hostel A,24.02,20.16,80,8,10,6,22
2026-01-18 23:00:00,Academic Block,18.64,19.52,5,6,20,6,23
2026-01-18 23:00:00,Computer Lab,16.73,18.27,4,5,45,6,23
2026-01-18 23:00:00,Library,11.71,22.5,5,3,15,6,23
2026-01-18 23:00:00,Hostel A,17.68,21.92,35,8,10,6,23
2026-01-19 00:00:00,Academic Block,17.29,20.28,5,6,20,0,0
2026-01-19 00:00:00,Computer Lab,16.83,19.73,4,5,45,0,0
2026-01-19 00:00:00,Library,8.51,20.12,5,3,15,0,0
2026-01-19 00:00:00,Hostel A,16.88,18.42,35,8,10,0,0
2026-01-19 01:00:00,Academic Block,21.8,20.76,5,6,20,0,1
2026-01-19 01:00:00,Computer Lab,12.83,21.81,4,5,45,0,1
2026-01-19 01:00:00,Library,12.03,21.88,5,3,15,0,1
2026-01-19 01:00:00,Hostel A,18.5,18.32,35,8,10,0,1
2026-01-19 02:00:00,Academic Block,19.53,21.98,5,6,20,0,2
2026-01-19 02:00:00,Computer Lab,16.59,19.1,4,5,45,0,2
2026-01-19 02:00:00,Library,10.29,18.1,5,3,15,0,2
2026-01-19 02:00:00,Hostel A,18.98,22.04,35,8,10,0,2
2026-01-19 03:00:00,Academic Block,20.03,20.87,5,6,20,0,3
2026-01-19 03:00:00,Computer Lab,17.64,22.63,4,5,45,0,3
2026-01-19 03:00:00,Library,12.25,22.51,5,3,15,0,3
2026-01-19 03:00:00,Hostel A,19.35,22.34,35,8,10,0,3
2026-01-19 04:00:00,Academic Block,18.34,22.61,5,6,20,0,4
2026-01-19 04:00:00,Computer Lab,14.24,21.05,4,5,45,0,4
2026-01-19 04:00:00,Library,10.99,22.16,5,3,15,0,4
2026-01-19 04:00:00,Hostel A,18.89,24.23,35,8,10,0,4
2026-01-19 05:00:00,Academic Block,20.32,24.91,5,6,20,0,5
2026-01-19 05:00:00,Computer Lab,16.56,23.43,4,5,45,0,5
2026-01-19 05:00:00,Library,12.61,23.41,5,3,15,0,5
2026-01-19 05:00:00,Hostel A,17.16,24.47,35,8,10,0,5
2026-01-19 06:00:00,Academic Block,21.17,25.19,5,6,20,0,6
2026-01-19 06:00:00,Computer Lab,16.34,24.78,4,5,45,0,6
2026-01-19 06:00:00,Library,9.07,25.66,5,3,15,0,6
2026-01-19 06:00:00,Hostel A,20.46,25.61,80,8,10,0,6
2026-01-19 07:00:00,Academic Block,20.31,25.54,5,6,20,0,7
2026-01-19 07:00:00,Computer Lab,16.22,26.72,4,5,45,0,7
2026-01-19 07:00:00,Library,11.7,26.83,5,3,15,0,7
2026-01-19 07:00:00,Hostel A,23.97,26.31,80,8,10,0,7
2026-01-19 08:00:00,Academic Block,22.84,26.63,45,6,20,0,8
2026-01-19 08:00:00,Computer Lab,15.09,27.13,4,5,45,0,8
2026-01-19 08:00:00,Library,13.53,26.4,5,3,15,0,8
2026-01-19 08:00:00,Hostel A,26.0,27.96,80,8,10,0,8
2026-01-19 09:00:00,Academic Block,22.69,26.69,45,6,20,0,9
2026-01-19 09:00:00,Computer Lab,30.41,30.41,40,5,45,0,9
2026-01-19 09:00:00,Library,21.76,30.1,25,3,15,0,9
2026-01-19 09:00:00,Hostel A,27.17,29.1,35,8,10,0,9
2026-01-19 10:00:00,Academic Block,34.89,30.46,45,6,20,0,10
2026-01-19 10:00:00,Computer Lab,29.33,30.37,40,5,45,0,10
2026-01-19 10:00:00,Library,20.38,29.54,25,3,15,0,10
2026-01-19 10:00:00,Hostel A,29.97,29.15,35,8,10,0,10
2026-01-19 11:00:00,Academic Block,31.11,29.51,45,6,20,0,11
2026-01-19 11:00:00,Computer Lab,36.51,31.76,40,5,45,0,11
2026-01-19 11:00:00,Library,19.17,28.92,25,3,15,0,11
2026-01-19 11:00:00,Hostel A,26.71,28.94,35,8,10,0,11
2026-01-19 12:00:00,Academic Block,35.59,31.24,45,6,20,0,12
2026-01-19 12:00:00,Computer Lab,32.52,31.11,40,5,45,0,12
2026-01-19 12:00:00,Library,20.97,29.75,25,3,15,0,12
2026-01-19 12:00:00,Hostel A,34.64,30.7,35,8,10,0,12
2026-01-19 13:00:00,Academic Block,36.39,30.69,45,6,20,0,13
2026-01-19 13:00:00,Computer Lab,23.86,28.32,40,5,45,0,13
2026-01-19 13:00:00,Library,27.13,31.49,25,3,15,0,13
2026-01-19 13:00:00,Hostel A,34.06,30.69,35,8,10,0,13
2026-01-19 14:00:00,Academic Block,34.79,29.92,45,6,20,0,14
2026-01-19 14:00:00,Computer Lab,31.21,30.2,40,5,45,0,14
2026-01-19 14:00:00,Library,20.29,29.77,25,3,15,0,14
2026-01-19 14:00:00,Hostel A,24.22,28.6,35,8,10,0,14
2026-01-19 15:00:00,Academic Block,30.38,28.94,45,6,20,0,15
2026-01-19 15:00:00,Computer Lab,24.89,29.2,40,5,45,0,15
2026-01-19 15:00:00,Library,22.37,29.31,25,3,15,0,15
2026-01-19 15:00:00,Hostel A,27.1,28.63,35,8,10,0,15
2026-01-19 16:00:00,Academic Block,29.4,27.87,45,6,20,0,16
2026-01-19 16:00:00,Computer Lab,19.24,26.27,40,5,45,0,16
2026-01-19 16:00:00,Library,12.16,26.54,25,3,15,0,16
2026-01-19 16:00:00,Hostel A,24.22,27.44,35,8,10,0,16
2026-01-19 17:00:00,Academic Block,29.07,28.46,45,6,20,0,17
2026-01-19 17:00:00,Computer Lab,22.29,25.84,40,5,45,0,17
2026-01-19 17:00:00,Library,11.37,25.78,25,3,15,0,17
2026-01-19 17:00:00,Hostel A,21.04,24.16,35,8,10,0,17
2026-01-19 18:00:00,Academic Block,23.11,26.16,12,6,20,0,18
2026-01-19 18:00:00,Computer Lab,17.86,23.33,4,5,45,0,18
2026-01-19 18:00:00,Library,13.43,25.08,25,3,15,0,18
2026-01-19 18:00:00,Hostel A,24.75,23.02,80,8,10,0,18
2026-01-19 19:00:00,Academic Block,19.2,24.65,12,6,20,0,19
2026-01-19 19:00:00,Computer Lab,14.52,24.48,4,5,45,0,19
2026-01-19 19:00:00,Library,11.53,23.01,25,3,15,0,19
2026-01-19 19:00:00,Hostel A,23.84,21.48,80,8,10,0,19
2026-01-19 20:00:00,Academic Block,18.21,23.93,12,6,20,0,20
2026-01-19 20:00:00,Computer Lab,15.27,22.92,4,5,45,0,20
2026-01-19 20:00:00,Library,11.28,22.89,25,3,15,0,20
2026-01-19 20:00:00,Hostel A,24.13,21.44,80,8,10,0,20
2026-01-19 21:00:00,Academic Block,22.29,21.39,12,6,20,0,21
2026-01-19 21:00:00,Computer Lab,14.28,21.52,4,5,45,0,21
2026-01-19 21:00:00,Library,11.57,22.94,5,3,15,0,21
2026-01-19 21:00:00,Hostel A,24.34,22.34,80,8,10,0,21
2026-01-19 22:00:00,Academic Block,18.51,19.89,5,6,20,0,22
2026-01-19 22:00:00,Computer Lab,13.73,20.46,4,5,45,0,22
2026-01-19 22:00:00,Library,12.63,20.35,5,3,15,0,22
2026-01-19 22:00:00,Hostel A,20.53,20.95,80,8,10,0,22
2026-01-19 23:00:00,Academic Block,21.2,18.3,5,6,20,0,23
2026-01-19 23:00:00,Computer Lab,14.7,20.06,4,5,45,0,23
2026-01-19 23:00:00,Library,8.41,19.84,5,3,15,0,23
2026-01-19 23:00:00,Hostel A,18.36,21.88,35,8,10,0,23
2026-01-20 00:00:00,Academic Block,18.78,21.64,5,6,20,1,0
2026-01-20 00:00:00,Computer Lab,16.06,21.72,4,5,45,1,0
2026-01-20 00:00:00,Library,11.7,21.02,5,3,15,1,0
2026-01-20 00:00:00,Hostel A,19.47,20.75,35,8,10,1,0
2026-01-20 01:00:00,Academic Block,21.57,19.89,5,6,20,1,1
2026-01-20 01:00:00,Computer Lab,15.68,19.08,4,5,45,1,1
2026-01-20 01:00:00,Library,11.23,20.19,5,3,15,1,1
2026-01-20 01:00:00,Hostel A,19.42,19.66,35,8,10,1,1
2026-01-20 02:00:00,Academic Block,16.33,20.47,5,6,20,1,2
2026-01-20 02:00:00,Computer Lab,14.02,20.68,4,5,45,1,2
2026-01-20 02:00:00,Library,10.83,18.59,5,3,15,1,2
2026-01-20 02:00:00,Hostel A,19.74,21.26,35,8,10,1,2
2026-01-20 03:00:00,Academic Block,15.8,22.15,5,6,20,1,3
2026-01-20 03:00:00,Computer Lab,18.63,19.83,4,5,45,1,3
2026-01-20 03:00:00,Library,11.54,20.21,5,3,15,1,3
2026-01-20 03:00:00,Hostel A,19.07,20.64,35,8,10,1,3
2026-01-20 04:00:00,Academic Block,19.54,21.74,5,6,20,1,4
2026-01-20 04:00:00,Computer Lab,15.0,22.66,4,5,45,1,4
2026-01-20 04:00:00,Library,11.03,21.24,5,3,15,1,4
2026-01-20 04:00:00,Hostel A,19.59,21.04,35,8,10,1,4
2026-01-20 05:00:00,Academic Block,21.93,26.86,5,6,20,1,5
2026-01-20 05:00:00,Computer Lab,15.54,24.57,4,5,45,1,5
2026-01-20 05:00:00,Library,8.64,21.38,5,3,15,1,5
2026-01-20 05:00:00,Hostel A,17.77,25.25,35,8,10,1,5
2026-01-20 06:00:00,Academic Block,18.45,24.16,5,6,20,1,6
2026-01-20 06:00:00,Computer Lab,13.83,23.73,4,5,45,1,6
2026-01-20 06:00:00,Library,9.29,24.94,5,3,15,1,6
2026-01-20 06:00:00,Hostel A,21.38,24.11,80,8,10,1,6
2026-01-20 07:00:00,Academic Block,19.64,26.92,5,6,20,1,7
2026-01-20 07:00:00,Computer Lab,16.68,26.08,4,5,45,1,7
2026-01-20 07:00:00,Library,10.38,26.12,5,3,15,1,7
2026-01-20 07:00:00,Hostel A,24.75,26.86,80,8,10,1,7
2026-01-20 08:00:00,Academic Block,24.55,27.32,45,6,20,1,8
2026-01-20 08:00:00,Computer Lab,15.17,26.56,4,5,45,1,8
2026-01-20 08:00:00,Library,16.18,28.42,5,3,15,1,8
2026-01-20 08:00:00,Hostel A,28.77,28.05,80,8,10,1,8
2026-01-20 09:00:00,Academic Block,29.91,28.59,45,6,20,1,9
2026-01-20 09:00:00,Computer Lab,29.69,29.66,40,5,45,1,9
2026-01-20 09:00:00,Library,19.17,28.41,25,3,15,1,9
2026-01-20 09:00:00,Hostel A,28.9,28.81,35,8,10,1,9
2026-01-20 10:00:00,Academic Block,33.01,29.67,45,6,20,1,10
2026-01-20 10:00:00,Computer Lab,25.56,28.45,40,5,45,1,10
2026-01-20 10:00:00,Library,27.14,32.74,25,3,15,1,10
2026-01-20 10:00:00,Hostel A,29.83,29.42,35,8,10,1,10
2026-01-20 11:00:00,Academic Block,33.47,29.24,45,6,20,1,11
2026-01-20 11:00:00,Computer Lab,25.61,29.02,40,5,45,1,11
2026-01-20 11:00:00,Library,14.75,27.92,25,3,15,1,11
2026-01-20 11:00:00,Hostel A,24.57,27.78,35,8,10,1,11
2026-01-20 12:00:00,Academic Block,45.01,33.36,45,6,20,1,12
2026-01-20 12:00:00,Computer Lab,24.45,28.0,40,5,45,1,12
2026-01-20 12:00:00,Library,20.79,29.13,25,3,15,1,12
2026-01-20 12:00:00,Hostel A,30.58,29.66,35,8,10,1,12
2026-01-20 13:00:00,Academic Block,33.59,29.62,45,6,20,1,13
2026-01-20 13:00:00,Computer Lab,27.26,29.56,40,5,45,1,13
2026-01-20 13:00:00,Library,18.07,29.59,25,3,15,1,13
2026-01-20 13:00:00,Hostel A,31.56,30.31,35,8,10,1,13
2026-01-20 14:00:00,Academic Block,30.73,28.8,45,6,20,1,14
2026-01-20 14:00:00,Computer Lab,29.32,29.69,40,5,45,1,14
2026-01-20 14:00:00,Library,20.9,29.25,25,3,15,1,14
2026-01-20 14:00:00,Hostel A,35.47,30.44,35,8,10,1,14
2026-01-20 15:00:00,Academic Block,33.7,29.65,45,6,20,1,15
2026-01-20 15:00:00,Computer Lab,21.11,28.01,40,5,45,1,15
2026-01-20 15:00:00,Library,19.44,29.04,25,3,15,1,15
2026-01-20 15:00:00,Hostel A,30.89,29.84,35,8,10,1,15
2026-01-20 16:00:00,Academic Block,23.17,26.41,45,6,20,1,16
2026-01-20 16:00:00,Computer Lab,18.43,27.41,40,5,45,1,16
2026-01-20 16:00:00,Library,13.17,27.95,25,3,15,1,16
2026-01-20 16:00:00,Hostel A,21.49,26.37,35,8,10,1,16
2026-01-20 17:00:00,Academic Block,26.67,28.48,45,6,20,1,17
2026-01-20 17:00:00,Computer Lab,18.61,25.9,40,5,45,1,17
2026-01-20 17:00:00,Library,16.39,28.43,25,3,15,1,17
2026-01-20 17:00:00,Hostel A,21.27,25.72,35,8,10,1,17
2026-01-20 18:00:00,Academic Block,20.34,24.55,12,6,20,1,18
2026-01-20 18:00:00,Computer Lab,15.41,23.23,4,5,45,1,18
2026-01-20 18:00:00,Library,10.64,23.01,25,3,15,1,18
2026-01-20 18:00:00,Hostel A,22.49,26.01,80,8,10,1,18
2026-01-20 19:00:00,Academic Block,18.14,23.32,12,6,20,1,19
2026-01-20 19:00:00,Computer Lab,16.12,23.44,4,5,45,1,19
2026-01-20 19:00:00,Library,8.29,24.89,25,3,15,1,19
2026-01-20 19:00:00,Hostel A,22.79,22.71,80,8,10,1,19
2026-01-20 20:00:00,Academic Block,19.87,22.38,12,6,20,1,20
2026-01-20 20:00:00,Computer Lab,15.21,22.82,4,5,45,1,20
2026-01-20 20:00:00,Library,11.86,21.87,25,3,15,1,20
2026-01-20 20:00:00,Hostel A,21.45,23.88,80,8,10,1,20
2026-01-20 21:00:00,Academic Block,19.54,21.39,12,6,20,1,21
2026-01-20 21:00:00,Computer Lab,15.22,23.34,4,5,45,1,21
2026-01-20 21:00:00,Library,12.47,22.62,5,3,15,1,21
2026-01-20 21:00:00,Hostel A,22.23,21.39,80,8,10,1,21
2026-01-20 22:00:00,Academic Block,18.32,20.28,5,6,20,1,22
2026-01-20 22:00:00,Computer Lab,16.02,21.69,4,5,45,1,22
2026-01-20 22:00:00,Library,8.94,20.95,5,3,15,1,22
2026-01-20 22:00:00,Hostel A,25.77,19.51,80,8,10,1,22
2026-01-20 23:00:00,Academic Block,17.54,19.96,5,6,20,1,23
2026-01-20 23:00:00,Computer Lab,16.09,21.89,4,5,45,1,23
2026-01-20 23:00:00,Library,10.42,20.86,5,3,15,1,23
2026-01-20 23:00:00,Hostel A,18.7,19.79,35,8,10,1,23
2026-01-21 00:00:00,Academic Block,18.57,18.34,5,6,20,2,0
2026-01-21 00:00:00,Computer Lab,18.45,20.36,4,5,45,2,0
2026-01-21 00:00:00,Library,7.12,20.1,5,3,15,2,0
2026-01-21 00:00:00,Hostel A,23.06,19.89,35,8,10,2,0
2026-01-21 01:00:00,Academic Block,17.48,21.21,5,6,20,2,1
2026-01-21 01:00:00,Computer Lab,14.56,20.88,4,5,45,2,1
2026-01-21 01:00:00,Library,10.1,18.55,5,3,15,2,1
2026-01-21 01:00:00,Hostel A,16.14,20.28,35,8,10,2,1
2026-01-21 02:00:00,Academic Block,18.72,19.29,5,6,20,2,2
2026-01-21 02:00:00,Computer Lab,16.26,20.18,4,5,45,2,2
2026-01-21 02:00:00,Library,11.7,19.21,5,3,15,2,2
2026-01-21 02:00:00,Hostel A,21.41,19.25,35,8,10,2,2
2026-01-21 03:00:00,Academic Block,17.06,19.41,5,6,20,2,3
2026-01-21 03:00:00,Computer Lab,18.17,21.97,4,5,45,2,3
2026-01-21 03:00:00,Library,11.47,21.84,5,3,15,2,3
2026-01-21 03:00:00,Hostel A,17.41,21.49,35,8,10,2,3
2026-01-21 04:00:00,Academic Block,16.88,21.91,5,6,20,2,4
2026-01-21 04:00:00,Computer Lab,16.27,20.97,4,5,45,2,4
2026-01-21 04:00:00,Library,11.1,21.15,5,3,15,2,4
2026-01-21 04:00:00,Hostel A,19.39,20.94,35,8,10,2,4
2026-01-21 05:00:00,Academic Block,20.81,23.12,5,6,20,2,5
2026-01-21 05:00:00,Computer Lab,17.52,24.09,4,5,45,2,5
2026-01-21 05:00:00,Library,10.71,22.8,5,3,15,2,5
2026-01-21 05:00:00,Hostel A,18.33,22.53,35,8,10,2,5
2026-01-21 06:00:00,Academic Block,17.61,24.69,5,6,20,2,6
2026-01-21 06:00:00,Computer Lab,13.55,23.54,4,5,45,2,6
2026-01-21 06:00:00,Library,9.04,22.19,5,3,15,2,6
2026-01-21 06:00:00,Hostel A,20.15,25.75,80,8,10,2,6
2026-01-21 07:00:00,Academic Block,21.39,24.65,5,6,20,2,7
2026-01-21 07:00:00,Computer Lab,16.15,25.53,4,5,45,2,7
2026-01-21 07:00:00,Library,13.18,27.06,5,3,15,2,7
2026-01-21 07:00:00,Hostel A,22.2,24.47,80,8,10,2,7
2026-01-21 08:00:00,Academic Block,25.57,25.56,45,6,20,2,8
2026-01-21 08:00:00,Computer Lab,14.1,25.59,4,5,45,2,8
2026-01-21 08:00:00,Library,8.73,26.25,5,3,15,2,8
2026-01-21 08:00:00,Hostel A,36.5,29.12,80,8,10,2,8
2026-01-21 09:00:00,Academic Block,24.7,27.96,45,6,20,2,9
2026-01-21 09:00:00,Computer Lab,18.18,25.85,40,5,45,2,9
2026-01-21 09:00:00,Library,15.48,28.16,25,3,15,2,9
2026-01-21 09:00:00,Hostel A,28.51,28.8,35,8,10,2,9
2026-01-21 10:00:00,Academic Block,32.34,29.72,45,6,20,2,10
2026-01-21 10:00:00,Computer Lab,24.12,28.01,40,5,45,2,10
2026-01-21 10:00:00,Library,20.7,29.35,25,3,15,2,10
2026-01-21 10:00:00,Hostel A,31.99,30.28,35,8,10,2,10
2026-01-21 11:00:00,Academic Block,26.05,28.11,45,6,20,2,11
2026-01-21 11:00:00,Computer Lab,26.0,28.56,40,5,45,2,11
2026-01-21 11:00:00,Library,23.24,30.25,25,3,15,2,11
2026-01-21 11:00:00,Hostel A,34.55,30.31,35,8,10,2,11
2026-01-21 12:00:00,Academic Block,39.54,31.44,45,6,20,2,12
2026-01-21 12:00:00,Computer Lab,31.88,30.08,40,5,45,2,12
2026-01-21 12:00:00,Library,20.86,30.14,25,3,15,2,12
2026-01-21 12:00:00,Hostel A,29.78,28.99,35,8,10,2,12
2026-01-21 13:00:00,Academic Block,38.32,31.31,45,6,20,2,13
2026-01-21 13:00:00,Computer Lab,30.85,31.4,40,5,45,2,13
2026-01-21 13:00:00,Library,20.33,29.76,25,3,15,2,13
2026-01-21 13:00:00,Hostel A,32.15,28.96,35,8,10,2,13
2026-01-21 14:00:00,Academic Block,30.57,29.25,45,6,20,2,14
2026-01-21 14:00:00,Computer Lab,24.38,29.36,40,5,45,2,14
2026-01-21 14:00:00,Library,18.57,28.42,25,3,15,2,14
2026-01-21 14:00:00,Hostel A,25.72,28.58,35,8,10,2,14
2026-01-21 15:00:00,Academic Block,36.18,30.11,45,6,20,2,15
2026-01-21 15:00:00,Computer Lab,26.06,29.16,40,5,45,2,15
2026-01-21 15:00:00,Library,15.48,28.25,25,3,15,2,15
2026-01-21 15:00:00,Hostel A,20.22,27.34,35,8,10,2,15
2026-01-21 16:00:00,Academic Block,21.41,26.76,45,6,20,2,16
2026-01-21 16:00:00,Computer Lab,18.88,25.62,40,5,45,2,16
2026-01-21 16:00:00,Library,18.09,27.78,25,3,15,2,16
2026-01-21 16:00:00,Hostel A,20.37,26.7,35,8,10,2,16
2026-01-21 17:00:00,Academic Block,22.46,26.67,45,6,20,2,17
2026-01-21 17:00:00,Computer Lab,21.7,27.19,40,5,45,2,17
2026-01-21 17:00:00,Library,12.8,26.69,25,3,15,2,17
2026-01-21 17:00:00,Hostel A,16.9,25.87,35,8,10,2,17
2026-01-21 18:00:00,Academic Block,18.33,24.03,12,6,20,2,18
2026-01-21 18:00:00,Computer Lab,16.33,23.65,4,5,45,2,18
2026-01-21 18:00:00,Library,11.47,26.44,25,3,15,2,18
2026-01-21 18:00:00,Hostel A,21.0,25.34,80,8,10,2,18
2026-01-21 19:00:00,Academic Block,18.22,23.34,12,6,20,2,19
2026-01-21 19:00:00,Computer Lab,14.65,24.43,4,5,45,2,19
2026-01-21 19:00:00,Library,11.86,24.92,25,3,15,2,19
2026-01-21 19:00:00,Hostel A,20.67,22.93,80,8,10,2,19
2026-01-21 20:00:00,Academic Block,20.6,22.8,12,6,20,2,20
2026-01-21 20:00:00,Computer Lab,19.03,22.83,4,5,45,2,20
2026-01-21 20:00:00,Library,11.76,24.22,25,3,15,2,20
2026-01-21 20:00:00,Hostel A,23.25,22.12,80,8,10,2,20
2026-01-21 21:00:00,Academic Block,21.01,20.46,12,6,20,2,21
2026-01-21 21:00:00,Computer Lab,16.05,21.9,4,5,45,2,21
2026-01-21 21:00:00,Library,13.21,22.29,5,3,15,2,21
2026-01-21 21:00:00,Hostel A,22.38,21.67,80,8,10,2,21
2026-01-21 22:00:00,Academic Block,20.15,22.48,5,6,20,2,22
2026-01-21 22:00:00,Computer Lab,15.68,20.28,4,5,45,2,22
2026-01-21 22:00:00,Library,11.17,20.9,5,3,15,2,22
2026-01-21 22:00:00,Hostel A,20.24,19.04,80,8,10,2,22
2026-01-21 23:00:00,Academic Block,17.25,19.11,5,6,20,2,23
2026-01-21 23:00:00,Computer Lab,16.62,19.4,4,5,45,2,23
2026-01-21 23:00:00,Library,10.92,19.97,5,3,15,2,23
2026-01-21 23:00:00,Hostel A,18.26,18.7,35,8,10,2,23
2026-01-22 00:00:00,Academic Block,19.59,20.7,5,6,20,3,0
2026-01-22 00:00:00,Computer Lab,15.91,19.13,4,5,45,3,0
2026-01-22 00:00:00,Library,10.6,22.64,5,3,15,3,0
2026-01-22 00:00:00,Hostel A,18.69,19.17,35,8,10,3,0
2026-01-22 01:00:00,Academic Block,18.47,20.28,5,6,20,3,1
2026-01-22 01:00:00,Computer Lab,13.5,20.13,4,5,45,3,1
2026-01-22 01:00:00,Library,10.4,19.02,5,3,15,3,1
2026-01-22 01:00:00,Hostel A,18.1,19.97,35,8,10,3,1
2026-01-22 02:00:00,Academic Block,18.79,20.46,5,6,20,3,2
2026-01-22 02:00:00,Computer Lab,15.52,21.74,4,5,45,3,2
2026-01-22 02:00:00,Library,9.81,21.15,5,3,15,3,2
2026-01-22 02:00:00,Hostel A,19.51,21.36,35,8,10,3,2
2026-01-22 03:00:00,Academic Block,19.77,22.5,5,6,20,3,3
2026-01-22 03:00:00,Computer Lab,15.52,22.17,4,5,45,3,3
2026-01-22 03:00:00,Library,12.22,21.76,5,3,15,3,3
2026-01-22 03:00:00,Hostel A,18.01,20.68,35,8,10,3,3
2026-01-22 04:00:00,Academic Block,19.32,22.72,5,6,20,3,4
2026-01-22 04:00:00,Computer Lab,15.56,21.51,4,5,45,3,4
2026-01-22 04:00:00,Library,7.3,22.39,5,3,15,3,4
2026-01-22 04:00:00,Hostel A,18.71,22.24,35,8,10,3,4
2026-01-22 05:00:00,Academic Block,20.82,23.51,5,6,20,3,5
2026-01-22 05:00:00,Computer Lab,14.43,22.25,4,5,45,3,5
2026-01-22 05:00:00,Library,9.9,20.57,5,3,15,3,5
2026-01-22 05:00:00,Hostel A,18.19,23.23,35,8,10,3,5
2026-01-22 06:00:00,Academic Block,20.45,26.33,5,6,20,3,6
2026-01-22 06:00:00,Computer Lab,15.11,25.09,4,5,45,3,6
2026-01-22 06:00:00,Library,10.92,26.23,5,3,15,3,6
2026-01-22 06:00:00,Hostel A,19.98,24.02,80,8,10,3,6
2026-01-22 07:00:00,Academic Block,19.83,25.76,5,6,20,3,7
2026-01-22 07:00:00,Computer Lab,23.54,29.03,4,5,45,3,7
2026-01-22 07:00:00,Library,8.85,25.38,5,3,15,3,7
2026-01-22 07:00:00,Hostel A,21.24,26.96,80,8,10,3,7
2026-01-22 08:00:00,Academic Block,28.59,28.16,45,6,20,3,8
2026-01-22 08:00:00,Computer Lab,19.96,28.02,4,5,45,3,8
2026-01-22 08:00:00,Library,15.17,28.18,5,3,15,3,8
2026-01-22 08:00:00,Hostel A,26.12,26.57,80,8,10,3,8
2026-01-22 09:00:00,Academic Block,28.36,28.11,45,6,20,3,9
2026-01-22 09:00:00,Computer Lab,20.46,25.63,40,5,45,3,9
2026-01-22 09:00:00,Library,21.75,30.3,25,3,15,3,9
2026-01-22 09:00:00,Hostel A,30.45,29.21,35,8,10,3,9
2026-01-22 10:00:00,Academic Block,29.58,28.56,45,6,20,3,10
2026-01-22 10:00:00,Computer Lab,23.32,28.36,40,5,45,3,10
2026-01-22 10:00:00,Library,24.11,30.68,25,3,15,3,10
2026-01-22 10:00:00,Hostel A,25.48,28.48,35,8,10,3,10
2026-01-22 11:00:00,Academic Block,31.59,29.05,45,6,20,3,11
2026-01-22 11:00:00,Computer Lab,25.62,28.63,40,5,45,3,11
2026-01-22 11:00:00,Library,22.62,30.73,25,3,15,3,11
2026-01-22 11:00:00,Hostel A,36.87,31.04,35,8,10,3,11
2026-01-22 12:00:00,Academic Block,31.44,29.74,45,6,20,3,12
2026-01-22 12:00:00,Computer Lab,32.1,31.22,40,5,45,3,12
2026-01-22 12:00:00,Library,21.9,30.42,25,3,15,3,12
2026-01-22 12:00:00,Hostel A,26.73,28.74,35,8,10,3,12
2026-01-22 13:00:00,Academic Block,39.31,31.49,45,6,20,3,13
2026-01-22 13:00:00,Computer Lab,25.51,28.62,40,5,45,3,13
2026-01-22 13:00:00,Library,25.31,29.65,25,3,15,3,13
2026-01-22 13:00:00,Hostel A,33.1,30.17,35,8,10,3,13
2026-01-22 14:00:00,Academic Block,34.66,31.03,45,6,20,3,14
2026-01-22 14:00:00,Computer Lab,30.64,29.44,40,5,45,3,14
2026-01-22 14:00:00,Library,16.39,29.19,25,3,15,3,14
2026-01-22 14:00:00,Hostel A,30.32,28.86,35,8,10,3,14
2026-01-22 15:00:00,Academic Block,29.0,28.99,45,6,20,3,15
2026-01-22 15:00:00,Computer Lab,21.36,27.71,40,5,45,3,15
2026-01-22 15:00:00,Library,20.46,28.97,25,3,15,3,15
2026-01-22 15:00:00,Hostel A,32.79,29.8,35,8,10,3,15
2026-01-22 16:00:00,Academic Block,19.91,25.9,45,6,20,3,16
2026-01-22 16:00:00,Computer Lab,21.52,28.14,40,5,45,3,16
2026-01-22 16:00:00,Library,14.64,27.23,25,3,15,3,16
2026-01-22 16:00:00,Hostel A,17.6,26.13,35,8,10,3,16
2026-01-22 17:00:00,Academic Block,22.91,26.18,45,6,20,3,17
2026-01-22 17:00:00,Computer Lab,22.65,27.57,40,5,45,3,17
2026-01-22 17:00:00,Library,11.64,26.38,25,3,15,3,17
2026-01-22 17:00:00,Hostel A,18.18,25.01,35,8,10,3,17
2026-01-22 18:00:00,Academic Block,19.76,25.49,12,6,20,3,18
2026-01-22 18:00:00,Computer Lab,14.49,22.48,4,5,45,3,18
2026-01-22 18:00:00,Library,12.97,26.45,25,3,15,3,18
2026-01-22 18:00:00,Hostel A,26.08,23.3,80,8,10,3,18
2026-01-22 19:00:00,Academic Block,19.84,23.67,12,6,20,3,19
2026-01-22 19:00:00,Computer Lab,15.12,24.19,4,5,45,3,19
2026-01-22 19:00:00,Library,15.41,22.83,25,3,15,3,19
2026-01-22 19:00:00,Hostel A,23.78,24.91,80,8,10,3,19
2026-01-22 20:00:00,Academic Block,17.76,23.19,12,6,20,3,20
2026-01-22 20:00:00,Computer Lab,14.41,24.03,4,5,45,3,20
2026-01-22 20:00:00,Library,9.77,22.84,25,3,15,3,20
2026-01-22 20:00:00,Hostel A,23.03,20.05,80,8,10,3,20
2026-01-22 21:00:00,Academic Block,16.28,20.49,12,6,20,3,21
2026-01-22 21:00:00,Computer Lab,18.85,22.11,4,5,45,3,21
2026-01-22 21:00:00,Library,10.24,23.13,5,3,15,3,21
2026-01-22 21:00:00,Hostel A,23.88,21.48,80,8,10,3,21
2026-01-22 22:00:00,Academic Block,18.18,22.02,5,6,20,3,22
2026-01-22 22:00:00,Computer Lab,16.12,20.71,4,5,45,3,22
2026-01-22 22:00:00,Library,10.43,21.33,5,3,15,3,22
2026-01-22 22:00:00,Hostel A,24.62,20.53,80,8,10,3,22
2026-01-22 23:00:00,Academic Block,19.42,21.62,5,6,20,3,23
2026-01-22 23:00:00,Computer Lab,15.09,22.23,4,5,45,3,23
2026-01-22 23:00:00,Library,11.44,22.12,5,3,15,3,23
2026-01-22 23:00:00,Hostel A,17.16,24.1,35,8,10,3,23
2026-01-23 00:00:00,Academic Block,19.33,19.17,5,6,20,4,0
2026-01-23 00:00:00,Computer Lab,18.6,20.48,4,5,45,4,0
2026-01-23 00:00:00,Library,11.98,19.2,5,3,15,4,0
2026-01-23 00:00:00,Hostel A,20.01,21.39,35,8,10,4,0
2026-01-23 01:00:00,Academic Block,20.81,19.02,5,6,20,4,1
2026-01-23 01:00:00,Computer Lab,16.57,21.65,4,5,45,4,1
2026-01-23 01:00:00,Library,10.96,20.42,5,3,15,4,1
2026-01-23 01:00:00,Hostel A,19.91,20.08,35,8,10,4,1
2026-01-23 02:00:00,Academic Block,17.43,20.71,5,6,20,4,2
2026-01-23 02:00:00,Computer Lab,14.54,19.41,4,5,45,4,2
2026-01-23 02:00:00,Library,10.58,20.94,5,3,15,4,2
2026-01-23 02:00:00,Hostel A,19.7,20.93,35,8,10,4,2
2026-01-23 03:00:00,Academic Block,20.9,20.71,5,6,20,4,3
2026-01-23 03:00:00,Computer Lab,15.02,21.14,4,5,45,4,3
2026-01-23 03:00:00,Library,7.87,22.04,5,3,15,4,3
2026-01-23 03:00:00,Hostel A,20.42,20.52,35,8,10,4,3
2026-01-23 04:00:00,Academic Block,20.38,20.42,5,6,20,4,4
2026-01-23 04:00:00,Computer Lab,15.12,24.31,4,5,45,4,4
2026-01-23 04:00:00,Library,12.3,22.85,5,3,15,4,4
2026-01-23 04:00:00,Hostel A,20.25,21.94,35,8,10,4,4
2026-01-23 05:00:00,Academic Block,17.98,22.9,5,6,20,4,5
2026-01-23 05:00:00,Computer Lab,16.18,22.75,4,5,45,4,5
2026-01-23 05:00:00,Library,10.35,25.1,5,3,15,4,5
2026-01-23 05:00:00,Hostel A,17.33,22.18,35,8,10,4,5
2026-01-23 06:00:00,Academic Block,21.47,25.47,5,6,20,4,6
2026-01-23 06:00:00,Computer Lab,15.09,25.47,4,5,45,4,6
2026-01-23 06:00:00,Library,10.27,25.92,5,3,15,4,6
2026-01-23 06:00:00,Hostel A,21.11,24.55,80,8,10,4,6
2026-01-23 07:00:00,Academic Block,19.74,27.98,5,6,20,4,7
2026-01-23 07:00:00,Computer Lab,17.17,27.25,4,5,45,4,7
2026-01-23 07:00:00,Library,13.16,25.8,5,3,15,4,7
2026-01-23 07:00:00,Hostel A,21.53,25.44,80,8,10,4,7
2026-01-23 08:00:00,Academic Block,25.12,27.34,45,6,20,4,8
2026-01-23 08:00:00,Computer Lab,14.67,26.97,4,5,45,4,8
2026-01-23 08:00:00,Library,13.19,26.46,5,3,15,4,8
2026-01-23 08:00:00,Hostel A,27.1,27.59,80,8,10,4,8
2026-01-23 09:00:00,Academic Block,26.59,28.22,45,6,20,4,9
2026-01-23 09:00:00,Computer Lab,30.85,30.55,40,5,45,4,9
2026-01-23 09:00:00,Library,17.73,28.0,25,3,15,4,9
2026-01-23 09:00:00,Hostel A,22.27,27.67,35,8,10,4,9
2026-01-23 10:00:00,Academic Block,31.5,29.34,45,6,20,4,10
2026-01-23 10:00:00,Computer Lab,31.41,29.64,40,5,45,4,10
2026-01-23 10:00:00,Library,16.76,29.73,25,3,15,4,10
2026-01-23 10:00:00,Hostel A,31.84,29.72,35,8,10,4,10
2026-01-23 11:00:00,Academic Block,33.76,29.88,45,6,20,4,11
2026-01-23 11:00:00,Computer Lab,28.68,29.8,40,5,45,4,11
2026-01-23 11:00:00,Library,21.55,30.57,25,3,15,4,11
2026-01-23 11:00:00,Hostel A,31.99,28.69,35,8,10,4,11
2026-01-23 12:00:00,Academic Block,30.94,29.14,45,6,20,4,12
2026-01-23 12:00:00,Computer Lab,23.92,28.21,40,5,45,4,12
2026-01-23 12:00:00,Library,17.57,28.88,25,3,15,4,12
2026-01-23 12:00:00,Hostel A,38.93,31.25,35,8,10,4,12
2026-01-23 13:00:00,Academic Block,32.93,30.51,45,6,20,4,13
2026-01-23 13:00:00,Computer Lab,34.02,32.03,40,5,45,4,13
2026-01-23 13:00:00,Library,26.58,31.66,25,3,15,4,13
2026-01-23 13:00:00,Hostel A,33.86,30.52,35,8,10,4,13
2026-01-23 14:00:00,Academic Block,31.39,29.51,45,6,20,4,14
2026-01-23 14:00:00,Computer Lab,27.02,29.36,40,5,45,4,14
2026-01-23 14:00:00,Library,15.14,26.88,25,3,15,4,14
2026-01-23 14:00:00,Hostel A,29.0,29.23,35,8,10,4,14
2026-01-23 15:00:00,Academic Block,26.86,27.86,45,6,20,4,15
2026-01-23 15:00:00,Computer Lab,18.03,27.46,40,5,45,4,15
2026-01-23 15:00:00,Library,19.36,29.02,25,3,15,4,15
2026-01-23 15:00:00,Hostel A,24.07,28.3,35,8,10,4,15
2026-01-23 16:00:00,Academic Block,23.23,27.61,45,6,20,4,16
2026-01-23 16:00:00,Computer Lab,17.8,26.27,40,5,45,4,16
2026-01-23 16:00:00,Library,16.79,28.51,25,3,15,4,16
2026-01-23 16:00:00,Hostel A,23.23,26.96,35,8,10,4,16
2026-01-23 17:00:00,Academic Block,23.41,26.72,45,6,20,4,17
2026-01-23 17:00:00,Computer Lab,17.66,25.85,40,5,45,4,17
2026-01-23 17:00:00,Library,13.68,23.67,25,3,15,4,17
2026-01-23 17:00:00,Hostel A,19.85,26.83,35,8,10,4,17
2026-01-23 18:00:00,Academic Block,20.36,24.84,12,6,20,4,18
2026-01-23 18:00:00,Computer Lab,14.79,23.13,4,5,45,4,18
2026-01-23 18:00:00,Library,14.88,23.64,25,3,15,4,18
2026-01-23 18:00:00,Hostel A,19.32,26.05,80,8,10,4,18
2026-01-23 19:00:00,Academic Block,19.06,21.89,12,6,20,4,19
2026-01-23 19:00:00,Computer Lab,13.68,23.14,4,5,45,4,19
2026-01-23 19:00:00,Library,12.75,26.04,25,3,15,4,19
2026-01-23 19:00:00,Hostel A,21.51,24.28,80,8,10,4,19
2026-01-23 20:00:00,Academic Block,18.69,23.37,12,6,20,4,20
2026-01-23 20:00:00,Computer Lab,16.59,22.16,4,5,45,4,20
2026-01-23 20:00:00,Library,14.62,20.55,25,3,15,4,20
2026-01-23 20:00:00,Hostel A,24.47,22.72,80,8,10,4,20
2026-01-23 21:00:00,Academic Block,17.88,20.17,12,6,20,4,21
2026-01-23 21:00:00,Computer Lab,16.05,20.07,4,5,45,4,21
2026-01-23 21:00:00,Library,9.93,21.54,5,3,15,4,21
2026-01-23 21:00:00,Hostel A,20.65,20.25,80,8,10,4,21
2026-01-23 22:00:00,Academic Block,18.0,20.61,5,6,20,4,22
2026-01-23 22:00:00,Computer Lab,17.99,19.85,4,5,45,4,22
2026-01-23 22:00:00,Library,12.53,20.57,5,3,15,4,22
2026-01-23 22:00:00,Hostel A,22.92,20.03,80,8,10,4,22
2026-01-23 23:00:00,Academic Block,16.15,20.1,5,6,20,4,23
2026-01-23 23:00:00,Computer Lab,15.47,21.88,4,5,45,4,23
2026-01-23 23:00:00,Library,9.5,21.07,5,3,15,4,23
2026-01-23 23:00:00,Hostel A,17.65,19.97,35,8,10,4,23
2026-01-24 00:00:00,Academic Block,19.17,21.48,5,6,20,5,0
2026-01-24 00:00:00,Computer Lab,17.71,20.44,4,5,45,5,0
2026-01-24 00:00:00,Library,11.77,21.39,5,3,15,5,0
2026-01-24 00:00:00,Hostel A,17.91,18.29,35,8,10,5,0
2026-01-24 01:00:00,Academic Block,19.79,18.97,5,6,20,5,1
2026-01-24 01:00:00,Computer Lab,13.58,20.38,4,5,45,5,1
2026-01-24 01:00:00,Library,8.38,19.94,5,3,15,5,1
2026-01-24 01:00:00,Hostel A,16.47,20.11,35,8,10,5,1
2026-01-24 02:00:00,Academic Block,19.27,21.3,5,6,20,5,2
2026-01-24 02:00:00,Computer Lab,16.94,22.96,4,5,45,5,2
2026-01-24 02:00:00,Library,11.85,20.16,5,3,15,5,2
2026-01-24 02:00:00,Hostel A,17.51,18.99,35,8,10,5,2
2026-01-24 03:00:00,Academic Block,15.46,21.86,5,6,20,5,3
2026-01-24 03:00:00,Computer Lab,14.14,21.42,4,5,45,5,3
2026-01-24 03:00:00,Library,9.01,21.59,5,3,15,5,3
2026-01-24 03:00:00,Hostel A,18.98,21.97,35,8,10,5,3
2026-01-24 04:00:00,Academic Block,18.71,24.18,5,6,20,5,4
2026-01-24 04:00:00,Computer Lab,15.3,21.58,4,5,45,5,4
2026-01-24 04:00:00,Library,11.23,20.89,5,3,15,5,4
2026-01-24 04:00:00,Hostel A,22.65,23.21,35,8,10,5,4
2026-01-24 05:00:00,Academic Block,18.3,22.96,5,6,20,5,5
2026-01-24 05:00:00,Computer Lab,15.99,23.01,4,5,45,5,5
2026-01-24 05:00:00,Library,10.54,24.16,5,3,15,5,5
2026-01-24 05:00:00,Hostel A,18.02,25.01,35,8,10,5,5
2026-01-24 06:00:00,Academic Block,19.76,26.18,5,6,20,5,6
2026-01-24 06:00:00,Computer Lab,15.2,24.99,4,5,45,5,6
2026-01-24 06:00:00,Library,13.03,27.91,5,3,15,5,6
2026-01-24 06:00:00,Hostel A,21.42,25.36,80,8,10,5,6
2026-01-24 07:00:00,Academic Block,26.46,28.44,5,6,20,5,7
2026-01-24 07:00:00,Computer Lab,16.44,25.48,4,5,45,5,7
2026-01-24 07:00:00,Library,10.69,26.6,5,3,15,5,7
2026-01-24 07:00:00,Hostel A,25.39,27.2,80,8,10,5,7
2026-01-24 08:00:00,Academic Block,22.69,27.76,5,6,20,5,8
2026-01-24 08:00:00,Computer Lab,20.62,28.02,4,5,45,5,8
2026-01-24 08:00:00,Library,12.46,27.57,5,3,15,5,8
2026-01-24 08:00:00,Hostel A,33.01,29.53,80,8,10,5,8
2026-01-24 09:00:00,Academic Block,26.79,29.05,5,6,20,5,9
2026-01-24 09:00:00,Computer Lab,27.2,30.65,4,5,45,5,9
2026-01-24 09:00:00,Library,13.77,27.65,25,3,15,5,9
2026-01-24 09:00:00,Hostel A,26.37,28.92,35,8,10,5,9
2026-01-24 10:00:00,Academic Block,23.02,28.76,5,6,20,5,10
2026-01-24 10:00:00,Computer Lab,24.57,29.62,4,5,45,5,10
2026-01-24 10:00:00,Library,16.59,27.54,25,3,15,5,10
2026-01-24 10:00:00,Hostel A,24.74,27.76,35,8,10,5,10
2026-01-24 11:00:00,Academic Block,29.46,28.99,5,6,20,5,11
2026-01-24 11:00:00,Computer Lab,27.3,30.73,4,5,45,5,11
2026-01-24 11:00:00,Library,18.77,28.73,25,3,15,5,11
2026-01-24 11:00:00,Hostel A,30.66,29.51,35,8,10,5,11
2026-01-24 12:00:00,Academic Block,34.82,31.53,5,6,20,5,12
2026-01-24 12:00:00,Computer Lab,28.3,30.11,4,5,45,5,12
2026-01-24 12:00:00,Library,23.11,30.97,25,3,15,5,12
2026-01-24 12:00:00,Hostel A,28.89,29.65,35,8,10,5,12
2026-01-24 13:00:00,Academic Block,26.05,28.56,5,6,20,5,13
2026-01-24 13:00:00,Computer Lab,25.57,29.66,4,5,45,5,13
2026-01-24 13:00:00,Library,21.83,31.08,25,3,15,5,13
2026-01-24 13:00:00,Hostel A,31.33,29.55,35,8,10,5,13
2026-01-24 14:00:00,Academic Block,27.45,28.49,5,6,20,5,14
2026-01-24 14:00:00,Computer Lab,28.28,30.42,4,5,45,5,14
2026-01-24 14:00:00,Library,22.36,31.48,25,3,15,5,14
2026-01-24 14:00:00,Hostel A,30.65,29.32,35,8,10,5,14
2026-01-24 15:00:00,Academic Block,22.08,27.44,5,6,20,5,15
2026-01-24 15:00:00,Computer Lab,18.76,27.21,4,5,45,5,15
2026-01-24 15:00:00,Library,20.91,29.8,25,3,15,5,15
2026-01-24 15:00:00,Hostel A,17.94,26.31,35,8,10,5,15
2026-01-24 16:00:00,Academic Block,24.25,28.18,5,6,20,5,16
2026-01-24 16:00:00,Computer Lab,17.53,24.27,4,5,45,5,16
2026-01-24 16:00:00,Library,14.02,27.66,25,3,15,5,16
2026-01-24 16:00:00,Hostel A,26.45,28.69,35,8,10,5,16
2026-01-24 17:00:00,Academic Block,19.24,25.47,5,6,20,5,17
2026-01-24 17:00:00,Computer Lab,24.01,28.43,4,5,45,5,17
2026-01-24 17:00:00,Library,13.93,26.73,25,3,15,5,17
2026-01-24 17:00:00,Hostel A,19.49,27.24,35,8,10,5,17
2026-01-24 18:00:00,Academic Block,18.16,25.77,12,6,20,5,18
2026-01-24 18:00:00,Computer Lab,15.33,25.38,4,5,45,5,18
2026-01-24 18:00:00,Library,12.4,25.6,25,3,15,5,18
2026-01-24 18:00:00,Hostel A,22.82,21.31,80,8,10,5,18
2026-01-24 19:00:00,Academic Block,19.93,24.48,12,6,20,5,19
2026-01-24 19:00:00,Computer Lab,18.13,23.58,4,5,45,5,19
2026-01-24 19:00:00,Library,12.88,24.08,25,3,15,5,19
2026-01-24 19:00:00,Hostel A,23.09,24.96,80,8,10,5,19
2026-01-24 20:00:00,Academic Block,15.6,21.42,12,6,20,5,20
2026-01-24 20:00:00,Computer Lab,16.81,21.93,4,5,45,5,20
2026-01-24 20:00:00,Library,13.43,22.08,25,3,15,5,20
2026-01-24 20:00:00,Hostel A,24.48,22.68,80,8,10,5,20
2026-01-24 21:00:00,Academic Block,19.96,21.11,12,6,20,5,21
2026-01-24 21:00:00,Computer Lab,17.92,22.07,4,5,45,5,21
2026-01-24 21:00:00,Library,9.94,19.42,5,3,15,5,21
2026-01-24 21:00:00,Hostel A,24.87,22.48,80,8,10,5,21
2026-01-24 22:00:00,Academic Block,18.26,20.96,5,6,20,5,22
2026-01-24 22:00:00,Computer Lab,16.97,21.58,4,5,45,5,22
2026-01-24 22:00:00,Library,11.12,20.24,5,3,15,5,22
2026-01-24 22:00:00,Hostel A,25.39,22.09,80,8,10,5,22
2026-01-24 23:00:00,Academic Block,18.77,21.06,5,6,20,5,23
2026-01-24 23:00:00,Computer Lab,16.51,20.11,4,5,45,5,23
2026-01-24 23:00:00,Library,10.91,20.03,5,3,15,5,23
2026-01-24 23:00:00,Hostel A,20.9,18.9,35,8,10,5,23
2026-01-25 00:00:00,Academic Block,18.05,18.63,5,6,20,6,0
2026-01-25 00:00:00,Computer Lab,18.66,20.12,4,5,45,6,0
2026-01-25 00:00:00,Library,9.63,19.49,5,3,15,6,0
2026-01-25 00:00:00,Hostel A,21.44,19.34,35,8,10,6,0
2026-01-25 01:00:00,Academic Block,17.2,16.8,5,6,20,6,1
2026-01-25 01:00:00,Computer Lab,16.56,23.45,4,5,45,6,1
2026-01-25 01:00:00,Library,10.56,18.84,5,3,15,6,1
2026-01-25 01:00:00,Hostel A,20.22,20.25,35,8,10,6,1
2026-01-25 02:00:00,Academic Block,19.28,22.88,5,6,20,6,2
2026-01-25 02:00:00,Computer Lab,16.85,20.02,4,5,45,6,2
2026-01-25 02:00:00,Library,9.07,19.83,5,3,15,6,2
2026-01-25 02:00:00,Hostel A,16.6,18.56,35,8,10,6,2
2026-01-25 03:00:00,Academic Block,16.93,20.39,5,6,20,6,3
2026-01-25 03:00:00,Computer Lab,13.87,21.84,4,5,45,6,3
2026-01-25 03:00:00,Library,9.06,17.69,5,3,15,6,3
2026-01-25 03:00:00,Hostel A,18.04,20.9,35,8,10,6,3
2026-01-25 04:00:00,Academic Block,17.78,24.32,5,6,20,6,4
2026-01-25 04:00:00,Computer Lab,15.64,23.56,4,5,45,6,4
2026-01-25 04:00:00,Library,9.37,22.45,5,3,15,6,4
2026-01-25 04:00:00,Hostel A,17.8,22.43,35,8,10,6,4
2026-01-25 05:00:00,Academic Block,18.35,23.91,5,6,20,6,5
2026-01-25 05:00:00,Computer Lab,17.16,22.57,4,5,45,6,5
2026-01-25 05:00:00,Library,9.95,24.22,5,3,15,6,5
2026-01-25 05:00:00,Hostel A,18.82,23.88,35,8,10,6,5
2026-01-25 06:00:00,Academic Block,18.81,23.96,5,6,20,6,6
2026-01-25 06:00:00,Computer Lab,14.25,24.25,4,5,45,6,6
2026-01-25 06:00:00,Library,10.09,23.05,5,3,15,6,6
2026-01-25 06:00:00,Hostel A,21.51,25.68,80,8,10,6,6
2026-01-25 07:00:00,Academic Block,29.54,29.32,5,6,20,6,7
2026-01-25 07:00:00,Computer Lab,20.97,27.86,4,5,45,6,7
2026-01-25 07:00:00,Library,14.56,28.52,5,3,15,6,7
2026-01-25 07:00:00,Hostel A,21.88,23.22,80,8,10,6,7
2026-01-25 08:00:00,Academic Block,24.42,28.17,5,6,20,6,8
2026-01-25 08:00:00,Computer Lab,21.67,27.83,4,5,45,6,8
2026-01-25 08:00:00,Library,15.57,27.96,5,3,15,6,8
2026-01-25 08:00:00,Hostel A,21.43,26.37,80,8,10,6,8
2026-01-25 09:00:00,Academic Block,32.4,30.47,5,6,20,6,9
2026-01-25 09:00:00,Computer Lab,18.62,27.79,4,5,45,6,9
2026-01-25 09:00:00,Library,12.82,27.76,5,3,15,6,9
2026-01-25 09:00:00,Hostel A,18.09,27.0,35,8,10,6,9
2026-01-25 10:00:00,Academic Block,26.55,29.1,5,6,20,6,10
2026-01-25 10:00:00,Computer Lab,29.03,30.66,4,5,45,6,10
2026-01-25 10:00:00,Library,17.4,29.65,5,3,15,6,10
2026-01-25 10:00:00,Hostel A,30.07,29.18,35,8,10,6,10
2026-01-25 11:00:00,Academic Block,32.87,30.69,5,6,20,6,11
2026-01-25 11:00:00,Computer Lab,30.07,31.12,4,5,45,6,11
2026-01-25 11:00:00,Library,20.55,30.78,5,3,15,6,11
2026-01-25 11:00:00,Hostel A,23.5,27.65,35,8,10,6,11
2026-01-25 12:00:00,Academic Block,34.51,30.87,5,6,20,6,12
2026-01-25 12:00:00,Computer Lab,27.59,30.51,4,5,45,6,12
2026-01-25 12:00:00,Library,17.83,29.03,5,3,15,6,12
2026-01-25 12:00:00,Hostel A,34.26,30.51,35,8,10,6,12
2026-01-25 13:00:00,Academic Block,33.34,31.16,5,6,20,6,13
2026-01-25 13:00:00,Computer Lab,26.23,29.13,4,5,45,6,13
2026-01-25 13:00:00,Library,20.97,30.87,5,3,15,6,13
2026-01-25 13:00:00,Hostel A,33.92,30.17,35,8,10,6,13
2026-01-25 14:00:00,Academic Block,17.39,26.04,5,6,20,6,14
2026-01-25 14:00:00,Computer Lab,23.68,29.27,4,5,45,6,14
2026-01-25 14:00:00,Library,20.15,29.63,5,3,15,6,14
2026-01-25 14:00:00,Hostel A,26.93,28.94,35,8,10,6,14
2026-01-25 15:00:00,Academic Block,26.35,28.93,5,6,20,6,15
2026-01-25 15:00:00,Computer Lab,20.88,28.35,4,5,45,6,15
2026-01-25 15:00:00,Library,19.02,31.23,5,3,15,6,15
2026-01-25 15:00:00,Hostel A,24.84,28.07,35,8,10,6,15
2026-01-25 16:00:00,Academic Block,20.84,26.56,5,6,20,6,16
2026-01-25 16:00:00,Computer Lab,21.65,28.48,4,5,45,6,16
2026-01-25 16:00:00,Library,12.29,27.18,5,3,15,6,16
2026-01-25 16:00:00,Hostel A,21.8,27.37,35,8,10,6,16
2026-01-25 17:00:00,Academic Block,19.17,26.07,5,6,20,6,17
2026-01-25 17:00:00,Computer Lab,15.85,27.2,4,5,45,6,17
2026-01-25 17:00:00,Library,8.0,25.03,5,3,15,6,17
2026-01-25 17:00:00,Hostel A,22.13,27.33,35,8,10,6,17
2026-01-25 18:00:00,Academic Block,17.12,25.61,12,6,20,6,18
2026-01-25 18:00:00,Computer Lab,16.6,27.14,4,5,45,6,18
2026-01-25 18:00:00,Library,11.91,25.2,5,3,15,6,18
2026-01-25 18:00:00,Hostel A,21.73,23.82,80,8,10,6,18
2026-01-25 19:00:00,Academic Block,23.55,23.92,12,6,20,6,19
2026-01-25 19:00:00,Computer Lab,18.08,24.07,4,5,45,6,19
2026-01-25 19:00:00,Library,11.18,25.15,5,3,15,6,19
2026-01-25 19:00:00,Hostel A,24.14,22.52,80,8,10,6,19
2026-01-25 20:00:00,Academic Block,21.66,20.7,12,6,20,6,20
2026-01-25 20:00:00,Computer Lab,11.69,22.74,4,5,45,6,20
2026-01-25 20:00:00,Library,11.61,22.09,5,3,15,6,20
2026-01-25 20:00:00,Hostel A,23.62,22.22,80,8,10,6,20
2026-01-25 21:00:00,Academic Block,17.3,20.44,12,6,20,6,21
2026-01-25 21:00:00,Computer Lab,15.72,21.38,4,5,45,6,21
2026-01-25 21:00:00,Library,12.47,21.05,5,3,15,6,21
2026-01-25 21:00:00,Hostel A,23.02,20.44,80,8,10,6,21
2026-01-25 22:00:00,Academic Block,16.36,20.75,5,6,20,6,22
2026-01-25 22:00:00,Computer Lab,15.69,19.09,4,5,45,6,22
2026-01-25 22:00:00,Library,11.49,23.05,5,3,15,6,22
2026-01-25 22:00:00,Hostel A,17.88,18.6,80,8,10,6,22
2026-01-25 23:00:00,Academic Block,18.56,21.05,5,6,20,6,23
2026-01-25 23:00:00,Computer Lab,14.35,21.54,4,5,45,6,23
2026-01-25 23:00:00,Library,11.89,20.59,5,3,15,6,23
2026-01-25 23:00:00,Hostel A,18.31,19.63,35,8,10,6,23
2026-01-26 00:00:00,Academic Block,19.51,20.03,5,6,20,0,0
2026-01-26 00:00:00,Computer Lab,17.13,19.98,4,5,45,0,0
2026-01-26 00:00:00,Library,8.63,19.45,5,3,15,0,0
2026-01-26 00:00:00,Hostel A,18.04,22.37,35,8,10,0,0
2026-01-26 01:00:00,Academic Block,18.6,19.49,5,6,20,0,1
2026-01-26 01:00:00,Computer Lab,15.09,20.25,4,5,45,0,1
2026-01-26 01:00:00,Library,10.57,20.15,5,3,15,0,1
2026-01-26 01:00:00,Hostel A,15.41,20.38,35,8,10,0,1
2026-01-26 02:00:00,Academic Block,18.48,22.93,5,6,20,0,2
2026-01-26 02:00:00,Computer Lab,13.6,21.37,4,5,45,0,2
2026-01-26 02:00:00,Library,9.62,20.1,5,3,15,0,2
2026-01-26 02:00:00,Hostel A,18.07,22.43,35,8,10,0,2
2026-01-26 03:00:00,Academic Block,17.72,22.37,5,6,20,0,3
2026-01-26 03:00:00,Computer Lab,15.3,20.92,4,5,45,0,3
2026-01-26 03:00:00,Library,7.79,23.01,5,3,15,0,3
2026-01-26 03:00:00,Hostel A,16.03,19.89,35,8,10,0,3
2026-01-26 04:00:00,Academic Block,17.48,21.19,5,6,20,0,4
2026-01-26 04:00:00,Computer Lab,14.57,20.56,4,5,45,0,4
2026-01-26 04:00:00,Library,9.1,20.08,5,3,15,0,4
2026-01-26 04:00:00,Hostel A,19.56,23.94,35,8,10,0,4
2026-01-26 05:00:00,Academic Block,17.2,23.93,5,6,20,0,5
2026-01-26 05:00:00,Computer Lab,13.96,21.86,4,5,45,0,5
2026-01-26 05:00:00,Library,11.93,23.65,5,3,15,0,5
2026-01-26 05:00:00,Hostel A,19.9,24.79,35,8,10,0,5
2026-01-26 06:00:00,Academic Block,18.74,24.11,5,6,20,0,6
2026-01-26 06:00:00,Computer Lab,15.37,24.61,4,5,45,0,6
2026-01-26 06:00:00,Library,10.47,27.44,5,3,15,0,6
2026-01-26 06:00:00,Hostel A,24.37,24.72,80,8,10,0,6
2026-01-26 07:00:00,Academic Block,17.73,24.54,5,6,20,0,7
2026-01-26 07:00:00,Computer Lab,15.34,25.66,4,5,45,0,7
2026-01-26 07:00:00,Library,11.52,24.38,5,3,15,0,7
2026-01-26 07:00:00,Hostel A,25.11,27.09,80,8,10,0,7
2026-01-26 08:00:00,Academic Block,22.67,26.46,45,6,20,0,8
2026-01-26 08:00:00,Computer Lab,15.76,26.42,4,5,45,0,8
2026-01-26 08:00:00,Library,19.72,30.08,5,3,15,0,8
2026-01-26 08:00:00,Hostel A,22.93,26.07,80,8,10,0,8
2026-01-26 09:00:00,Academic Block,21.38,26.91,45,6,20,0,9
2026-01-26 09:00:00,Computer Lab,20.19,27.29,40,5,45,0,9
2026-01-26 09:00:00,Library,21.01,29.66,25,3,15,0,9
2026-01-26 09:00:00,Hostel A,27.79,29.16,35,8,10,0,9
2026-01-26 10:00:00,Academic Block,29.59,28.68,45,6,20,0,10
2026-01-26 10:00:00,Computer Lab,24.5,28.58,40,5,45,0,10
2026-01-26 10:00:00,Library,20.11,29.86,25,3,15,0,10
2026-01-26 10:00:00,Hostel A,33.66,29.6,35,8,10,0,10
2026-01-26 11:00:00,Academic Block,34.25,29.62,45,6,20,0,11
2026-01-26 11:00:00,Computer Lab,28.78,30.5,40,5,45,0,11
2026-01-26 11:00:00,Library,16.07,28.51,25,3,15,0,11
2026-01-26 11:00:00,Hostel A,27.79,28.8,35,8,10,0,11
2026-01-26 12:00:00,Academic Block,38.26,30.74,45,6,20,0,12
2026-01-26 12:00:00,Computer Lab,29.9,30.37,40,5,45,0,12
2026-01-26 12:00:00,Library,14.96,27.5,25,3,15,0,12
2026-01-26 12:00:00,Hostel A,33.35,30.03,35,8,10,0,12
2026-01-26 13:00:00,Academic Block,43.91,32.36,45,6,20,0,13
2026-01-26 13:00:00,Computer Lab,30.39,30.77,40,5,45,0,13
2026-01-26 13:00:00,Library,18.91,29.21,25,3,15,0,13
2026-01-26 13:00:00,Hostel A,29.08,28.9,35,8,10,0,13
2026-01-26 14:00:00,Academic Block,31.32,29.76,45,6,20,0,14
2026-01-26 14:00:00,Computer Lab,31.97,30.77,40,5,45,0,14
2026-01-26 14:00:00,Library,14.17,27.26,25,3,15,0,14
2026-01-26 14:00:00,Hostel A,33.01,29.67,35,8,10,0,14
2026-01-26 15:00:00,Academic Block,28.5,28.13,45,6,20,0,15
2026-01-26 15:00:00,Computer Lab,23.52,28.76,40,5,45,0,15
2026-01-26 15:00:00,Library,15.08,26.84,25,3,15,0,15
2026-01-26 15:00:00,Hostel A,33.31,29.97,35,8,10,0,15
2026-01-26 16:00:00,Academic Block,32.92,29.29,45,6,20,0,16
2026-01-26 16:00:00,Computer Lab,22.74,28.32,40,5,45,0,16
2026-01-26 16:00:00,Library,20.74,29.58,25,3,15,0,16
2026-01-26 16:00:00,Hostel A,19.5,27.04,35,8,10,0,16
2026-01-26 17:00:00,Academic Block,20.24,26.6,45,6,20,0,17
2026-01-26 17:00:00,Computer Lab,18.94,27.13,40,5,45,0,17
2026-01-26 17:00:00,Library,12.48,26.74,25,3,15,0,17
2026-01-26 17:00:00,Hostel A,17.81,25.98,35,8,10,0,17
2026-01-26 18:00:00,Academic Block,22.09,24.81,12,6,20,0,18
2026-01-26 18:00:00,Computer Lab,17.13,26.66,4,5,45,0,18
2026-01-26 18:00:00,Library,13.49,24.97,25,3,15,0,18
2026-01-26 18:00:00,Hostel A,21.8,26.36,80,8,10,0,18
2026-01-26 19:00:00,Academic Block,16.53,23.61,12,6,20,0,19
2026-01-26 19:00:00,Computer Lab,18.77,25.05,4,5,45,0,19
2026-01-26 19:00:00,Library,9.04,23.8,25,3,15,0,19
2026-01-26 19:00:00,Hostel A,21.19,24.44,80,8,10,0,19
2026-01-26 20:00:00,Academic Block,20.2,21.7,12,6,20,0,20
2026-01-26 20:00:00,Computer Lab,14.94,22.81,4,5,45,0,20
2026-01-26 20:00:00,Library,12.41,21.72,25,3,15,0,20
2026-01-26 20:00:00,Hostel A,20.89,22.01,80,8,10,0,20
2026-01-26 21:00:00,Academic Block,19.77,21.07,12,6,20,0,21
2026-01-26 21:00:00,Computer Lab,13.55,21.25,4,5,45,0,21
2026-01-26 21:00:00,Library,6.52,22.65,5,3,15,0,21
2026-01-26 21:00:00,Hostel A,21.62,20.93,80,8,10,0,21
2026-01-26 22:00:00,Academic Block,19.54,20.85,5,6,20,0,22
2026-01-26 22:00:00,Computer Lab,14.6,22.02,4,5,45,0,22
2026-01-26 22:00:00,Library,10.92,21.37,5,3,15,0,22
2026-01-26 22:00:00,Hostel A,25.4,18.62,80,8,10,0,22
2026-01-26 23:00:00,Academic Block,19.33,18.44,5,6,20,0,23
2026-01-26 23:00:00,Computer Lab,16.08,20.64,4,5,45,0,23
2026-01-26 23:00:00,Library,11.87,19.58,5,3,15,0,23
2026-01-26 23:00:00,Hostel A,18.85,18.3,35,8,10,0,23
2026-01-27 00:00:00,Academic Block,17.68,19.32,5,6,20,1,0
2026-01-27 00:00:00,Computer Lab,17.29,20.51,4,5,45,1,0
2026-01-27 00:00:00,Library,11.8,19.59,5,3,15,1,0
2026-01-27 00:00:00,Hostel A,17.61,20.06,35,8,10,1,0
2026-01-27 01:00:00,Academic Block,18.25,19.86,5,6,20,1,1
2026-01-27 01:00:00,Computer Lab,16.31,19.33,4,5,45,1,1
2026-01-27 01:00:00,Library,8.24,20.45,5,3,15,1,1
2026-01-27 01:00:00,Hostel A,19.59,18.19,35,8,10,1,1
2026-01-27 02:00:00,Academic Block,19.15,19.69,5,6,20,1,2
2026-01-27 02:00:00,Computer Lab,13.76,21.61,4,5,45,1,2
2026-01-27 02:00:00,Library,13.14,18.98,5,3,15,1,2
2026-01-27 02:00:00,Hostel A,18.32,21.09,35,8,10,1,2
2026-01-27 03:00:00,Academic Block,17.93,20.34,5,6,20,1,3
2026-01-27 03:00:00,Computer Lab,17.0,20.04,4,5,45,1,3
2026-01-27 03:00:00,Library,12.27,20.53,5,3,15,1,3
2026-01-27 03:00:00,Hostel A,17.38,20.98,35,8,10,1,3
2026-01-27 04:00:00,Academic Block,14.76,21.99,5,6,20,1,4
2026-01-27 04:00:00,Computer Lab,15.41,22.36,4,5,45,1,4
2026-01-27 04:00:00,Library,7.8,23.49,5,3,15,1,4
2026-01-27 04:00:00,Hostel A,20.18,23.89,35,8,10,1,4
2026-01-27 05:00:00,Academic Block,18.62,25.21,5,6,20,1,5
2026-01-27 05:00:00,Computer Lab,13.46,24.92,4,5,45,1,5
2026-01-27 05:00:00,Library,9.47,24.56,5,3,15,1,5
2026-01-27 05:00:00,Hostel A,17.26,21.72,35,8,10,1,5
2026-01-27 06:00:00,Academic Block,17.46,25.01,5,6,20,1,6
2026-01-27 06:00:00,Computer Lab,12.96,25.45,4,5,45,1,6
2026-01-27 06:00:00,Library,12.68,22.45,5,3,15,1,6
2026-01-27 06:00:00,Hostel A,21.09,26.08,80,8,10,1,6
2026-01-27 07:00:00,Academic Block,20.64,26.29,5,6,20,1,7
2026-01-27 07:00:00,Computer Lab,17.01,26.8,4,5,45,1,7
2026-01-27 07:00:00,Library,12.42,27.61,5,3,15,1,7
2026-01-27 07:00:00,Hostel A,22.99,26.33,80,8,10,1,7
2026-01-27 08:00:00,Academic Block,23.32,27.17,45,6,20,1,8
2026-01-27 08:00:00,Computer Lab,18.97,27.59,4,5,45,1,8
2026-01-27 08:00:00,Library,12.17,26.24,5,3,15,1,8
2026-01-27 08:00:00,Hostel A,22.68,26.33,80,8,10,1,8
2026-01-27 09:00:00,Academic Block,27.97,28.18,45,6,20,1,9
2026-01-27 09:00:00,Computer Lab,19.89,25.99,40,5,45,1,9
2026-01-27 09:00:00,Library,17.23,27.72,25,3,15,1,9
2026-01-27 09:00:00,Hostel A,24.32,27.96,35,8,10,1,9
2026-01-27 10:00:00,Academic Block,39.08,31.63,45,6,20,1,10
2026-01-27 10:00:00,Computer Lab,32.03,30.82,40,5,45,1,10
2026-01-27 10:00:00,Library,20.66,29.83,25,3,15,1,10
2026-01-27 10:00:00,Hostel A,33.38,30.35,35,8,10,1,10
2026-01-27 11:00:00,Academic Block,28.11,28.65,45,6,20,1,11
2026-01-27 11:00:00,Computer Lab,28.91,29.95,40,5,45,1,11
2026-01-27 11:00:00,Library,24.6,30.68,25,3,15,1,11
2026-01-27 11:00:00,Hostel A,26.22,28.66,35,8,10,1,11
2026-01-27 12:00:00,Academic Block,30.81,28.28,45,6,20,1,12
2026-01-27 12:00:00,Computer Lab,31.27,30.37,40,5,45,1,12
2026-01-27 12:00:00,Library,17.03,28.39,25,3,15,1,12
2026-01-27 12:00:00,Hostel A,35.14,30.61,35,8,10,1,12
2026-01-27 13:00:00,Academic Block,41.19,31.12,45,6,20,1,13
2026-01-27 13:00:00,Computer Lab,23.75,28.69,40,5,45,1,13
2026-01-27 13:00:00,Library,20.39,28.78,25,3,15,1,13
2026-01-27 13:00:00,Hostel A,37.28,31.08,35,8,10,1,13
2026-01-27 14:00:00,Academic Block,30.38,29.37,45,6,20,1,14
2026-01-27 14:00:00,Computer Lab,30.08,30.4,40,5,45,1,14
2026-01-27 14:00:00,Library,19.48,29.02,25,3,15,1,14
2026-01-27 14:00:00,Hostel A,28.84,29.1,35,8,10,1,14
2026-01-27 15:00:00,Academic Block,29.91,28.55,45,6,20,1,15
2026-01-27 15:00:00,Computer Lab,31.89,30.51,40,5,45,1,15
2026-01-27 15:00:00,Library,19.45,29.5,25,3,15,1,15
2026-01-27 15:00:00,Hostel A,24.21,27.69,35,8,10,1,15
2026-01-27 16:00:00,Academic Block,23.64,27.71,45,6,20,1,16
2026-01-27 16:00:00,Computer Lab,20.16,27.11,40,5,45,1,16
2026-01-27 16:00:00,Library,15.69,26.89,25,3,15,1,16
2026-01-27 16:00:00,Hostel A,26.93,28.08,35,8,10,1,16
2026-01-27 17:00:00,Academic Block,22.88,26.61,45,6,20,1,17
2026-01-27 17:00:00,Computer Lab,18.57,25.17,40,5,45,1,17
2026-01-27 17:00:00,Library,10.61,26.31,25,3,15,1,17
2026-01-27 17:00:00,Hostel A,18.47,25.65,35,8,10,1,17
2026-01-27 18:00:00,Academic Block,19.95,25.5,12,6,20,1,18
2026-01-27 18:00:00,Computer Lab,16.37,24.3,4,5,45,1,18
2026-01-27 18:00:00,Library,7.92,24.78,25,3,15,1,18
2026-01-27 18:00:00,Hostel A,24.17,24.42,80,8,10,1,18
2026-01-27 19:00:00,Academic Block,19.43,21.69,12,6,20,1,19
2026-01-27 19:00:00,Computer Lab,14.53,25.61,4,5,45,1,19
2026-01-27 19:00:00,Library,10.27,23.71,25,3,15,1,19
2026-01-27 19:00:00,Hostel A,22.43,25.66,80,8,10,1,19
2026-01-27 20:00:00,Academic Block,21.29,22.56,12,6,20,1,20
2026-01-27 20:00:00,Computer Lab,14.36,23.29,4,5,45,1,20
2026-01-27 20:00:00,Library,12.97,21.72,25,3,15,1,20
2026-01-27 20:00:00,Hostel A,19.37,21.75,80,8,10,1,20
2026-01-27 21:00:00,Academic Block,17.04,21.4,12,6,20,1,21
2026-01-27 21:00:00,Computer Lab,15.94,23.4,4,5,45,1,21
2026-01-27 21:00:00,Library,9.58,20.38,5,3,15,1,21
2026-01-27 21:00:00,Hostel A,20.9,19.2,80,8,10,1,21
2026-01-27 22:00:00,Academic Block,22.05,21.89,5,6,20,1,22
2026-01-27 22:00:00,Computer Lab,15.53,21.54,4,5,45,1,22
2026-01-27 22:00:00,Library,9.19,20.15,5,3,15,1,22
2026-01-27 22:00:00,Hostel A,22.27,23.14,80,8,10,1,22
2026-01-27 23:00:00,Academic Block,20.79,22.71,5,6,20,1,23
2026-01-27 23:00:00,Computer Lab,14.67,18.08,4,5,45,1,23
2026-01-27 23:00:00,Library,10.51,19.37,5,3,15,1,23
2026-01-27 23:00:00,Hostel A,23.44,20.1,35,8,10,1,23
2026-01-28 00:00:00,Academic Block,19.04,18.71,5,6,20,2,0
2026-01-28 00:00:00,Computer Lab,15.67,20.74,4,5,45,2,0
2026-01-28 00:00:00,Library,9.06,20.13,5,3,15,2,0
2026-01-28 00:00:00,Hostel A,19.72,20.13,35,8,10,2,0
2026-01-28 01:00:00,Academic Block,19.56,20.56,5,6,20,2,1
2026-01-28 01:00:00,Computer Lab,17.08,21.87,4,5,45,2,1
2026-01-28 01:00:00,Library,8.87,20.26,5,3,15,2,1
2026-01-28 01:00:00,Hostel A,18.62,19.45,35,8,10,2,1
2026-01-28 02:00:00,Academic Block,17.98,20.97,5,6,20,2,2
2026-01-28 02:00:00,Computer Lab,13.89,19.55,4,5,45,2,2
2026-01-28 02:00:00,Library,10.27,18.69,5,3,15,2,2
2026-01-28 02:00:00,Hostel A,17.45,18.91,35,8,10,2,2
2026-01-28 03:00:00,Academic Block,16.7,20.99,5,6,20,2,3
2026-01-28 03:00:00,Computer Lab,16.78,21.92,4,5,45,2,3
2026-01-28 03:00:00,Library,9.97,20.81,5,3,15,2,3
2026-01-28 03:00:00,Hostel A,17.88,22.11,35,8,10,2,3
2026-01-28 04:00:00,Academic Block,20.49,21.56,5,6,20,2,4
2026-01-28 04:00:00,Computer Lab,16.57,23.56,4,5,45,2,4
2026-01-28 04:00:00,Library,7.66,23.61,5,3,15,2,4
2026-01-28 04:00:00,Hostel A,19.54,24.12,35,8,10,2,4
2026-01-28 05:00:00,Academic Block,19.28,24.92,5,6,20,2,5
2026-01-28 05:00:00,Computer Lab,15.26,23.76,4,5,45,2,5
2026-01-28 05:00:00,Library,10.16,24.15,5,3,15,2,5
2026-01-28 05:00:00,Hostel A,16.57,24.75,35,8,10,2,5
2026-01-28 06:00:00,Academic Block,21.77,24.35,5,6,20,2,6
2026-01-28 06:00:00,Computer Lab,15.31,24.25,4,5,45,2,6
2026-01-28 06:00:00,Library,11.13,23.94,5,3,15,2,6
2026-01-28 06:00:00,Hostel A,22.27,24.12,80,8,10,2,6
2026-01-28 07:00:00,Academic Block,20.15,27.31,5,6,20,2,7
2026-01-28 07:00:00,Computer Lab,19.06,27.24,4,5,45,2,7
2026-01-28 07:00:00,Library,13.61,27.56,5,3,15,2,7
2026-01-28 07:00:00,Hostel A,38.9,30.18,80,8,10,2,7
2026-01-28 08:00:00,Academic Block,25.1,27.89,45,6,20,2,8
2026-01-28 08:00:00,Computer Lab,20.42,27.38,4,5,45,2,8
2026-01-28 08:00:00,Library,20.49,29.55,5,3,15,2,8
2026-01-28 08:00:00,Hostel A,28.12,28.44,80,8,10,2,8
2026-01-28 09:00:00,Academic Block,28.86,29.12,45,6,20,2,9
2026-01-28 09:00:00,Computer Lab,19.96,26.75,40,5,45,2,9
2026-01-28 09:00:00,Library,20.28,29.16,25,3,15,2,9
2026-01-28 09:00:00,Hostel A,30.1,29.13,35,8,10,2,9
2026-01-28 10:00:00,Academic Block,27.16,28.15,45,6,20,2,10
2026-01-28 10:00:00,Computer Lab,18.59,27.52,40,5,45,2,10
2026-01-28 10:00:00,Library,20.38,30.22,25,3,15,2,10
2026-01-28 10:00:00,Hostel A,36.2,30.38,35,8,10,2,10
2026-01-28 11:00:00,Academic Block,31.49,29.09,45,6,20,2,11
2026-01-28 11:00:00,Computer Lab,23.6,29.04,40,5,45,2,11
2026-01-28 11:00:00,Library,20.21,29.98,25,3,15,2,11
2026-01-28 11:00:00,Hostel A,32.98,29.3,35,8,10,2,11
2026-01-28 12:00:00,Academic Block,27.97,28.17,45,6,20,2,12
2026-01-28 12:00:00,Computer Lab,27.0,28.81,40,5,45,2,12
2026-01-28 12:00:00,Library,22.42,30.36,25,3,15,2,12
2026-01-28 12:00:00,Hostel A,27.04,28.87,35,8,10,2,12
2026-01-28 13:00:00,Academic Block,39.75,30.94,45,6,20,2,13
2026-01-28 13:00:00,Computer Lab,29.33,30.41,40,5,45,2,13
2026-01-28 13:00:00,Library,25.2,30.24,25,3,15,2,13
2026-01-28 13:00:00,Hostel A,34.94,29.95,35,8,10,2,13
2026-01-28 14:00:00,Academic Block,28.28,28.44,45,6,20,2,14
2026-01-28 14:00:00,Computer Lab,30.23,30.07,40,5,45,2,14
2026-01-28 14:00:00,Library,15.87,28.41,25,3,15,2,14
2026-01-28 14:00:00,Hostel A,36.9,30.52,35,8,10,2,14
2026-01-28 15:00:00,Academic Block,37.73,30.35,45,6,20,2,15
2026-01-28 15:00:00,Computer Lab,24.83,28.7,40,5,45,2,15
2026-01-28 15:00:00,Library,22.43,30.16,25,3,15,2,15
2026-01-28 15:00:00,Hostel A,20.3,27.36,35,8,10,2,15
2026-01-28 16:00:00,Academic Block,26.85,28.09,45,6,20,2,16
2026-01-28 16:00:00,Computer Lab,23.03,27.47,40,5,45,2,16
2026-01-28 16:00:00,Library,19.08,28.41,25,3,15,2,16
2026-01-28 16:00:00,Hostel A,19.33,25.18,35,8,10,2,16
2026-01-28 17:00:00,Academic Block,21.46,27.13,45,6,20,2,17
2026-01-28 17:00:00,Computer Lab,17.29,25.51,40,5,45,2,17
2026-01-28 17:00:00,Library,15.11,26.32,25,3,15,2,17
2026-01-28 17:00:00,Hostel A,26.36,28.72,35,8,10,2,17
2026-01-28 18:00:00,Academic Block,20.1,25.63,12,6,20,2,18
2026-01-28 18:00:00,Computer Lab,16.27,25.47,4,5,45,2,18
2026-01-28 18:00:00,Library,14.76,25.36,25,3,15,2,18
2026-01-28 18:00:00,Hostel A,21.41,26.32,80,8,10,2,18
2026-01-28 19:00:00,Academic Block,20.6,24.66,12,6,20,2,19
2026-01-28 19:00:00,Computer Lab,17.37,24.08,4,5,45,2,19
2026-01-28 19:00:00,Library,12.53,23.93,25,3,15,2,19
2026-01-28 19:00:00,Hostel A,19.52,23.85,80,8,10,2,19
2026-01-28 20:00:00,Academic Block,18.26,22.4,12,6,20,2,20
2026-01-28 20:00:00,Computer Lab,17.82,21.08,4,5,45,2,20
2026-01-28 20:00:00,Library,12.18,23.11,25,3,15,2,20
2026-01-28 20:00:00,Hostel A,22.99,21.82,80,8,10,2,20
2026-01-28 21:00:00,Academic Block,18.02,22.65,12,6,20,2,21
2026-01-28 21:00:00,Computer Lab,16.97,21.46,4,5,45,2,21
2026-01-28 21:00:00,Library,10.54,19.14,5,3,15,2,21
2026-01-28 21:00:00,Hostel A,22.35,20.95,80,8,10,2,21
2026-01-28 22:00:00,Academic Block,18.91,20.07,5,6,20,2,22
2026-01-28 22:00:00,Computer Lab,15.18,22.98,4,5,45,2,22
2026-01-28 22:00:00,Library,13.62,21.02,5,3,15,2,22
2026-01-28 22:00:00,Hostel A,25.27,20.01,80,8,10,2,22
2026-01-28 23:00:00,Academic Block,21.37,20.18,5,6,20,2,23
2026-01-28 23:00:00,Computer Lab,16.13,21.07,4,5,45,2,23
2026-01-28 23:00:00,Library,9.69,20.09,5,3,15,2,23
2026-01-28 23:00:00,Hostel A,20.3,20.26,35,8,10,2,23
2026-01-29 00:00:00,Academic Block,18.23,19.98,5,6,20,3,0
2026-01-29 00:00:00,Computer Lab,17.16,19.7,4,5,45,3,0
2026-01-29 00:00:00,Library,9.62,21.47,5,3,15,3,0
2026-01-29 00:00:00,Hostel A,19.52,19.2,35,8,10,3,0
2026-01-29 01:00:00,Academic Block,20.42,22.0,5,6,20,3,1
2026-01-29 01:00:00,Computer Lab,15.27,18.67,4,5,45,3,1
2026-01-29 01:00:00,Library,10.22,19.05,5,3,15,3,1
2026-01-29 01:00:00,Hostel A,16.82,22.1,35,8,10,3,1
2026-01-29 02:00:00,Academic Block,17.46,18.73,5,6,20,3,2
2026-01-29 02:00:00,Computer Lab,16.6,21.01,4,5,45,3,2
2026-01-29 02:00:00,Library,12.39,21.19,5,3,15,3,2
2026-01-29 02:00:00,Hostel A,20.73,18.55,35,8,10,3,2
2026-01-29 03:00:00,Academic Block,19.8,21.09,5,6,20,3,3
2026-01-29 03:00:00,Computer Lab,15.68,19.88,4,5,45,3,3
2026-01-29 03:00:00,Library,12.36,21.75,5,3,15,3,3
2026-01-29 03:00:00,Hostel A,19.0,19.56,35,8,10,3,3
2026-01-29 04:00:00,Academic Block,19.46,21.2,5,6,20,3,4
2026-01-29 04:00:00,Computer Lab,17.6,23.43,4,5,45,3,4
2026-01-29 04:00:00,Library,12.02,21.86,5,3,15,3,4
2026-01-29 04:00:00,Hostel A,16.49,24.13,35,8,10,3,4
2026-01-29 05:00:00,Academic Block,20.14,24.44,5,6,20,3,5
2026-01-29 05:00:00,Computer Lab,13.85,23.4,4,5,45,3,5
2026-01-29 05:00:00,Library,8.83,24.84,5,3,15,3,5
2026-01-29 05:00:00,Hostel A,18.89,23.49,35,8,10,3,5
2026-01-29 06:00:00,Academic Block,17.76,25.86,5,6,20,3,6
2026-01-29 06:00:00,Computer Lab,15.82,24.18,4,5,45,3,6
2026-01-29 06:00:00,Library,14.35,26.21,5,3,15,3,6
2026-01-29 06:00:00,Hostel A,23.02,23.19,80,8,10,3,6
2026-01-29 07:00:00,Academic Block,20.23,24.99,5,6,20,3,7
2026-01-29 07:00:00,Computer Lab,14.66,25.17,4,5,45,3,7
2026-01-29 07:00:00,Library,10.51,25.59,5,3,15,3,7
2026-01-29 07:00:00,Hostel A,24.23,26.68,80,8,10,3,7
2026-01-29 08:00:00,Academic Block,23.03,27.49,45,6,20,3,8
2026-01-29 08:00:00,Computer Lab,21.32,28.37,4,5,45,3,8
2026-01-29 08:00:00,Library,15.6,28.89,5,3,15,3,8
2026-01-29 08:00:00,Hostel A,22.5,25.58,80,8,10,3,8
2026-01-29 09:00:00,Academic Block,34.36,30.09,45,6,20,3,9
2026-01-29 09:00:00,Computer Lab,22.73,28.3,40,5,45,3,9
2026-01-29 09:00:00,Library,21.01,30.64,25,3,15,3,9
2026-01-29 09:00:00,Hostel A,24.0,27.67,35,8,10,3,9
2026-01-29 10:00:00,Academic Block,25.57,27.1,45,6,20,3,10
2026-01-29 10:00:00,Computer Lab,31.0,30.08,40,5,45,3,10
2026-01-29 10:00:00,Library,20.73,30.0,25,3,15,3,10
2026-01-29 10:00:00,Hostel A,24.57,28.05,35,8,10,3,10
2026-01-29 11:00:00,Academic Block,29.84,28.66,45,6,20,3,11
2026-01-29 11:00:00,Computer Lab,34.13,30.8,40,5,45,3,11
2026-01-29 11:00:00,Library,23.04,30.28,25,3,15,3,11
2026-01-29 11:00:00,Hostel A,30.02,29.47,35,8,10,3,11
2026-01-29 12:00:00,Academic Block,35.21,30.57,45,6,20,3,12
2026-01-29 12:00:00,Computer Lab,28.83,30.32,40,5,45,3,12
2026-01-29 12:00:00,Library,19.34,28.94,25,3,15,3,12
2026-01-29 12:00:00,Hostel A,35.94,31.06,35,8,10,3,12
2026-01-29 13:00:00,Academic Block,35.22,30.63,45,6,20,3,13
2026-01-29 13:00:00,Computer Lab,31.05,29.85,40,5,45,3,13
2026-01-29 13:00:00,Library,24.13,30.8,25,3,15,3,13
2026-01-29 13:00:00,Hostel A,40.8,32.12,35,8,10,3,13
2026-01-29 14:00:00,Academic Block,26.23,28.15,45,6,20,3,14
2026-01-29 14:00:00,Computer Lab,22.8,29.02,40,5,45,3,14
2026-01-29 14:00:00,Library,17.91,29.08,25,3,15,3,14
2026-01-29 14:00:00,Hostel A,34.62,30.27,35,8,10,3,14
2026-01-29 15:00:00,Academic Block,27.04,27.81,45,6,20,3,15
2026-01-29 15:00:00,Computer Lab,26.37,29.4,40,5,45,3,15
2026-01-29 15:00:00,Library,12.6,27.94,25,3,15,3,15
2026-01-29 15:00:00,Hostel A,20.19,27.23,35,8,10,3,15
2026-01-29 16:00:00,Academic Block,23.94,27.59,45,6,20,3,16
2026-01-29 16:00:00,Computer Lab,17.95,26.88,40,5,45,3,16
2026-01-29 16:00:00,Library,15.99,27.71,25,3,15,3,16
2026-01-29 16:00:00,Hostel A,24.5,27.98,35,8,10,3,16
2026-01-29 17:00:00,Academic Block,20.97,24.44,45,6,20,3,17
2026-01-29 17:00:00,Computer Lab,17.95,25.81,40,5,45,3,17
2026-01-29 17:00:00,Library,14.9,26.38,25,3,15,3,17
2026-01-29 17:00:00,Hostel A,20.0,27.27,35,8,10,3,17
2026-01-29 18:00:00,Academic Block,20.22,25.81,12,6,20,3,18
2026-01-29 18:00:00,Computer Lab,16.94,24.03,4,5,45,3,18
2026-01-29 18:00:00,Library,10.11,24.81,25,3,15,3,18
2026-01-29 18:00:00,Hostel A,22.88,25.55,80,8,10,3,18
2026-01-29 19:00:00,Academic Block,19.2,23.43,12,6,20,3,19
2026-01-29 19:00:00,Computer Lab,16.59,22.84,4,5,45,3,19
2026-01-29 19:00:00,Library,12.47,23.65,25,3,15,3,19
2026-01-29 19:00:00,Hostel A,20.82,24.13,80,8,10,3,19
2026-01-29 20:00:00,Academic Block,15.95,21.43,12,6,20,3,20
2026-01-29 20:00:00,Computer Lab,13.85,23.18,4,5,45,3,20
2026-01-29 20:00:00,Library,12.78,22.66,25,3,15,3,20
2026-01-29 20:00:00,Hostel A,20.74,23.22,80,8,10,3,20
2026-01-29 21:00:00,Academic Block,21.77,21.39,12,6,20,3,21
2026-01-29 21:00:00,Computer Lab,17.15,23.52,4,5,45,3,21
2026-01-29 21:00:00,Library,9.12,21.87,5,3,15,3,21
2026-01-29 21:00:00,Hostel A,22.31,22.33,80,8,10,3,21
2026-01-29 22:00:00,Academic Block,17.75,21.34,5,6,20,3,22
2026-01-29 22:00:00,Computer Lab,15.92,20.46,4,5,45,3,22
2026-01-29 22:00:00,Library,11.37,20.97,5,3,15,3,22
2026-01-29 22:00:00,Hostel A,20.54,19.97,80,8,10,3,22
2026-01-29 23:00:00,Academic Block,22.43,22.12,5,6,20,3,23
2026-01-29 23:00:00,Computer Lab,13.68,20.71,4,5,45,3,23
2026-01-29 23:00:00,Library,11.39,19.24,5,3,15,3,23
2026-01-29 23:00:00,Hostel A,17.13,21.78,35,8,10,3,23
2026-01-30 00:00:00,Academic Block,18.99,19.85,5,6,20,4,0
2026-01-30 00:00:00,Computer Lab,15.15,21.04,4,5,45,4,0
2026-01-30 00:00:00,Library,11.56,18.12,5,3,15,4,0
2026-01-30 00:00:00,Hostel A,18.83,21.35,35,8,10,4,0
2026-01-30 01:00:00,Academic Block,17.99,20.66,5,6,20,4,1
2026-01-30 01:00:00,Computer Lab,17.21,19.16,4,5,45,4,1
2026-01-30 01:00:00,Library,11.36,20.64,5,3,15,4,1
2026-01-30 01:00:00,Hostel A,17.37,21.97,35,8,10,4,1
2026-01-30 02:00:00,Academic Block,18.94,20.01,5,6,20,4,2
2026-01-30 02:00:00,Computer Lab,16.84,19.99,4,5,45,4,2
2026-01-30 02:00:00,Library,9.14,20.44,5,3,15,4,2
2026-01-30 02:00:00,Hostel A,19.21,20.75,35,8,10,4,2
2026-01-30 03:00:00,Academic Block,19.29,22.59,5,6,20,4,3
2026-01-30 03:00:00,Computer Lab,16.15,22.02,4,5,45,4,3
2026-01-30 03:00:00,Library,9.55,21.24,5,3,15,4,3
2026-01-30 03:00:00,Hostel A,18.45,21.81,35,8,10,4,3
2026-01-30 04:00:00,Academic Block,20.71,24.53,5,6,20,4,4
2026-01-30 04:00:00,Computer Lab,16.24,23.26,4,5,45,4,4
2026-01-30 04:00:00,Library,8.73,22.39,5,3,15,4,4
2026-01-30 04:00:00,Hostel A,19.1,22.24,35,8,10,4,4
2026-01-30 05:00:00,Academic Block,19.4,23.98,5,6,20,4,5
2026-01-30 05:00:00,Computer Lab,14.63,24.81,4,5,45,4,5
2026-01-30 05:00:00,Library,12.8,22.89,5,3,15,4,5
2026-01-30 05:00:00,Hostel A,18.36,24.63,35,8,10,4,5
2026-01-30 06:00:00,Academic Block,18.55,24.87,5,6,20,4,6
2026-01-30 06:00:00,Computer Lab,16.38,25.04,4,5,45,4,6
2026-01-30 06:00:00,Library,14.86,28.04,5,3,15,4,6
2026-01-30 06:00:00,Hostel A,20.02,25.8,80,8,10,4,6
2026-01-30 07:00:00,Academic Block,20.54,25.71,5,6,20,4,7
2026-01-30 07:00:00,Computer Lab,10.17,26.78,4,5,45,4,7
2026-01-30 07:00:00,Library,15.15,27.1,5,3,15,4,7
2026-01-30 07:00:00,Hostel A,24.83,23.9,80,8,10,4,7
2026-01-30 08:00:00,Academic Block,23.31,24.17,45,6,20,4,8
2026-01-30 08:00:00,Computer Lab,15.09,27.49,4,5,45,4,8
2026-01-30 08:00:00,Library,16.29,28.04,5,3,15,4,8
2026-01-30 08:00:00,Hostel A,28.76,27.94,80,8,10,4,8
2026-01-30 09:00:00,Academic Block,24.15,28.04,45,6,20,4,9
2026-01-30 09:00:00,Computer Lab,30.03,29.37,40,5,45,4,9
2026-01-30 09:00:00,Library,17.73,29.89,25,3,15,4,9
2026-01-30 09:00:00,Hostel A,18.69,26.72,35,8,10,4,9
2026-01-30 10:00:00,Academic Block,24.83,27.42,45,6,20,4,10
2026-01-30 10:00:00,Computer Lab,26.63,29.8,40,5,45,4,10
2026-01-30 10:00:00,Library,22.52,30.26,25,3,15,4,10
2026-01-30 10:00:00,Hostel A,27.12,28.67,35,8,10,4,10
2026-01-30 11:00:00,Academic Block,24.52,27.49,45,6,20,4,11
2026-01-30 11:00:00,Computer Lab,29.14,29.84,40,5,45,4,11
2026-01-30 11:00:00,Library,22.04,30.28,25,3,15,4,11
2026-01-30 11:00:00,Hostel A,31.33,29.51,35,8,10,4,11
2026-01-30 12:00:00,Academic Block,37.87,31.2,45,6,20,4,12
2026-01-30 12:00:00,Computer Lab,30.32,30.38,40,5,45,4,12
2026-01-30 12:00:00,Library,19.86,29.22,25,3,15,4,12
2026-01-30 12:00:00,Hostel A,30.73,29.33,35,8,10,4,12
2026-01-30 13:00:00,Academic Block,32.87,29.86,45,6,20,4,13
2026-01-30 13:00:00,Computer Lab,26.86,29.44,40,5,45,4,13
2026-01-30 13:00:00,Library,16.29,27.85,25,3,15,4,13
2026-01-30 13:00:00,Hostel A,34.68,30.11,35,8,10,4,13
2026-01-30 14:00:00,Academic Block,32.07,28.69,45,6,20,4,14
2026-01-30 14:00:00,Computer Lab,24.54,28.87,40,5,45,4,14
2026-01-30 14:00:00,Library,13.81,28.14,25,3,15,4,14
2026-01-30 14:00:00,Hostel A,39.92,31.17,35,8,10,4,14
2026-01-30 15:00:00,Academic Block,29.85,29.26,45,6,20,4,15
2026-01-30 15:00:00,Computer Lab,31.11,30.71,40,5,45,4,15
2026-01-30 15:00:00,Library,18.75,28.21,25,3,15,4,15
2026-01-30 15:00:00,Hostel A,33.42,29.33,35,8,10,4,15
2026-01-30 16:00:00,Academic Block,25.5,27.8,45,6,20,4,16
2026-01-30 16:00:00,Computer Lab,16.85,26.77,40,5,45,4,16
2026-01-30 16:00:00,Library,15.75,27.17,25,3,15,4,16
2026-01-30 16:00:00,Hostel A,25.5,28.22,35,8,10,4,16
2026-01-30 17:00:00,Academic Block,22.24,25.1,45,6,20,4,17
2026-01-30 17:00:00,Computer Lab,22.2,27.51,40,5,45,4,17
2026-01-30 17:00:00,Library,11.72,26.49,25,3,15,4,17
2026-01-30 17:00:00,Hostel A,17.06,27.33,35,8,10,4,17
2026-01-30 18:00:00,Academic Block,23.12,25.46,12,6,20,4,18
2026-01-30 18:00:00,Computer Lab,15.31,23.19,4,5,45,4,18
2026-01-30 18:00:00,Library,11.53,24.99,25,3,15,4,18
2026-01-30 18:00:00,Hostel A,23.6,26.24,80,8,10,4,18
2026-01-30 19:00:00,Academic Block,20.46,23.89,12,6,20,4,19
2026-01-30 19:00:00,Computer Lab,20.44,23.73,4,5,45,4,19
2026-01-30 19:00:00,Library,12.52,23.89,25,3,15,4,19
2026-01-30 19:00:00,Hostel A,21.73,21.65,80,8,10,4,19
2026-01-30 20:00:00,Academic Block,17.26,23.88,12,6,20,4,20
2026-01-30 20:00:00,Computer Lab,15.72,19.91,4,5,45,4,20
2026-01-30 20:00:00,Library,12.29,24.14,25,3,15,4,20
2026-01-30 20:00:00,Hostel A,19.76,22.1,80,8,10,4,20
2026-01-30 21:00:00,Academic Block,20.25,22.01,12,6,20,4,21
2026-01-30 21:00:00,Computer Lab,17.37,19.33,4,5,45,4,21
2026-01-30 21:00:00,Library,12.32,22.38,5,3,15,4,21
2026-01-30 21:00:00,Hostel A,23.53,22.16,80,8,10,4,21
2026-01-30 22:00:00,Academic Block,20.0,21.29,5,6,20,4,22
2026-01-30 22:00:00,Computer Lab,13.42,18.49,4,5,45,4,22
2026-01-30 22:00:00,Library,10.43,19.79,5,3,15,4,22
2026-01-30 22:00:00,Hostel A,23.04,21.14,80,8,10,4,22
2026-01-30 23:00:00,Academic Block,20.42,21.51,5,6,20,4,23
2026-01-30 23:00:00,Computer Lab,16.03,19.12,4,5,45,4,23
2026-01-30 23:00:00,Library,10.34,19.15,5,3,15,4,23
2026-01-30 23:00:00,Hostel A,13.84,20.56,35,8,10,4,23
2026-01-31 00:00:00,Academic Block,19.55,22.89,5,6,20,5,0
2026-01-31 00:00:00,Computer Lab,18.56,19.29,4,5,45,5,0
2026-01-31 00:00:00,Library,10.82,19.58,5,3,15,5,0
2026-01-31 00:00:00,Hostel A,21.43,19.42,35,8,10,5,0
2026-01-31 01:00:00,Academic Block,18.92,20.04,5,6,20,5,1
2026-01-31 01:00:00,Computer Lab,16.55,21.61,4,5,45,5,1
2026-01-31 01:00:00,Library,12.29,20.11,5,3,15,5,1
2026-01-31 01:00:00,Hostel A,19.43,23.22,35,8,10,5,1
2026-01-31 02:00:00,Academic Block,18.96,20.81,5,6,20,5,2
2026-01-31 02:00:00,Computer Lab,14.77,22.24,4,5,45,5,2
2026-01-31 02:00:00,Library,8.32,20.34,5,3,15,5,2
2026-01-31 02:00:00,Hostel A,18.17,19.25,35,8,10,5,2
2026-01-31 03:00:00,Academic Block,21.35,21.4,5,6,20,5,3
2026-01-31 03:00:00,Computer Lab,14.3,22.11,4,5,45,5,3
2026-01-31 03:00:00,Library,12.69,20.59,5,3,15,5,3
2026-01-31 03:00:00,Hostel A,18.99,22.82,35,8,10,5,3
2026-01-31 04:00:00,Academic Block,20.39,21.97,5,6,20,5,4
2026-01-31 04:00:00,Computer Lab,16.26,21.31,4,5,45,5,4
2026-01-31 04:00:00,Library,10.93,25.23,5,3,15,5,4
2026-01-31 04:00:00,Hostel A,19.57,21.57,35,8,10,5,4
2026-01-31 05:00:00,Academic Block,16.61,23.14,5,6,20,5,5
2026-01-31 05:00:00,Computer Lab,17.35,24.55,4,5,45,5,5
2026-01-31 05:00:00,Library,10.06,23.33,5,3,15,5,5
2026-01-31 05:00:00,Hostel A,18.73,22.55,35,8,10,5,5
2026-01-31 06:00:00,Academic Block,17.18,24.33,5,6,20,5,6
2026-01-31 06:00:00,Computer Lab,18.62,27.27,4,5,45,5,6
2026-01-31 06:00:00,Library,11.95,25.69,5,3,15,5,6
2026-01-31 06:00:00,Hostel A,21.93,25.93,80,8,10,5,6
2026-01-31 07:00:00,Academic Block,19.17,26.62,5,6,20,5,7
2026-01-31 07:00:00,Computer Lab,17.33,26.82,4,5,45,5,7
2026-01-31 07:00:00,Library,8.63,25.83,5,3,15,5,7
2026-01-31 07:00:00,Hostel A,22.9,26.47,80,8,10,5,7
2026-01-31 08:00:00,Academic Block,19.46,25.23,5,6,20,5,8
2026-01-31 08:00:00,Computer Lab,26.09,28.66,4,5,45,5,8
2026-01-31 08:00:00,Library,11.29,27.03,5,3,15,5,8
2026-01-31 08:00:00,Hostel A,23.1,26.17,80,8,10,5,8
2026-01-31 09:00:00,Academic Block,25.11,28.78,5,6,20,5,9
2026-01-31 09:00:00,Computer Lab,18.28,28.33,4,5,45,5,9
2026-01-31 09:00:00,Library,18.95,29.65,25,3,15,5,9
2026-01-31 09:00:00,Hostel A,24.48,28.49,35,8,10,5,9
2026-01-31 10:00:00,Academic Block,25.39,28.63,5,6,20,5,10
2026-01-31 10:00:00,Computer Lab,25.09,29.32,4,5,45,5,10
2026-01-31 10:00:00,Library,24.66,31.06,25,3,15,5,10
2026-01-31 10:00:00,Hostel A,37.15,30.48,35,8,10,5,10
2026-01-31 11:00:00,Academic Block,32.34,30.51,5,6,20,5,11
2026-01-31 11:00:00,Computer Lab,31.41,31.04,4,5,45,5,11
2026-01-31 11:00:00,Library,20.28,30.61,25,3,15,5,11
2026-01-31 11:00:00,Hostel A,27.58,28.82,35,8,10,5,11
2026-01-31 12:00:00,Academic Block,33.84,30.94,5,6,20,5,12
2026-01-31 12:00:00,Computer Lab,32.79,31.36,4,5,45,5,12
2026-01-31 12:00:00,Library,26.31,31.44,25,3,15,5,12
2026-01-31 12:00:00,Hostel A,28.45,28.76,35,8,10,5,12
2026-01-31 13:00:00,Academic Block,24.98,29.1,5,6,20,5,13
2026-01-31 13:00:00,Computer Lab,26.88,29.48,4,5,45,5,13
2026-01-31 13:00:00,Library,24.94,30.38,25,3,15,5,13
2026-01-31 13:00:00,Hostel A,36.8,30.04,35,8,10,5,13
2026-01-31 14:00:00,Academic Block,29.03,29.54,5,6,20,5,14
2026-01-31 14:00:00,Computer Lab,21.24,27.79,4,5,45,5,14
2026-01-31 14:00:00,Library,16.89,28.73,25,3,15,5,14
2026-01-31 14:00:00,Hostel A,38.33,30.87,35,8,10,5,14
2026-01-31 15:00:00,Academic Block,29.69,29.89,5,6,20,5,15
2026-01-31 15:00:00,Computer Lab,21.62,28.47,4,5,45,5,15
2026-01-31 15:00:00,Library,22.02,29.47,25,3,15,5,15
2026-01-31 15:00:00,Hostel A,31.62,28.98,35,8,10,5,15
2026-01-31 16:00:00,Academic Block,25.27,28.58,5,6,20,5,16
2026-01-31 16:00:00,Computer Lab,24.34,28.49,4,5,45,5,16
2026-01-31 16:00:00,Library,22.51,29.9,25,3,15,5,16
2026-01-31 16:00:00,Hostel A,22.25,27.53,35,8,10,5,16
2026-01-31 17:00:00,Academic Block,22.59,26.99,5,6,20,5,17
2026-01-31 17:00:00,Computer Lab,17.49,26.81,4,5,45,5,17
2026-01-31 17:00:00,Library,12.23,26.36,25,3,15,5,17
2026-01-31 17:00:00,Hostel A,19.29,26.1,35,8,10,5,17
2026-01-31 18:00:00,Academic Block,20.52,27.06,12,6,20,5,18
2026-01-31 18:00:00,Computer Lab,14.37,25.06,4,5,45,5,18
2026-01-31 18:00:00,Library,14.28,25.86,25,3,15,5,18
2026-01-31 18:00:00,Hostel A,24.18,26.95,80,8,10,5,18
2026-01-31 19:00:00,Academic Block,19.03,24.4,12,6,20,5,19
2026-01-31 19:00:00,Computer Lab,16.14,24.34,4,5,45,5,19
2026-01-31 19:00:00,Library,12.43,23.78,25,3,15,5,19
2026-01-31 19:00:00,Hostel A,22.11,24.25,80,8,10,5,19
2026-01-31 20:00:00,Academic Block,21.82,22.21,12,6,20,5,20
2026-01-31 20:00:00,Computer Lab,13.86,25.75,4,5,45,5,20
2026-01-31 20:00:00,Library,10.79,20.99,25,3,15,5,20
2026-01-31 20:00:00,Hostel A,23.89,22.38,80,8,10,5,20
2026-01-31 21:00:00,Academic Block,19.52,22.17,12,6,20,5,21
2026-01-31 21:00:00,Computer Lab,14.63,22.1,4,5,45,5,21
2026-01-31 21:00:00,Library,10.59,21.17,5,3,15,5,21
2026-01-31 21:00:00,Hostel A,20.81,19.56,80,8,10,5,21
2026-01-31 22:00:00,Academic Block,19.85,19.32,5,6,20,5,22
2026-01-31 22:00:00,Computer Lab,16.59,20.96,4,5,45,5,22
2026-01-31 22:00:00,Library,8.4,18.46,5,3,15,5,22
2026-01-31 22:00:00,Hostel A,18.38,21.47,80,8,10,5,22
2026-01-31 23:00:00,Academic Block,15.97,21.64,5,6,20,5,23
2026-01-31 23:00:00,Computer Lab,14.34,21.18,4,5,45,5,23
2026-01-31 23:00:00,Library,15.44,21.43,5,3,15,5,23
2026-01-31 23:00:00,Hostel A,19.99,17.44,35,8,10,5,23
2026-02-01 00:00:00,Academic Block,19.34,17.83,5,6,20,6,0
2026-02-01 00:00:00,Computer Lab,15.86,19.75,4,5,45,6,0
2026-02-01 00:00:00,Library,11.8,18.91,5,3,15,6,0
2026-02-01 00:00:00,Hostel A,20.81,18.26,35,8,10,6,0
2026-02-01 01:00:00,Academic Block,16.6,19.68,5,6,20,6,1
2026-02-01 01:00:00,Computer Lab,15.57,22.08,4,5,45,6,1
2026-02-01 01:00:00,Library,12.46,22.46,5,3,15,6,1
2026-02-01 01:00:00,Hostel A,18.82,19.21,35,8,10,6,1
2026-02-01 02:00:00,Academic Block,20.99,20.82,5,6,20,6,2
2026-02-01 02:00:00,Computer Lab,15.93,21.19,4,5,45,6,2
2026-02-01 02:00:00,Library,10.55,20.43,5,3,15,6,2
2026-02-01 02:00:00,Hostel A,18.96,22.24,35,8,10,6,2
2026-02-01 03:00:00,Academic Block,17.85,20.99,5,6,20,6,3
2026-02-01 03:00:00,Computer Lab,13.57,20.8,4,5,45,6,3
2026-02-01 03:00:00,Library,12.87,20.56,5,3,15,6,3
2026-02-01 03:00:00,Hostel A,20.01,21.22,35,8,10,6,3
2026-02-01 04:00:00,Academic Block,19.55,19.53,5,6,20,6,4
2026-02-01 04:00:00,Computer Lab,14.95,22.31,4,5,45,6,4
2026-02-01 04:00:00,Library,9.88,22.72,5,3,15,6,4
2026-02-01 04:00:00,Hostel A,20.33,19.95,35,8,10,6,4
2026-02-01 05:00:00,Academic Block,18.23,24.0,5,6,20,6,5
2026-02-01 05:00:00,Computer Lab,13.47,22.55,4,5,45,6,5
2026-02-01 05:00:00,Library,13.05,23.97,5,3,15,6,5
2026-02-01 05:00:00,Hostel A,16.88,23.95,35,8,10,6,5
2026-02-01 06:00:00,Academic Block,18.62,25.27,5,6,20,6,6
2026-02-01 06:00:00,Computer Lab,16.63,26.04,4,5,45,6,6
2026-02-01 06:00:00,Library,11.44,21.42,5,3,15,6,6
2026-02-01 06:00:00,Hostel A,20.42,23.8,80,8,10,6,6
2026-02-01 07:00:00,Academic Block,19.41,26.07,5,6,20,6,7
2026-02-01 07:00:00,Computer Lab,16.73,24.33,4,5,45,6,7
2026-02-01 07:00:00,Library,12.61,27.21,5,3,15,6,7
2026-02-01 07:00:00,Hostel A,21.08,25.25,80,8,10,6,7
2026-02-01 08:00:00,Academic Block,23.89,28.73,5,6,20,6,8
2026-02-01 08:00:00,Computer Lab,22.42,28.78,4,5,45,6,8
2026-02-01 08:00:00,Library,10.41,27.38,5,3,15,6,8
2026-02-01 08:00:00,Hostel A,26.23,27.32,80,8,10,6,8
2026-02-01 09:00:00,Academic Block,20.75,26.93,5,6,20,6,9
2026-02-01 09:00:00,Computer Lab,21.28,28.64,4,5,45,6,9
2026-02-01 09:00:00,Library,15.0,29.56,5,3,15,6,9
2026-02-01 09:00:00,Hostel A,30.98,28.95,35,8,10,6,9
2026-02-01 10:00:00,Academic Block,34.89,31.06,5,6,20,6,10
2026-02-01 10:00:00,Computer Lab,22.32,28.97,4,5,45,6,10
2026-02-01 10:00:00,Library,17.66,28.97,5,3,15,6,10
2026-02-01 10:00:00,Hostel A,27.2,28.36,35,8,10,6,10
2026-02-01 11:00:00,Academic Block,38.87,32.39,5,6,20,6,11
2026-02-01 11:00:00,Computer Lab,18.88,28.22,4,5,45,6,11
2026-02-01 11:00:00,Library,21.15,30.76,5,3,15,6,11
2026-02-01 11:00:00,Hostel A,35.85,30.88,35,8,10,6,11
2026-02-01 12:00:00,Academic Block,33.85,31.0,5,6,20,6,12
2026-02-01 12:00:00,Computer Lab,23.15,29.12,4,5,45,6,12
2026-02-01 12:00:00,Library,18.84,28.56,5,3,15,6,12
2026-02-01 12:00:00,Hostel A,33.43,29.88,35,8,10,6,12
2026-02-01 13:00:00,Academic Block,26.17,29.19,5,6,20,6,13
2026-02-01 13:00:00,Computer Lab,26.75,29.55,4,5,45,6,13
2026-02-01 13:00:00,Library,16.12,29.2,5,3,15,6,13
2026-02-01 13:00:00,Hostel A,33.77,30.02,35,8,10,6,13
2026-02-01 14:00:00,Academic Block,35.69,31.3,5,6,20,6,14
2026-02-01 14:00:00,Computer Lab,27.92,30.1,4,5,45,6,14
2026-02-01 14:00:00,Library,12.9,27.95,5,3,15,6,14
2026-02-01 14:00:00,Hostel A,22.68,28.03,35,8,10,6,14
2026-02-01 15:00:00,Academic Block,29.25,29.49,5,6,20,6,15
2026-02-01 15:00:00,Computer Lab,18.32,28.63,4,5,45,6,15
2026-02-01 15:00:00,Library,20.49,31.0,5,3,15,6,15
2026-02-01 15:00:00,Hostel A,34.97,31.0,35,8,10,6,15
2026-02-01 16:00:00,Academic Block,16.13,26.53,5,6,20,6,16
2026-02-01 16:00:00,Computer Lab,18.36,27.93,4,5,45,6,16
2026-02-01 16:00:00,Library,8.86,26.21,5,3,15,6,16
2026-02-01 16:00:00,Hostel A,27.44,28.43,35,8,10,6,16
2026-02-01 17:00:00,Academic Block,24.21,28.47,5,6,20,6,17
2026-02-01 17:00:00,Computer Lab,14.52,26.56,4,5,45,6,17
2026-02-01 17:00:00,Library,9.85,25.89,5,3,15,6,17
2026-02-01 17:00:00,Hostel A,21.67,26.85,35,8,10,6,17
2026-02-01 18:00:00,Academic Block,18.26,26.19,12,6,20,6,18
2026-02-01 18:00:00,Computer Lab,15.88,26.2,4,5,45,6,18
2026-02-01 18:00:00,Library,9.56,24.61,5,3,15,6,18
2026-02-01 18:00:00,Hostel A,25.16,24.33,80,8,10,6,18
2026-02-01 19:00:00,Academic Block,19.52,24.07,12,6,20,6,19
2026-02-01 19:00:00,Computer Lab,19.34,23.39,4,5,45,6,19
2026-02-01 19:00:00,Library,9.54,25.27,5,3,15,6,19
2026-02-01 19:00:00,Hostel A,22.23,23.38,80,8,10,6,19
2026-02-01 20:00:00,Academic Block,18.21,22.68,12,6,20,6,20
2026-02-01 20:00:00,Computer Lab,17.85,23.03,4,5,45,6,20
2026-02-01 20:00:00,Library,8.93,20.92,5,3,15,6,20
2026-02-01 20:00:00,Hostel A,21.89,21.92,80,8,10,6,20
2026-02-01 21:00:00,Academic Block,20.76,23.86,12,6,20,6,21
2026-02-01 21:00:00,Computer Lab,15.27,22.6,4,5,45,6,21
2026-02-01 21:00:00,Library,8.45,21.12,5,3,15,6,21
2026-02-01 21:00:00,Hostel A,23.29,22.4,80,8,10,6,21
2026-02-01 22:00:00,Academic Block,18.38,22.21,5,6,20,6,22
2026-02-01 22:00:00,Computer Lab,15.93,20.5,4,5,45,6,22
2026-02-01 22:00:00,Library,8.42,21.74,5,3,15,6,22
2026-02-01 22:00:00,Hostel A,22.52,21.55,80,8,10,6,22
2026-02-01 23:00:00,Academic Block,15.57,18.9,5,6,20,6,23
2026-02-01 23:00:00,Computer Lab,17.84,20.01,4,5,45,6,23
2026-02-01 23:00:00,Library,11.16,22.18,5,3,15,6,23
2026-02-01 23:00:00,Hostel A,18.89,22.52,35,8,10,6,23
2026-02-02 00:00:00,Academic Block,18.02,21.14,5,6,20,0,0
2026-02-02 00:00:00,Computer Lab,14.65,19.38,4,5,45,0,0
2026-02-02 00:00:00,Library,12.56,17.53,5,3,15,0,0
2026-02-02 00:00:00,Hostel A,17.75,19.23,35,8,10,0,0
2026-02-02 01:00:00,Academic Block,18.39,18.75,5,6,20,0,1
2026-02-02 01:00:00,Computer Lab,18.81,22.29,4,5,45,0,1
2026-02-02 01:00:00,Library,10.09,18.18,5,3,15,0,1
2026-02-02 01:00:00,Hostel A,20.43,18.93,35,8,10,0,1
2026-02-02 02:00:00,Academic Block,17.75,21.01,5,6,20,0,2
2026-02-02 02:00:00,Computer Lab,14.95,20.76,4,5,45,0,2
2026-02-02 02:00:00,Library,11.45,22.61,5,3,15,0,2
2026-02-02 02:00:00,Hostel A,14.95,21.47,35,8,10,0,2
2026-02-02 03:00:00,Academic Block,21.82,21.38,5,6,20,0,3
2026-02-02 03:00:00,Computer Lab,12.9,23.06,4,5,45,0,3
2026-02-02 03:00:00,Library,8.82,21.09,5,3,15,0,3
2026-02-02 03:00:00,Hostel A,19.32,23.52,35,8,10,0,3
2026-02-02 04:00:00,Academic Block,18.75,21.58,5,6,20,0,4
2026-02-02 04:00:00,Computer Lab,14.04,19.37,4,5,45,0,4
2026-02-02 04:00:00,Library,11.89,22.54,5,3,15,0,4
2026-02-02 04:00:00,Hostel A,18.38,20.17,35,8,10,0,4
2026-02-02 05:00:00,Academic Block,16.52,24.92,5,6,20,0,5
2026-02-02 05:00:00,Computer Lab,15.77,23.98,4,5,45,0,5
2026-02-02 05:00:00,Library,10.28,25.76,5,3,15,0,5
2026-02-02 05:00:00,Hostel A,20.23,23.5,35,8,10,0,5
2026-02-02 06:00:00,Academic Block,18.37,23.41,5,6,20,0,6
2026-02-02 06:00:00,Computer Lab,15.46,24.45,4,5,45,0,6
2026-02-02 06:00:00,Library,11.48,26.02,5,3,15,0,6
2026-02-02 06:00:00,Hostel A,22.76,24.1,80,8,10,0,6
2026-02-02 07:00:00,Academic Block,22.64,28.08,5,6,20,0,7
2026-02-02 07:00:00,Computer Lab,16.04,26.47,4,5,45,0,7
2026-02-02 07:00:00,Library,8.48,26.22,5,3,15,0,7
2026-02-02 07:00:00,Hostel A,26.93,27.99,80,8,10,0,7
2026-02-02 08:00:00,Academic Block,28.43,28.73,45,6,20,0,8
2026-02-02 08:00:00,Computer Lab,18.54,26.75,4,5,45,0,8
2026-02-02 08:00:00,Library,16.49,28.69,5,3,15,0,8
2026-02-02 08:00:00,Hostel A,29.45,28.41,80,8,10,0,8
2026-02-02 09:00:00,Academic Block,27.65,28.53,45,6,20,0,9
2026-02-02 09:00:00,Computer Lab,27.16,29.62,40,5,45,0,9
2026-02-02 09:00:00,Library,21.28,30.32,25,3,15,0,9
2026-02-02 09:00:00,Hostel A,28.04,28.56,35,8,10,0,9
2026-02-02 10:00:00,Academic Block,31.11,29.36,45,6,20,0,10
2026-02-02 10:00:00,Computer Lab,28.52,29.29,40,5,45,0,10
2026-02-02 10:00:00,Library,17.2,28.53,25,3,15,0,10
2026-02-02 10:00:00,Hostel A,31.49,29.34,35,8,10,0,10
2026-02-02 11:00:00,Academic Block,35.5,29.71,45,6,20,0,11
2026-02-02 11:00:00,Computer Lab,27.92,29.64,40,5,45,0,11
2026-02-02 11:00:00,Library,18.08,29.62,25,3,15,0,11
2026-02-02 11:00:00,Hostel A,26.21,28.59,35,8,10,0,11
2026-02-02 12:00:00,Academic Block,38.52,31.36,45,6,20,0,12
2026-02-02 12:00:00,Computer Lab,29.41,29.42,40,5,45,0,12
2026-02-02 12:00:00,Library,27.42,31.86,25,3,15,0,12
2026-02-02 12:00:00,Hostel A,27.91,28.98,35,8,10,0,12
2026-02-02 13:00:00,Academic Block,41.18,32.01,45,6,20,0,13
2026-02-02 13:00:00,Computer Lab,28.93,29.51,40,5,45,0,13
2026-02-02 13:00:00,Library,22.66,31.04,25,3,15,0,13
2026-02-02 13:00:00,Hostel A,34.73,30.09,35,8,10,0,13
2026-02-02 14:00:00,Academic Block,26.6,27.94,45,6,20,0,14
2026-02-02 14:00:00,Computer Lab,21.6,27.99,40,5,45,0,14
2026-02-02 14:00:00,Library,18.39,28.65,25,3,15,0,14
2026-02-02 14:00:00,Hostel A,27.54,28.94,35,8,10,0,14
2026-02-02 15:00:00,Academic Block,27.17,28.6,45,6,20,0,15
2026-02-02 15:00:00,Computer Lab,28.1,29.05,40,5,45,0,15
2026-02-02 15:00:00,Library,16.85,28.44,25,3,15,0,15
2026-02-02 15:00:00,Hostel A,25.64,28.98,35,8,10,0,15
2026-02-02 16:00:00,Academic Block,31.96,28.14,45,6,20,0,16
2026-02-02 16:00:00,Computer Lab,20.88,27.35,40,5,45,0,16
2026-02-02 16:00:00,Library,19.5,28.39,25,3,15,0,16
2026-02-02 16:00:00,Hostel A,24.13,28.67,35,8,10,0,16
2026-02-02 17:00:00,Academic Block,27.12,26.97,45,6,20,0,17
2026-02-02 17:00:00,Computer Lab,18.35,27.04,40,5,45,0,17
2026-02-02 17:00:00,Library,11.19,26.63,25,3,15,0,17
2026-02-02 17:00:00,Hostel A,22.16,27.77,35,8,10,0,17
2026-02-02 18:00:00,Academic Block,17.97,25.09,12,6,20,0,18
2026-02-02 18:00:00,Computer Lab,17.9,24.34,4,5,45,0,18
2026-02-02 18:00:00,Library,11.39,25.12,25,3,15,0,18
2026-02-02 18:00:00,Hostel A,19.74,23.63,80,8,10,0,18
2026-02-02 19:00:00,Academic Block,19.43,22.2,12,6,20,0,19
2026-02-02 19:00:00,Computer Lab,14.83,24.88,4,5,45,0,19
2026-02-02 19:00:00,Library,11.15,25.59,25,3,15,0,19
2026-02-02 19:00:00,Hostel A,20.93,23.42,80,8,10,0,19
2026-02-02 20:00:00,Academic Block,22.41,23.69,12,6,20,0,20
2026-02-02 20:00:00,Computer Lab,15.15,20.39,4,5,45,0,20
2026-02-02 20:00:00,Library,10.05,24.02,25,3,15,0,20
2026-02-02 20:00:00,Hostel A,24.38,23.18,80,8,10,0,20
2026-02-02 21:00:00,Academic Block,20.09,21.56,12,6,20,0,21
2026-02-02 21:00:00,Computer Lab,18.59,23.58,4,5,45,0,21
2026-02-02 21:00:00,Library,9.83,21.39,5,3,15,0,21
2026-02-02 21:00:00,Hostel A,24.02,20.36,80,8,10,0,21
2026-02-02 22:00:00,Academic Block,18.32,19.02,5,6,20,0,22
2026-02-02 22:00:00,Computer Lab,14.92,20.79,4,5,45,0,22
2026-02-02 22:00:00,Library,14.47,21.01,5,3,15,0,22
2026-02-02 22:00:00,Hostel A,21.9,20.52,80,8,10,0,22
2026-02-02 23:00:00,Academic Block,19.06,21.39,5,6,20,0,23
2026-02-02 23:00:00,Computer Lab,15.92,21.9,4,5,45,0,23
2026-02-02 23:00:00,Library,7.95,19.87,5,3,15,0,23
2026-02-02 23:00:00,Hostel A,16.2,18.23,35,8,10,0,23
2026-02-03 00:00:00,Academic Block,16.66,20.46,5,6,20,1,0
2026-02-03 00:00:00,Computer Lab,15.72,21.51,4,5,45,1,0
2026-02-03 00:00:00,Library,9.36,19.71,5,3,15,1,0
2026-02-03 00:00:00,Hostel A,17.74,20.75,35,8,10,1,0
2026-02-03 01:00:00,Academic Block,20.48,18.99,5,6,20,1,1
2026-02-03 01:00:00,Computer Lab,15.32,20.6,4,5,45,1,1
2026-02-03 01:00:00,Library,10.64,20.94,5,3,15,1,1
2026-02-03 01:00:00,Hostel A,17.72,20.63,35,8,10,1,1
2026-02-03 02:00:00,Academic Block,17.83,23.15,5,6,20,1,2
2026-02-03 02:00:00,Computer Lab,15.39,22.54,4,5,45,1,2
2026-02-03 02:00:00,Library,11.73,21.64,5,3,15,1,2
2026-02-03 02:00:00,Hostel A,17.69,22.05,35,8,10,1,2
2026-02-03 03:00:00,Academic Block,21.47,22.76,5,6,20,1,3
2026-02-03 03:00:00,Computer Lab,15.72,21.15,4,5,45,1,3
2026-02-03 03:00:00,Library,10.11,20.84,5,3,15,1,3
2026-02-03 03:00:00,Hostel A,17.44,23.52,35,8,10,1,3
2026-02-03 04:00:00,Academic Block,21.12,21.37,5,6,20,1,4
2026-02-03 04:00:00,Computer Lab,18.85,23.25,4,5,45,1,4
2026-02-03 04:00:00,Library,10.81,21.96,5,3,15,1,4
2026-02-03 04:00:00,Hostel A,19.16,21.71,35,8,10,1,4
2026-02-03 05:00:00,Academic Block,19.73,21.58,5,6,20,1,5
2026-02-03 05:00:00,Computer Lab,15.58,24.09,4,5,45,1,5
2026-02-03 05:00:00,Library,9.28,23.24,5,3,15,1,5
2026-02-03 05:00:00,Hostel A,17.19,24.58,35,8,10,1,5
2026-02-03 06:00:00,Academic Block,21.81,25.61,5,6,20,1,6
2026-02-03 06:00:00,Computer Lab,14.51,26.78,4,5,45,1,6
2026-02-03 06:00:00,Library,11.26,24.36,5,3,15,1,6
2026-02-03 06:00:00,Hostel A,20.45,24.92,80,8,10,1,6
2026-02-03 07:00:00,Academic Block,19.74,26.76,5,6,20,1,7
2026-02-03 07:00:00,Computer Lab,21.7,28.59,4,5,45,1,7
2026-02-03 07:00:00,Library,11.83,27.7,5,3,15,1,7
2026-02-03 07:00:00,Hostel A,23.63,25.06,80,8,10,1,7
2026-02-03 08:00:00,Academic Block,28.17,28.8,45,6,20,1,8
2026-02-03 08:00:00,Computer Lab,16.66,27.53,4,5,45,1,8
2026-02-03 08:00:00,Library,13.97,27.28,5,3,15,1,8
2026-02-03 08:00:00,Hostel A,23.55,26.98,80,8,10,1,8
2026-02-03 09:00:00,Academic Block,22.96,27.18,45,6,20,1,9
2026-02-03 09:00:00,Computer Lab,31.54,30.65,40,5,45,1,9
2026-02-03 09:00:00,Library,13.97,27.33,25,3,15,1,9
2026-02-03 09:00:00,Hostel A,18.29,26.62,35,8,10,1,9
2026-02-03 10:00:00,Academic Block,36.96,30.96,45,6,20,1,10
2026-02-03 10:00:00,Computer Lab,34.29,31.6,40,5,45,1,10
2026-02-03 10:00:00,Library,20.19,29.29,25,3,15,1,10
2026-02-03 10:00:00,Hostel A,19.43,26.12,35,8,10,1,10
2026-02-03 11:00:00,Academic Block,35.23,29.77,45,6,20,1,11
2026-02-03 11:00:00,Computer Lab,30.81,30.99,40,5,45,1,11
2026-02-03 11:00:00,Library,23.82,31.32,25,3,15,1,11
2026-02-03 11:00:00,Hostel A,27.97,28.74,35,8,10,1,11
2026-02-03 12:00:00,Academic Block,35.26,29.76,45,6,20,1,12
2026-02-03 12:00:00,Computer Lab,31.0,30.41,40,5,45,1,12
2026-02-03 12:00:00,Library,25.26,31.08,25,3,15,1,12
2026-02-03 12:00:00,Hostel A,39.03,30.94,35,8,10,1,12
2026-02-03 13:00:00,Academic Block,36.01,30.56,45,6,20,1,13
2026-02-03 13:00:00,Computer Lab,33.41,31.32,40,5,45,1,13
2026-02-03 13:00:00,Library,23.24,29.87,25,3,15,1,13
2026-02-03 13:00:00,Hostel A,40.4,31.78,35,8,10,1,13
2026-02-03 14:00:00,Academic Block,31.75,28.79,45,6,20,1,14
2026-02-03 14:00:00,Computer Lab,30.79,30.29,40,5,45,1,14
2026-02-03 14:00:00,Library,18.89,28.94,25,3,15,1,14
2026-02-03 14:00:00,Hostel A,29.03,29.3,35,8,10,1,14
2026-02-03 15:00:00,Academic Block,29.61,28.69,45,6,20,1,15
2026-02-03 15:00:00,Computer Lab,24.72,28.09,40,5,45,1,15
2026-02-03 15:00:00,Library,22.63,30.08,25,3,15,1,15
2026-02-03 15:00:00,Hostel A,26.54,28.2,35,8,10,1,15
2026-02-03 16:00:00,Academic Block,23.52,27.59,45,6,20,1,16
2026-02-03 16:00:00,Computer Lab,24.29,28.31,40,5,45,1,16
2026-02-03 16:00:00,Library,24.66,30.61,25,3,15,1,16
2026-02-03 16:00:00,Hostel A,26.41,28.35,35,8,10,1,16
2026-02-03 17:00:00,Academic Block,21.08,26.49,45,6,20,1,17
2026-02-03 17:00:00,Computer Lab,17.24,24.21,40,5,45,1,17
2026-02-03 17:00:00,Library,9.4,26.24,25,3,15,1,17
2026-02-03 17:00:00,Hostel A,18.58,25.64,35,8,10,1,17
2026-02-03 18:00:00,Academic Block,18.27,24.74,12,6,20,1,18
2026-02-03 18:00:00,Computer Lab,18.26,24.59,4,5,45,1,18
2026-02-03 18:00:00,Library,11.38,25.79,25,3,15,1,18
2026-02-03 18:00:00,Hostel A,22.51,24.92,80,8,10,1,18
2026-02-03 19:00:00,Academic Block,18.11,22.78,12,6,20,1,19
2026-02-03 19:00:00,Computer Lab,15.04,24.92,4,5,45,1,19
2026-02-03 19:00:00,Library,12.16,22.39,25,3,15,1,19
2026-02-03 19:00:00,Hostel A,19.59,23.85,80,8,10,1,19
2026-02-03 20:00:00,Academic Block,20.56,22.45,12,6,20,1,20
2026-02-03 20:00:00,Computer Lab,19.01,23.04,4,5,45,1,20
2026-02-03 20:00:00,Library,14.4,24.0,25,3,15,1,20
2026-02-03 20:00:00,Hostel A,23.69,25.86,80,8,10,1,20
2026-02-03 21:00:00,Academic Block,20.72,21.66,12,6,20,1,21
2026-02-03 21:00:00,Computer Lab,15.83,20.79,4,5,45,1,21
2026-02-03 21:00:00,Library,11.22,20.69,5,3,15,1,21
2026-02-03 21:00:00,Hostel A,21.52,20.68,80,8,10,1,21
2026-02-03 22:00:00,Academic Block,18.49,21.17,5,6,20,1,22
2026-02-03 22:00:00,Computer Lab,13.49,18.36,4,5,45,1,22
2026-02-03 22:00:00,Library,9.3,19.29,5,3,15,1,22
2026-02-03 22:00:00,Hostel A,22.88,21.17,80,8,10,1,22
2026-02-03 23:00:00,Academic Block,19.83,21.45,5,6,20,1,23
2026-02-03 23:00:00,Computer Lab,16.58,21.46,4,5,45,1,23
2026-02-03 23:00:00,Library,12.27,20.42,5,3,15,1,23
2026-02-03 23:00:00,Hostel A,19.51,21.27,35,8,10,1,23
2026-02-04 00:00:00,Academic Block,15.18,21.53,5,6,20,2,0
2026-02-04 00:00:00,Computer Lab,15.21,19.65,4,5,45,2,0
2026-02-04 00:00:00,Library,12.98,21.38,5,3,15,2,0
2026-02-04 00:00:00,Hostel A,21.07,18.26,35,8,10,2,0
2026-02-04 01:00:00,Academic Block,16.99,18.76,5,6,20,2,1
2026-02-04 01:00:00,Computer Lab,15.19,19.89,4,5,45,2,1
2026-02-04 01:00:00,Library,11.6,18.3,5,3,15,2,1
2026-02-04 01:00:00,Hostel A,20.53,20.99,35,8,10,2,1
2026-02-04 02:00:00,Academic Block,18.64,20.15,5,6,20,2,2
2026-02-04 02:00:00,Computer Lab,18.2,20.63,4,5,45,2,2
2026-02-04 02:00:00,Library,9.19,17.27,5,3,15,2,2
2026-02-04 02:00:00,Hostel A,17.32,20.68,35,8,10,2,2
2026-02-04 03:00:00,Academic Block,18.51,21.15,5,6,20,2,3
2026-02-04 03:00:00,Computer Lab,15.77,20.68,4,5,45,2,3
2026-02-04 03:00:00,Library,10.27,22.22,5,3,15,2,3
2026-02-04 03:00:00,Hostel A,18.7,20.92,35,8,10,2,3
2026-02-04 04:00:00,Academic Block,16.09,22.49,5,6,20,2,4
2026-02-04 04:00:00,Computer Lab,14.99,23.05,4,5,45,2,4
2026-02-04 04:00:00,Library,11.51,24.01,5,3,15,2,4
2026-02-04 04:00:00,Hostel A,17.43,23.9,35,8,10,2,4
2026-02-04 05:00:00,Academic Block,16.84,23.26,5,6,20,2,5
2026-02-04 05:00:00,Computer Lab,17.55,22.86,4,5,45,2,5
2026-02-04 05:00:00,Library,8.9,25.49,5,3,15,2,5
2026-02-04 05:00:00,Hostel A,18.84,23.16,35,8,10,2,5
2026-02-04 06:00:00,Academic Block,16.06,25.7,5,6,20,2,6
2026-02-04 06:00:00,Computer Lab,16.4,23.08,4,5,45,2,6
2026-02-04 06:00:00,Library,9.95,22.66,5,3,15,2,6
2026-02-04 06:00:00,Hostel A,23.17,25.19,80,8,10,2,6
2026-02-04 07:00:00,Academic Block,18.33,26.12,5,6,20,2,7
2026-02-04 07:00:00,Computer Lab,18.47,27.31,4,5,45,2,7
2026-02-04 07:00:00,Library,10.68,25.52,5,3,15,2,7
2026-02-04 07:00:00,Hostel A,26.18,26.75,80,8,10,2,7
2026-02-04 08:00:00,Academic Block,30.17,28.44,45,6,20,2,8
2026-02-04 08:00:00,Computer Lab,15.96,26.77,4,5,45,2,8
2026-02-04 08:00:00,Library,12.34,27.22,5,3,15,2,8
2026-02-04 08:00:00,Hostel A,24.86,26.29,80,8,10,2,8
2026-02-04 09:00:00,Academic Block,31.93,29.6,45,6,20,2,9
2026-02-04 09:00:00,Computer Lab,27.55,29.31,40,5,45,2,9
2026-02-04 09:00:00,Library,17.49,29.4,25,3,15,2,9
2026-02-04 09:00:00,Hostel A,25.98,28.36,35,8,10,2,9
2026-02-04 10:00:00,Academic Block,33.13,30.08,45,6,20,2,10
2026-02-04 10:00:00,Computer Lab,17.39,26.33,40,5,45,2,10
2026-02-04 10:00:00,Library,19.25,29.26,25,3,15,2,10
2026-02-04 10:00:00,Hostel A,39.5,31.35,35,8,10,2,10
2026-02-04 11:00:00,Academic Block,33.5,29.93,45,6,20,2,11
2026-02-04 11:00:00,Computer Lab,32.15,31.15,40,5,45,2,11
2026-02-04 11:00:00,Library,18.51,29.66,25,3,15,2,11
2026-02-04 11:00:00,Hostel A,39.97,31.53,35,8,10,2,11
2026-02-04 12:00:00,Academic Block,30.66,29.15,45,6,20,2,12
2026-02-04 12:00:00,Computer Lab,30.95,30.61,40,5,45,2,12
2026-02-04 12:00:00,Library,18.42,29.36,25,3,15,2,12
2026-02-04 12:00:00,Hostel A,34.12,30.41,35,8,10,2,12
2026-02-04 13:00:00,Academic Block,29.29,29.29,45,6,20,2,13
2026-02-04 13:00:00,Computer Lab,28.88,29.92,40,5,45,2,13
2026-02-04 13:00:00,Library,19.91,29.44,25,3,15,2,13
2026-02-04 13:00:00,Hostel A,37.06,30.73,35,8,10,2,13
2026-02-04 14:00:00,Academic Block,33.42,29.99,45,6,20,2,14
2026-02-04 14:00:00,Computer Lab,23.58,28.65,40,5,45,2,14
2026-02-04 14:00:00,Library,17.62,28.62,25,3,15,2,14
2026-02-04 14:00:00,Hostel A,26.32,28.39,35,8,10,2,14
2026-02-04 15:00:00,Academic Block,22.13,27.38,45,6,20,2,15
2026-02-04 15:00:00,Computer Lab,27.17,29.52,40,5,45,2,15
2026-02-04 15:00:00,Library,13.29,27.53,25,3,15,2,15
2026-02-04 15:00:00,Hostel A,30.99,29.04,35,8,10,2,15
2026-02-04 16:00:00,Academic Block,23.03,27.02,45,6,20,2,16
2026-02-04 16:00:00,Computer Lab,22.86,28.79,40,5,45,2,16
2026-02-04 16:00:00,Library,24.3,29.86,25,3,15,2,16
2026-02-04 16:00:00,Hostel A,18.8,24.25,35,8,10,2,16
2026-02-04 17:00:00,Academic Block,21.5,25.43,45,6,20,2,17
2026-02-04 17:00:00,Computer Lab,19.77,25.79,40,5,45,2,17
2026-02-04 17:00:00,Library,11.08,26.16,25,3,15,2,17
2026-02-04 17:00:00,Hostel A,19.84,26.09,35,8,10,2,17
2026-02-04 18:00:00,Academic Block,16.79,23.58,12,6,20,2,18
2026-02-04 18:00:00,Computer Lab,17.34,27.39,4,5,45,2,18
2026-02-04 18:00:00,Library,11.63,24.84,25,3,15,2,18
2026-02-04 18:00:00,Hostel A,25.21,25.66,80,8,10,2,18
2026-02-04 19:00:00,Academic Block,16.98,24.4,12,6,20,2,19
2026-02-04 19:00:00,Computer Lab,15.07,22.04,4,5,45,2,19
2026-02-04 19:00:00,Library,9.64,23.38,25,3,15,2,19
2026-02-04 19:00:00,Hostel A,20.92,24.69,80,8,10,2,19
2026-02-04 20:00:00,Academic Block,21.99,24.29,12,6,20,2,20
2026-02-04 20:00:00,Computer Lab,16.33,22.2,4,5,45,2,20
2026-02-04 20:00:00,Library,13.16,21.02,25,3,15,2,20
2026-02-04 20:00:00,Hostel A,20.92,21.9,80,8,10,2,20
2026-02-04 21:00:00,Academic Block,18.56,21.12,12,6,20,2,21
2026-02-04 21:00:00,Computer Lab,17.09,21.07,4,5,45,2,21
2026-02-04 21:00:00,Library,13.23,20.52,5,3,15,2,21
2026-02-04 21:00:00,Hostel A,24.97,19.87,80,8,10,2,21
2026-02-04 22:00:00,Academic Block,18.7,19.45,5,6,20,2,22
2026-02-04 22:00:00,Computer Lab,15.15,20.08,4,5,45,2,22
2026-02-04 22:00:00,Library,12.87,21.63,5,3,15,2,22
2026-02-04 22:00:00,Hostel A,21.94,22.1,80,8,10,2,22
2026-02-04 23:00:00,Academic Block,17.53,20.39,5,6,20,2,23
2026-02-04 23:00:00,Computer Lab,13.95,18.98,4,5,45,2,23
2026-02-04 23:00:00,Library,11.0,19.65,5,3,15,2,23
2026-02-04 23:00:00,Hostel A,18.88,17.88,35,8,10,2,23
2026-02-05 00:00:00,Academic Block,20.38,21.82,5,6,20,3,0
2026-02-05 00:00:00,Computer Lab,13.57,19.3,4,5,45,3,0
2026-02-05 00:00:00,Library,7.15,20.55,5,3,15,3,0
2026-02-05 00:00:00,Hostel A,18.63,21.33,35,8,10,3,0
2026-02-05 01:00:00,Academic Block,16.11,22.37,5,6,20,3,1
2026-02-05 01:00:00,Computer Lab,15.52,21.27,4,5,45,3,1
2026-02-05 01:00:00,Library,8.57,19.77,5,3,15,3,1
2026-02-05 01:00:00,Hostel A,19.96,20.89,35,8,10,3,1
2026-02-05 02:00:00,Academic Block,20.21,22.81,5,6,20,3,2
2026-02-05 02:00:00,Computer Lab,14.16,19.96,4,5,45,3,2
2026-02-05 02:00:00,Library,12.83,19.03,5,3,15,3,2
2026-02-05 02:00:00,Hostel A,21.17,19.74,35,8,10,3,2
2026-02-05 03:00:00,Academic Block,19.19,22.09,5,6,20,3,3
2026-02-05 03:00:00,Computer Lab,16.66,21.1,4,5,45,3,3
2026-02-05 03:00:00,Library,10.07,21.45,5,3,15,3,3
2026-02-05 03:00:00,Hostel A,18.73,22.3,35,8,10,3,3
2026-02-05 04:00:00,Academic Block,19.6,21.54,5,6,20,3,4
2026-02-05 04:00:00,Computer Lab,16.4,22.42,4,5,45,3,4
2026-02-05 04:00:00,Library,8.81,21.96,5,3,15,3,4
2026-02-05 04:00:00,Hostel A,21.27,24.58,35,8,10,3,4
2026-02-05 05:00:00,Academic Block,18.12,24.77,5,6,20,3,5
2026-02-05 05:00:00,Computer Lab,17.74,23.35,4,5,45,3,5
2026-02-05 05:00:00,Library,9.68,23.28,5,3,15,3,5
2026-02-05 05:00:00,Hostel A,18.88,25.95,35,8,10,3,5
2026-02-05 06:00:00,Academic Block,18.43,27.12,5,6,20,3,6
2026-02-05 06:00:00,Computer Lab,18.78,25.62,4,5,45,3,6
2026-02-05 06:00:00,Library,10.23,25.04,5,3,15,3,6
2026-02-05 06:00:00,Hostel A,24.17,23.6,80,8,10,3,6
2026-02-05 07:00:00,Academic Block,18.56,25.37,5,6,20,3,7
2026-02-05 07:00:00,Computer Lab,18.01,24.81,4,5,45,3,7
2026-02-05 07:00:00,Library,13.64,27.68,5,3,15,3,7
2026-02-05 07:00:00,Hostel A,24.85,24.91,80,8,10,3,7
2026-02-05 08:00:00,Academic Block,21.86,27.06,45,6,20,3,8
2026-02-05 08:00:00,Computer Lab,14.7,25.39,4,5,45,3,8
2026-02-05 08:00:00,Library,9.69,25.75,5,3,15,3,8
2026-02-05 08:00:00,Hostel A,29.24,28.39,80,8,10,3,8
2026-02-05 09:00:00,Academic Block,29.08,28.96,45,6,20,3,9
2026-02-05 09:00:00,Computer Lab,27.91,28.61,40,5,45,3,9
2026-02-05 09:00:00,Library,16.94,28.12,25,3,15,3,9
2026-02-05 09:00:00,Hostel A,22.15,26.66,35,8,10,3,9
2026-02-05 10:00:00,Academic Block,31.03,28.76,45,6,20,3,10
2026-02-05 10:00:00,Computer Lab,27.74,29.18,40,5,45,3,10
2026-02-05 10:00:00,Library,20.63,30.14,25,3,15,3,10
2026-02-05 10:00:00,Hostel A,34.5,30.64,35,8,10,3,10
2026-02-05 11:00:00,Academic Block,35.89,30.76,45,6,20,3,11
2026-02-05 11:00:00,Computer Lab,29.49,30.25,40,5,45,3,11
2026-02-05 11:00:00,Library,19.09,29.89,25,3,15,3,11
2026-02-05 11:00:00,Hostel A,33.55,30.13,35,8,10,3,11
2026-02-05 12:00:00,Academic Block,31.45,29.35,45,6,20,3,12
2026-02-05 12:00:00,Computer Lab,28.98,30.16,40,5,45,3,12
2026-02-05 12:00:00,Library,19.09,29.85,25,3,15,3,12
2026-02-05 12:00:00,Hostel A,46.36,32.81,35,8,10,3,12
2026-02-05 13:00:00,Academic Block,36.11,30.16,45,6,20,3,13
2026-02-05 13:00:00,Computer Lab,17.55,27.45,40,5,45,3,13
2026-02-05 13:00:00,Library,17.32,29.35,25,3,15,3,13
2026-02-05 13:00:00,Hostel A,31.35,29.55,35,8,10,3,13
2026-02-05 14:00:00,Academic Block,33.61,30.43,45,6,20,3,14
2026-02-05 14:00:00,Computer Lab,28.82,29.81,40,5,45,3,14
2026-02-05 14:00:00,Library,19.58,29.75,25,3,15,3,14
2026-02-05 14:00:00,Hostel A,36.95,30.99,35,8,10,3,14
2026-02-05 15:00:00,Academic Block,34.94,30.66,45,6,20,3,15
2026-02-05 15:00:00,Computer Lab,27.51,29.43,40,5,45,3,15
2026-02-05 15:00:00,Library,17.37,28.14,25,3,15,3,15
2026-02-05 15:00:00,Hostel A,21.3,28.18,35,8,10,3,15
2026-02-05 16:00:00,Academic Block,23.81,23.82,45,6,20,3,16
2026-02-05 16:00:00,Computer Lab,29.01,28.98,40,5,45,3,16
2026-02-05 16:00:00,Library,12.86,27.48,25,3,15,3,16
2026-02-05 16:00:00,Hostel A,20.36,27.0,35,8,10,3,16
2026-02-05 17:00:00,Academic Block,24.37,25.09,45,6,20,3,17
2026-02-05 17:00:00,Computer Lab,26.91,28.98,40,5,45,3,17
2026-02-05 17:00:00,Library,10.68,26.28,25,3,15,3,17
2026-02-05 17:00:00,Hostel A,25.29,28.15,35,8,10,3,17
2026-02-05 18:00:00,Academic Block,19.98,24.65,12,6,20,3,18
2026-02-05 18:00:00,Computer Lab,15.89,24.3,4,5,45,3,18
2026-02-05 18:00:00,Library,13.86,23.27,25,3,15,3,18
2026-02-05 18:00:00,Hostel A,24.29,24.87,80,8,10,3,18
2026-02-05 19:00:00,Academic Block,19.06,23.46,12,6,20,3,19
2026-02-05 19:00:00,Computer Lab,16.81,22.25,4,5,45,3,19
2026-02-05 19:00:00,Library,11.5,22.65,25,3,15,3,19
2026-02-05 19:00:00,Hostel A,22.73,23.71,80,8,10,3,19
2026-02-05 20:00:00,Academic Block,18.91,20.45,12,6,20,3,20
2026-02-05 20:00:00,Computer Lab,15.1,23.45,4,5,45,3,20
2026-02-05 20:00:00,Library,12.47,22.23,25,3,15,3,20
2026-02-05 20:00:00,Hostel A,21.0,22.35,80,8,10,3,20
2026-02-05 21:00:00,Academic Block,20.75,21.42,12,6,20,3,21
2026-02-05 21:00:00,Computer Lab,15.11,20.2,4,5,45,3,21
2026-02-05 21:00:00,Library,12.04,19.81,5,3,15,3,21
2026-02-05 21:00:00,Hostel A,21.27,21.35,80,8,10,3,21
2026-02-05 22:00:00,Academic Block,16.89,20.78,5,6,20,3,22
2026-02-05 22:00:00,Computer Lab,13.48,19.43,4,5,45,3,22
2026-02-05 22:00:00,Library,12.66,19.39,5,3,15,3,22
2026-02-05 22:00:00,Hostel A,23.25,19.79,80,8,10,3,22
2026-02-05 23:00:00,Academic Block,19.84,19.17,5,6,20,3,23
2026-02-05 23:00:00,Computer Lab,15.73,18.94,4,5,45,3,23
2026-02-05 23:00:00,Library,14.12,20.23,5,3,15,3,23
2026-02-05 23:00:00,Hostel A,18.06,20.93,35,8,10,3,23
2026-02-06 00:00:00,Academic Block,21.91,20.82,5,6,20,4,0
2026-02-06 00:00:00,Computer Lab,14.41,18.04,4,5,45,4,0
2026-02-06 00:00:00,Library,10.0,19.72,5,3,15,4,0
2026-02-06 00:00:00,Hostel A,16.99,19.6,35,8,10,4,0
2026-02-06 01:00:00,Academic Block,16.57,21.86,5,6,20,4,1
2026-02-06 01:00:00,Computer Lab,17.24,19.93,4,5,45,4,1
2026-02-06 01:00:00,Library,9.16,20.13,5,3,15,4,1
2026-02-06 01:00:00,Hostel A,18.61,18.55,35,8,10,4,1
2026-02-06 02:00:00,Academic Block,19.01,19.76,5,6,20,4,2
2026-02-06 02:00:00,Computer Lab,16.89,18.99,4,5,45,4,2
2026-02-06 02:00:00,Library,10.91,20.81,5,3,15,4,2
2026-02-06 02:00:00,Hostel A,18.29,22.4,35,8,10,4,2
2026-02-06 03:00:00,Academic Block,17.88,20.59,5,6,20,4,3
2026-02-06 03:00:00,Computer Lab,15.53,21.23,4,5,45,4,3
2026-02-06 03:00:00,Library,7.59,20.47,5,3,15,4,3
2026-02-06 03:00:00,Hostel A,19.49,20.79,35,8,10,4,3
2026-02-06 04:00:00,Academic Block,20.5,22.66,5,6,20,4,4
2026-02-06 04:00:00,Computer Lab,16.81,24.85,4,5,45,4,4
2026-02-06 04:00:00,Library,11.78,24.16,5,3,15,4,4
2026-02-06 04:00:00,Hostel A,21.73,24.55,35,8,10,4,4
2026-02-06 05:00:00,Academic Block,19.76,24.85,5,6,20,4,5
2026-02-06 05:00:00,Computer Lab,15.61,23.46,4,5,45,4,5
2026-02-06 05:00:00,Library,11.56,23.3,5,3,15,4,5
2026-02-06 05:00:00,Hostel A,18.66,22.84,35,8,10,4,5
2026-02-06 06:00:00,Academic Block,21.28,22.17,5,6,20,4,6
2026-02-06 06:00:00,Computer Lab,16.35,24.74,4,5,45,4,6
2026-02-06 06:00:00,Library,12.12,26.75,5,3,15,4,6
2026-02-06 06:00:00,Hostel A,21.71,26.73,80,8,10,4,6
2026-02-06 07:00:00,Academic Block,29.33,29.17,5,6,20,4,7
2026-02-06 07:00:00,Computer Lab,18.57,26.55,4,5,45,4,7
2026-02-06 07:00:00,Library,10.19,24.89,5,3,15,4,7
2026-02-06 07:00:00,Hostel A,25.46,28.03,80,8,10,4,7
2026-02-06 08:00:00,Academic Block,28.2,28.17,45,6,20,4,8
2026-02-06 08:00:00,Computer Lab,23.71,29.86,4,5,45,4,8
2026-02-06 08:00:00,Library,17.14,29.43,5,3,15,4,8
2026-02-06 08:00:00,Hostel A,22.07,26.96,80,8,10,4,8
2026-02-06 09:00:00,Academic Block,24.71,27.23,45,6,20,4,9
2026-02-06 09:00:00,Computer Lab,21.69,27.2,40,5,45,4,9
2026-02-06 09:00:00,Library,13.62,27.74,25,3,15,4,9
2026-02-06 09:00:00,Hostel A,24.64,27.9,35,8,10,4,9
2026-02-06 10:00:00,Academic Block,30.34,29.0,45,6,20,4,10
2026-02-06 10:00:00,Computer Lab,31.55,30.17,40,5,45,4,10
2026-02-06 10:00:00,Library,16.86,28.96,25,3,15,4,10
2026-02-06 10:00:00,Hostel A,31.23,29.42,35,8,10,4,10
2026-02-06 11:00:00,Academic Block,25.73,28.08,45,6,20,4,11
2026-02-06 11:00:00,Computer Lab,25.83,28.97,40,5,45,4,11
2026-02-06 11:00:00,Library,19.38,28.92,25,3,15,4,11
2026-02-06 11:00:00,Hostel A,21.77,27.9,35,8,10,4,11
2026-02-06 12:00:00,Academic Block,32.13,29.6,45,6,20,4,12
2026-02-06 12:00:00,Computer Lab,22.99,28.25,40,5,45,4,12
2026-02-06 12:00:00,Library,19.21,29.52,25,3,15,4,12
2026-02-06 12:00:00,Hostel A,32.72,30.18,35,8,10,4,12
2026-02-06 13:00:00,Academic Block,40.14,31.6,45,6,20,4,13
2026-02-06 13:00:00,Computer Lab,25.95,28.86,40,5,45,4,13
2026-02-06 13:00:00,Library,22.74,29.98,25,3,15,4,13
2026-02-06 13:00:00,Hostel A,30.36,29.11,35,8,10,4,13
2026-02-06 14:00:00,Academic Block,33.87,29.38,45,6,20,4,14
2026-02-06 14:00:00,Computer Lab,32.46,30.88,40,5,45,4,14
2026-02-06 14:00:00,Library,19.32,29.02,25,3,15,4,14
2026-02-06 14:00:00,Hostel A,31.75,29.11,35,8,10,4,14
2026-02-06 15:00:00,Academic Block,28.4,28.63,45,6,20,4,15
2026-02-06 15:00:00,Computer Lab,21.23,27.98,40,5,45,4,15
2026-02-06 15:00:00,Library,17.79,29.2,25,3,15,4,15
2026-02-06 15:00:00,Hostel A,30.39,29.85,35,8,10,4,15
2026-02-06 16:00:00,Academic Block,27.31,27.65,45,6,20,4,16
2026-02-06 16:00:00,Computer Lab,21.58,24.92,40,5,45,4,16
2026-02-06 16:00:00,Library,13.82,26.99,25,3,15,4,16
2026-02-06 16:00:00,Hostel A,26.42,28.19,35,8,10,4,16
2026-02-06 17:00:00,Academic Block,24.27,26.62,45,6,20,4,17
2026-02-06 17:00:00,Computer Lab,22.48,26.92,40,5,45,4,17
2026-02-06 17:00:00,Library,16.46,26.92,25,3,15,4,17
2026-02-06 17:00:00,Hostel A,19.22,27.38,35,8,10,4,17
2026-02-06 18:00:00,Academic Block,23.77,28.13,12,6,20,4,18
2026-02-06 18:00:00,Computer Lab,16.82,26.79,4,5,45,4,18
2026-02-06 18:00:00,Library,11.57,26.27,25,3,15,4,18
2026-02-06 18:00:00,Hostel A,22.17,25.75,80,8,10,4,18
2026-02-06 19:00:00,Academic Block,19.92,25.6,12,6,20,4,19
2026-02-06 19:00:00,Computer Lab,12.42,24.83,4,5,45,4,19
2026-02-06 19:00:00,Library,12.84,23.6,25,3,15,4,19
2026-02-06 19:00:00,Hostel A,23.99,23.97,80,8,10,4,19
2026-02-06 20:00:00,Academic Block,19.33,22.06,12,6,20,4,20
2026-02-06 20:00:00,Computer Lab,12.25,23.92,4,5,45,4,20
2026-02-06 20:00:00,Library,11.72,23.21,25,3,15,4,20
2026-02-06 20:00:00,Hostel A,23.05,21.41,80,8,10,4,20
2026-02-06 21:00:00,Academic Block,20.82,22.94,12,6,20,4,21
2026-02-06 21:00:00,Computer Lab,16.98,21.3,4,5,45,4,21
2026-02-06 21:00:00,Library,10.49,22.51,5,3,15,4,21
2026-02-06 21:00:00,Hostel A,21.6,20.63,80,8,10,4,21
2026-02-06 22:00:00,Academic Block,18.64,21.68,5,6,20,4,22
2026-02-06 22:00:00,Computer Lab,13.14,19.41,4,5,45,4,22
2026-02-06 22:00:00,Library,9.8,21.67,5,3,15,4,22
2026-02-06 22:00:00,Hostel A,24.41,21.07,80,8,10,4,22
2026-02-06 23:00:00,Academic Block,18.63,18.6,5,6,20,4,23
2026-02-06 23:00:00,Computer Lab,16.24,19.97,4,5,45,4,23
2026-02-06 23:00:00,Library,8.63,21.66,5,3,15,4,23
2026-02-06 23:00:00,Hostel A,20.5,20.85,35,8,10,4,23
2026-02-07 00:00:00,Academic Block,18.49,19.78,5,6,20,5,0
2026-02-07 00:00:00,Computer Lab,16.19,20.5,4,5,45,5,0
2026-02-07 00:00:00,Library,11.47,20.7,5,3,15,5,0
2026-02-07 00:00:00,Hostel A,20.44,18.82,35,8,10,5,0
2026-02-07 01:00:00,Academic Block,18.98,21.57,5,6,20,5,1
2026-02-07 01:00:00,Computer Lab,15.5,18.38,4,5,45,5,1
2026-02-07 01:00:00,Library,8.91,20.4,5,3,15,5,1
2026-02-07 01:00:00,Hostel A,16.84,19.74,35,8,10,5,1
2026-02-07 02:00:00,Academic Block,18.95,21.4,5,6,20,5,2
2026-02-07 02:00:00,Computer Lab,16.2,18.69,4,5,45,5,2
2026-02-07 02:00:00,Library,11.4,20.6,5,3,15,5,2
2026-02-07 02:00:00,Hostel A,17.75,20.2,35,8,10,5,2
2026-02-07 03:00:00,Academic Block,17.89,20.54,5,6,20,5,3
2026-02-07 03:00:00,Computer Lab,15.89,21.49,4,5,45,5,3
2026-02-07 03:00:00,Library,9.99,21.24,5,3,15,5,3
2026-02-07 03:00:00,Hostel A,22.71,21.04,35,8,10,5,3
2026-02-07 04:00:00,Academic Block,17.86,21.58,5,6,20,5,4
2026-02-07 04:00:00,Computer Lab,16.94,26.45,4,5,45,5,4
2026-02-07 04:00:00,Library,11.89,20.84,5,3,15,5,4
2026-02-07 04:00:00,Hostel A,20.31,21.41,35,8,10,5,4
2026-02-07 05:00:00,Academic Block,18.04,23.45,5,6,20,5,5
2026-02-07 05:00:00,Computer Lab,16.52,25.64,4,5,45,5,5
2026-02-07 05:00:00,Library,11.28,24.87,5,3,15,5,5
2026-02-07 05:00:00,Hostel A,19.87,23.17,35,8,10,5,5
2026-02-07 06:00:00,Academic Block,19.53,26.45,5,6,20,5,6
2026-02-07 06:00:00,Computer Lab,18.86,27.16,4,5,45,5,6
2026-02-07 06:00:00,Library,11.0,25.25,5,3,15,5,6
2026-02-07 06:00:00,Hostel A,20.67,25.16,80,8,10,5,6
2026-02-07 07:00:00,Academic Block,19.29,26.19,5,6,20,5,7
2026-02-07 07:00:00,Computer Lab,16.18,25.79,4,5,45,5,7
2026-02-07 07:00:00,Library,12.23,26.32,5,3,15,5,7
2026-02-07 07:00:00,Hostel A,24.58,27.09,80,8,10,5,7
2026-02-07 08:00:00,Academic Block,21.39,25.86,5,6,20,5,8
2026-02-07 08:00:00,Computer Lab,17.99,27.33,4,5,45,5,8
2026-02-07 08:00:00,Library,11.51,27.09,5,3,15,5,8
2026-02-07 08:00:00,Hostel A,35.91,29.35,80,8,10,5,8
2026-02-07 09:00:00,Academic Block,27.18,29.07,5,6,20,5,9
2026-02-07 09:00:00,Computer Lab,24.36,29.28,4,5,45,5,9
2026-02-07 09:00:00,Library,17.33,28.31,25,3,15,5,9
2026-02-07 09:00:00,Hostel A,24.95,28.01,35,8,10,5,9
2026-02-07 10:00:00,Academic Block,30.02,29.58,5,6,20,5,10
2026-02-07 10:00:00,Computer Lab,23.13,28.59,4,5,45,5,10
2026-02-07 10:00:00,Library,15.81,28.24,25,3,15,5,10
2026-02-07 10:00:00,Hostel A,25.86,28.7,35,8,10,5,10
2026-02-07 11:00:00,Academic Block,32.82,31.05,5,6,20,5,11
2026-02-07 11:00:00,Computer Lab,25.22,28.99,4,5,45,5,11
2026-02-07 11:00:00,Library,18.6,29.14,25,3,15,5,11
2026-02-07 11:00:00,Hostel A,28.38,28.62,35,8,10,5,11
2026-02-07 12:00:00,Academic Block,35.26,31.02,5,6,20,5,12
2026-02-07 12:00:00,Computer Lab,28.66,30.65,4,5,45,5,12
2026-02-07 12:00:00,Library,18.21,29.37,25,3,15,5,12
2026-02-07 12:00:00,Hostel A,40.6,31.55,35,8,10,5,12
2026-02-07 13:00:00,Academic Block,27.15,29.0,5,6,20,5,13
2026-02-07 13:00:00,Computer Lab,23.16,29.47,4,5,45,5,13
2026-02-07 13:00:00,Library,20.46,30.04,25,3,15,5,13
2026-02-07 13:00:00,Hostel A,25.21,28.69,35,8,10,5,13
2026-02-07 14:00:00,Academic Block,21.13,27.45,5,6,20,5,14
2026-02-07 14:00:00,Computer Lab,22.78,29.23,4,5,45,5,14
2026-02-07 14:00:00,Library,21.15,30.11,25,3,15,5,14
2026-02-07 14:00:00,Hostel A,32.77,30.02,35,8,10,5,14
2026-02-07 15:00:00,Academic Block,22.34,27.59,5,6,20,5,15
2026-02-07 15:00:00,Computer Lab,17.94,27.02,4,5,45,5,15
2026-02-07 15:00:00,Library,16.01,27.41,25,3,15,5,15
2026-02-07 15:00:00,Hostel A,26.69,28.13,35,8,10,5,15
2026-02-07 16:00:00,Academic Block,17.9,26.15,5,6,20,5,16
2026-02-07 16:00:00,Computer Lab,21.84,27.96,4,5,45,5,16
2026-02-07 16:00:00,Library,19.81,29.5,25,3,15,5,16
2026-02-07 16:00:00,Hostel A,31.28,29.71,35,8,10,5,16
2026-02-07 17:00:00,Academic Block,20.83,27.61,5,6,20,5,17
2026-02-07 17:00:00,Computer Lab,13.28,26.8,4,5,45,5,17
2026-02-07 17:00:00,Library,12.93,24.95,25,3,15,5,17
2026-02-07 17:00:00,Hostel A,19.59,24.72,35,8,10,5,17
2026-02-07 18:00:00,Academic Block,18.63,26.09,12,6,20,5,18
2026-02-07 18:00:00,Computer Lab,14.96,23.84,4,5,45,5,18
2026-02-07 18:00:00,Library,12.07,23.84,25,3,15,5,18
2026-02-07 18:00:00,Hostel A,22.09,25.12,80,8,10,5,18
2026-02-07 19:00:00,Academic Block,18.18,25.72,12,6,20,5,19
2026-02-07 19:00:00,Computer Lab,14.11,25.38,4,5,45,5,19
2026-02-07 19:00:00,Library,14.0,23.79,25,3,15,5,19
2026-02-07 19:00:00,Hostel A,21.92,25.06,80,8,10,5,19
2026-02-07 20:00:00,Academic Block,19.89,23.17,12,6,20,5,20
2026-02-07 20:00:00,Computer Lab,16.59,21.85,4,5,45,5,20
2026-02-07 20:00:00,Library,12.93,24.73,25,3,15,5,20
2026-02-07 20:00:00,Hostel A,23.56,23.18,80,8,10,5,20
2026-02-07 21:00:00,Academic Block,19.95,19.71,12,6,20,5,21
2026-02-07 21:00:00,Computer Lab,14.79,20.24,4,5,45,5,21
2026-02-07 21:00:00,Library,10.25,24.06,5,3,15,5,21
2026-02-07 21:00:00,Hostel A,24.28,20.58,80,8,10,5,21
2026-02-07 22:00:00,Academic Block,18.03,19.53,5,6,20,5,22
2026-02-07 22:00:00,Computer Lab,15.73,22.17,4,5,45,5,22
2026-02-07 22:00:00,Library,11.44,18.8,5,3,15,5,22
2026-02-07 22:00:00,Hostel A,24.86,20.19,80,8,10,5,22
2026-02-07 23:00:00,Academic Block,20.28,19.44,5,6,20,5,23
2026-02-07 23:00:00,Computer Lab,14.39,22.3,4,5,45,5,23
2026-02-07 23:00:00,Library,11.21,19.94,5,3,15,5,23
2026-02-07 23:00:00,Hostel A,19.36,19.14,35,8,10,5,23
2026-02-08 00:00:00,Academic Block,18.33,19.73,5,6,20,6,0
2026-02-08 00:00:00,Computer Lab,15.78,20.06,4,5,45,6,0
2026-02-08 00:00:00,Library,9.73,20.2,5,3,15,6,0
2026-02-08 00:00:00,Hostel A,18.77,19.33,35,8,10,6,0
2026-02-08 01:00:00,Academic Block,18.04,20.12,5,6,20,6,1
2026-02-08 01:00:00,Computer Lab,12.95,20.56,4,5,45,6,1
2026-02-08 01:00:00,Library,10.21,19.29,5,3,15,6,1
2026-02-08 01:00:00,Hostel A,21.39,19.14,35,8,10,6,1
2026-02-08 02:00:00,Academic Block,18.97,20.69,5,6,20,6,2
2026-02-08 02:00:00,Computer Lab,15.65,20.09,4,5,45,6,2
2026-02-08 02:00:00,Library,10.37,19.21,5,3,15,6,2
2026-02-08 02:00:00,Hostel A,18.53,19.55,35,8,10,6,2
2026-02-08 03:00:00,Academic Block,17.01,18.39,5,6,20,6,3
2026-02-08 03:00:00,Computer Lab,16.92,23.22,4,5,45,6,3
2026-02-08 03:00:00,Library,12.71,23.05,5,3,15,6,3
2026-02-08 03:00:00,Hostel A,18.27,22.27,35,8,10,6,3
2026-02-08 04:00:00,Academic Block,20.42,21.26,5,6,20,6,4
2026-02-08 04:00:00,Computer Lab,19.41,22.58,4,5,45,6,4
2026-02-08 04:00:00,Library,13.58,22.06,5,3,15,6,4
2026-02-08 04:00:00,Hostel A,20.95,22.31,35,8,10,6,4
2026-02-08 05:00:00,Academic Block,17.17,25.74,5,6,20,6,5
2026-02-08 05:00:00,Computer Lab,14.12,23.12,4,5,45,6,5
2026-02-08 05:00:00,Library,11.63,22.23,5,3,15,6,5
2026-02-08 05:00:00,Hostel A,19.03,23.47,35,8,10,6,5
2026-02-08 06:00:00,Academic Block,15.91,25.67,5,6,20,6,6
2026-02-08 06:00:00,Computer Lab,15.91,26.54,4,5,45,6,6
2026-02-08 06:00:00,Library,11.56,25.64,5,3,15,6,6
2026-02-08 06:00:00,Hostel A,23.3,26.64,80,8,10,6,6
2026-02-08 07:00:00,Academic Block,18.79,23.75,5,6,20,6,7
2026-02-08 07:00:00,Computer Lab,14.87,26.53,4,5,45,6,7
2026-02-08 07:00:00,Library,10.74,26.47,5,3,15,6,7
2026-02-08 07:00:00,Hostel A,23.56,24.68,80,8,10,6,7
2026-02-08 08:00:00,Academic Block,19.24,26.82,5,6,20,6,8
2026-02-08 08:00:00,Computer Lab,18.85,26.94,4,5,45,6,8
2026-02-08 08:00:00,Library,13.25,27.45,5,3,15,6,8
2026-02-08 08:00:00,Hostel A,24.6,26.97,80,8,10,6,8
2026-02-08 09:00:00,Academic Block,32.11,30.15,5,6,20,6,9
2026-02-08 09:00:00,Computer Lab,25.41,29.36,4,5,45,6,9
2026-02-08 09:00:00,Library,10.54,26.88,5,3,15,6,9
2026-02-08 09:00:00,Hostel A,24.68,28.29,35,8,10,6,9
2026-02-08 10:00:00,Academic Block,20.98,28.05,5,6,20,6,10
2026-02-08 10:00:00,Computer Lab,18.94,27.71,4,5,45,6,10
2026-02-08 10:00:00,Library,16.34,29.25,5,3,15,6,10
2026-02-08 10:00:00,Hostel A,29.88,29.42,35,8,10,6,10
2026-02-08 11:00:00,Academic Block,34.34,31.14,5,6,20,6,11
2026-02-08 11:00:00,Computer Lab,28.92,30.67,4,5,45,6,11
2026-02-08 11:00:00,Library,14.7,28.15,5,3,15,6,11
2026-02-08 11:00:00,Hostel A,25.84,28.35,35,8,10,6,11
2026-02-08 12:00:00,Academic Block,28.04,29.11,5,6,20,6,12
2026-02-08 12:00:00,Computer Lab,21.47,28.39,4,5,45,6,12
2026-02-08 12:00:00,Library,22.42,30.69,5,3,15,6,12
2026-02-08 12:00:00,Hostel A,29.13,29.08,35,8,10,6,12
2026-02-08 13:00:00,Academic Block,33.1,30.05,5,6,20,6,13
2026-02-08 13:00:00,Computer Lab,19.02,28.05,4,5,45,6,13
2026-02-08 13:00:00,Library,26.79,33.19,5,3,15,6,13
2026-02-08 13:00:00,Hostel A,21.83,27.56,35,8,10,6,13
2026-02-08 14:00:00,Academic Block,19.07,26.01,5,6,20,6,14
2026-02-08 14:00:00,Computer Lab,26.1,30.3,4,5,45,6,14
2026-02-08 14:00:00,Library,17.74,28.77,5,3,15,6,14
2026-02-08 14:00:00,Hostel A,19.33,27.23,35,8,10,6,14
2026-02-08 15:00:00,Academic Block,23.39,28.26,5,6,20,6,15
2026-02-08 15:00:00,Computer Lab,18.9,28.18,4,5,45,6,15
2026-02-08 15:00:00,Library,16.19,28.79,5,3,15,6,15
2026-02-08 15:00:00,Hostel A,29.87,29.19,35,8,10,6,15
2026-02-08 16:00:00,Academic Block,20.55,27.75,5,6,20,6,16
2026-02-08 16:00:00,Computer Lab,20.01,28.09,4,5,45,6,16
2026-02-08 16:00:00,Library,14.33,27.3,5,3,15,6,16
2026-02-08 16:00:00,Hostel A,21.87,26.64,35,8,10,6,16
2026-02-08 17:00:00,Academic Block,24.83,28.03,5,6,20,6,17
2026-02-08 17:00:00,Computer Lab,12.39,25.12,4,5,45,6,17
2026-02-08 17:00:00,Library,13.63,27.59,5,3,15,6,17
2026-02-08 17:00:00,Hostel A,20.71,25.4,35,8,10,6,17
2026-02-08 18:00:00,Academic Block,18.62,23.97,12,6,20,6,18
2026-02-08 18:00:00,Computer Lab,14.0,25.63,4,5,45,6,18
2026-02-08 18:00:00,Library,12.26,24.87,5,3,15,6,18
2026-02-08 18:00:00,Hostel A,24.42,25.25,80,8,10,6,18
2026-02-08 19:00:00,Academic Block,19.27,25.07,12,6,20,6,19
2026-02-08 19:00:00,Computer Lab,14.01,20.9,4,5,45,6,19
2026-02-08 19:00:00,Library,8.3,24.62,5,3,15,6,19
2026-02-08 19:00:00,Hostel A,23.06,23.31,80,8,10,6,19
2026-02-08 20:00:00,Academic Block,18.4,24.26,12,6,20,6,20
2026-02-08 20:00:00,Computer Lab,15.59,21.73,4,5,45,6,20
2026-02-08 20:00:00,Library,10.39,22.92,5,3,15,6,20
2026-02-08 20:00:00,Hostel A,21.35,23.76,80,8,10,6,20
2026-02-08 21:00:00,Academic Block,19.93,21.61,12,6,20,6,21
2026-02-08 21:00:00,Computer Lab,16.93,20.98,4,5,45,6,21
2026-02-08 21:00:00,Library,11.81,21.64,5,3,15,6,21
2026-02-08 21:00:00,Hostel A,23.11,21.7,80,8,10,6,21
2026-02-08 22:00:00,Academic Block,17.75,19.91,5,6,20,6,22
2026-02-08 22:00:00,Computer Lab,16.62,22.14,4,5,45,6,22
2026-02-08 22:00:00,Library,10.9,19.44,5,3,15,6,22
2026-02-08 22:00:00,Hostel A,21.69,17.82,80,8,10,6,22
2026-02-08 23:00:00,Academic Block,18.51,21.32,5,6,20,6,23
2026-02-08 23:00:00,Computer Lab,11.15,20.31,4,5,45,6,23
2026-02-08 23:00:00,Library,11.13,19.7,5,3,15,6,23
2026-02-08 23:00:00,Hostel A,20.39,20.73,35,8,10,6,23
2026-02-09 00:00:00,Academic Block,18.45,19.75,5,6,20,0,0
2026-02-09 00:00:00,Computer Lab,15.36,18.4,4,5,45,0,0
2026-02-09 00:00:00,Library,7.85,18.49,5,3,15,0,0
2026-02-09 00:00:00,Hostel A,21.21,18.7,35,8,10,0,0
2026-02-09 01:00:00,Academic Block,19.03,19.85,5,6,20,0,1
2026-02-09 01:00:00,Computer Lab,12.98,19.55,4,5,45,0,1
2026-02-09 01:00:00,Library,7.37,21.29,5,3,15,0,1
2026-02-09 01:00:00,Hostel A,18.87,19.5,35,8,10,0,1
2026-02-09 02:00:00,Academic Block,17.61,20.95,5,6,20,0,2
2026-02-09 02:00:00,Computer Lab,14.47,18.46,4,5,45,0,2
2026-02-09 02:00:00,Library,9.47,19.77,5,3,15,0,2
2026-02-09 02:00:00,Hostel A,17.13,21.83,35,8,10,0,2
2026-02-09 03:00:00,Academic Block,18.94,21.83,5,6,20,0,3
2026-02-09 03:00:00,Computer Lab,15.47,22.62,4,5,45,0,3
2026-02-09 03:00:00,Library,10.37,22.41,5,3,15,0,3
2026-02-09 03:00:00,Hostel A,16.7,21.99,35,8,10,0,3
2026-02-09 04:00:00,Academic Block,19.27,19.33,5,6,20,0,4
2026-02-09 04:00:00,Computer Lab,16.38,23.02,4,5,45,0,4
2026-02-09 04:00:00,Library,12.86,21.87,5,3,15,0,4
2026-02-09 04:00:00,Hostel A,19.58,21.95,35,8,10,0,4
2026-02-09 05:00:00,Academic Block,21.28,24.42,5,6,20,0,5
2026-02-09 05:00:00,Computer Lab,14.69,23.33,4,5,45,0,5
2026-02-09 05:00:00,Library,12.95,21.91,5,3,15,0,5
2026-02-09 05:00:00,Hostel A,19.63,24.21,35,8,10,0,5
2026-02-09 06:00:00,Academic Block,26.68,28.74,5,6,20,0,6
2026-02-09 06:00:00,Computer Lab,15.38,23.44,4,5,45,0,6
2026-02-09 06:00:00,Library,10.03,23.83,5,3,15,0,6
2026-02-09 06:00:00,Hostel A,21.67,24.52,80,8,10,0,6
2026-02-09 07:00:00,Academic Block,21.09,24.62,5,6,20,0,7
2026-02-09 07:00:00,Computer Lab,16.25,26.65,4,5,45,0,7
2026-02-09 07:00:00,Library,13.23,27.2,5,3,15,0,7
2026-02-09 07:00:00,Hostel A,24.45,26.62,80,8,10,0,7
2026-02-09 08:00:00,Academic Block,26.62,27.66,45,6,20,0,8
2026-02-09 08:00:00,Computer Lab,21.74,28.4,4,5,45,0,8
2026-02-09 08:00:00,Library,14.9,27.24,5,3,15,0,8
2026-02-09 08:00:00,Hostel A,24.43,26.93,80,8,10,0,8
2026-02-09 09:00:00,Academic Block,29.5,29.03,45,6,20,0,9
2026-02-09 09:00:00,Computer Lab,21.2,27.57,40,5,45,0,9
2026-02-09 09:00:00,Library,13.75,27.94,25,3,15,0,9
2026-02-09 09:00:00,Hostel A,23.92,27.75,35,8,10,0,9
2026-02-09 10:00:00,Academic Block,37.6,30.85,45,6,20,0,10
2026-02-09 10:00:00,Computer Lab,19.81,26.21,40,5,45,0,10
2026-02-09 10:00:00,Library,18.37,28.66,25,3,15,0,10
2026-02-09 10:00:00,Hostel A,29.78,29.31,35,8,10,0,10
2026-02-09 11:00:00,Academic Block,32.74,29.71,45,6,20,0,11
2026-02-09 11:00:00,Computer Lab,33.92,31.44,40,5,45,0,11
2026-02-09 11:00:00,Library,25.16,31.13,25,3,15,0,11
2026-02-09 11:00:00,Hostel A,32.92,30.63,35,8,10,0,11
2026-02-09 12:00:00,Academic Block,37.8,31.34,45,6,20,0,12
2026-02-09 12:00:00,Computer Lab,30.65,30.86,40,5,45,0,12
2026-02-09 12:00:00,Library,20.46,28.58,25,3,15,0,12
2026-02-09 12:00:00,Hostel A,29.85,28.85,35,8,10,0,12
2026-02-09 13:00:00,Academic Block,33.07,29.97,45,6,20,0,13
2026-02-09 13:00:00,Computer Lab,26.74,29.78,40,5,45,0,13
2026-02-09 13:00:00,Library,18.89,29.81,25,3,15,0,13
2026-02-09 13:00:00,Hostel A,31.63,29.36,35,8,10,0,13
2026-02-09 14:00:00,Academic Block,30.3,29.64,45,6,20,0,14
2026-02-09 14:00:00,Computer Lab,30.5,30.35,40,5,45,0,14
2026-02-09 14:00:00,Library,18.86,28.68,25,3,15,0,14
2026-02-09 14:00:00,Hostel A,27.55,29.13,35,8,10,0,14
2026-02-09 15:00:00,Academic Block,36.41,30.75,45,6,20,0,15
2026-02-09 15:00:00,Computer Lab,23.87,28.44,40,5,45,0,15
2026-02-09 15:00:00,Library,20.07,29.95,25,3,15,0,15
2026-02-09 15:00:00,Hostel A,18.89,26.68,35,8,10,0,15
2026-02-09 16:00:00,Academic Block,31.87,29.09,45,6,20,0,16
2026-02-09 16:00:00,Computer Lab,22.62,27.19,40,5,45,0,16
2026-02-09 16:00:00,Library,16.65,28.4,25,3,15,0,16
2026-02-09 16:00:00,Hostel A,22.11,27.3,35,8,10,0,16
2026-02-09 17:00:00,Academic Block,21.91,25.3,45,6,20,0,17
2026-02-09 17:00:00,Computer Lab,16.95,26.66,40,5,45,0,17
2026-02-09 17:00:00,Library,11.86,26.07,25,3,15,0,17
2026-02-09 17:00:00,Hostel A,19.8,27.53,35,8,10,0,17
2026-02-09 18:00:00,Academic Block,18.54,24.54,12,6,20,0,18
2026-02-09 18:00:00,Computer Lab,15.82,26.15,4,5,45,0,18
2026-02-09 18:00:00,Library,15.0,27.16,25,3,15,0,18
2026-02-09 18:00:00,Hostel A,22.91,24.51,80,8,10,0,18
2026-02-09 19:00:00,Academic Block,20.55,23.28,12,6,20,0,19
2026-02-09 19:00:00,Computer Lab,14.43,22.11,4,5,45,0,19
2026-02-09 19:00:00,Library,14.06,24.25,25,3,15,0,19
2026-02-09 19:00:00,Hostel A,24.61,21.06,80,8,10,0,19
2026-02-09 20:00:00,Academic Block,16.43,22.33,12,6,20,0,20
2026-02-09 20:00:00,Computer Lab,13.38,18.9,4,5,45,0,20
2026-02-09 20:00:00,Library,12.13,22.48,25,3,15,0,20
2026-02-09 20:00:00,Hostel A,21.73,23.26,80,8,10,0,20
2026-02-09 21:00:00,Academic Block,18.64,20.13,12,6,20,0,21
2026-02-09 21:00:00,Computer Lab,16.02,21.5,4,5,45,0,21
2026-02-09 21:00:00,Library,11.98,20.52,5,3,15,0,21
2026-02-09 21:00:00,Hostel A,21.25,20.72,80,8,10,0,21
2026-02-09 22:00:00,Academic Block,20.31,20.02,5,6,20,0,22
2026-02-09 22:00:00,Computer Lab,14.63,20.51,4,5,45,0,22
2026-02-09 22:00:00,Library,13.84,21.78,5,3,15,0,22
2026-02-09 22:00:00,Hostel A,24.4,20.92,80,8,10,0,22
2026-02-09 23:00:00,Academic Block,17.79,21.41,5,6,20,0,23
2026-02-09 23:00:00,Computer Lab,13.75,20.2,4,5,45,0,23
2026-02-09 23:00:00,Library,9.69,19.92,5,3,15,0,23
2026-02-09 23:00:00,Hostel A,17.83,19.69,35,8,10,0,23
2026-02-10 00:00:00,Academic Block,19.5,19.66,5,6,20,1,0
2026-02-10 00:00:00,Computer Lab,12.87,19.86,4,5,45,1,0
2026-02-10 00:00:00,Library,8.35,19.1,5,3,15,1,0
2026-02-10 00:00:00,Hostel A,19.7,20.29,35,8,10,1,0
2026-02-10 01:00:00,Academic Block,17.52,20.48,5,6,20,1,1
2026-02-10 01:00:00,Computer Lab,14.96,20.47,4,5,45,1,1
2026-02-10 01:00:00,Library,11.74,18.8,5,3,15,1,1
2026-02-10 01:00:00,Hostel A,20.37,21.15,35,8,10,1,1
2026-02-10 02:00:00,Academic Block,20.47,19.94,5,6,20,1,2
2026-02-10 02:00:00,Computer Lab,16.65,20.08,4,5,45,1,2
2026-02-10 02:00:00,Library,10.29,20.06,5,3,15,1,2
2026-02-10 02:00:00,Hostel A,18.5,17.76,35,8,10,1,2
2026-02-10 03:00:00,Academic Block,18.08,21.57,5,6,20,1,3
2026-02-10 03:00:00,Computer Lab,13.93,23.57,4,5,45,1,3
2026-02-10 03:00:00,Library,9.27,20.79,5,3,15,1,3
2026-02-10 03:00:00,Hostel A,20.5,20.79,35,8,10,1,3
2026-02-10 04:00:00,Academic Block,17.65,24.27,5,6,20,1,4
2026-02-10 04:00:00,Computer Lab,13.93,21.63,4,5,45,1,4
2026-02-10 04:00:00,Library,12.31,24.07,5,3,15,1,4
2026-02-10 04:00:00,Hostel A,16.86,22.37,35,8,10,1,4
2026-02-10 05:00:00,Academic Block,18.96,22.14,5,6,20,1,5
2026-02-10 05:00:00,Computer Lab,12.57,24.37,4,5,45,1,5
2026-02-10 05:00:00,Library,13.05,23.32,5,3,15,1,5
2026-02-10 05:00:00,Hostel A,21.18,23.44,35,8,10,1,5
2026-02-10 06:00:00,Academic Block,17.07,25.78,5,6,20,1,6
2026-02-10 06:00:00,Computer Lab,15.48,24.65,4,5,45,1,6
2026-02-10 06:00:00,Library,9.17,23.86,5,3,15,1,6
2026-02-10 06:00:00,Hostel A,22.22,26.81,80,8,10,1,6
2026-02-10 07:00:00,Academic Block,21.5,27.59,5,6,20,1,7
2026-02-10 07:00:00,Computer Lab,16.88,26.26,4,5,45,1,7
2026-02-10 07:00:00,Library,11.48,25.58,5,3,15,1,7
2026-02-10 07:00:00,Hostel A,23.21,23.84,80,8,10,1,7
2026-02-10 08:00:00,Academic Block,21.56,24.54,45,6,20,1,8
2026-02-10 08:00:00,Computer Lab,22.81,28.53,4,5,45,1,8
2026-02-10 08:00:00,Library,8.87,25.94,5,3,15,1,8
2026-02-10 08:00:00,Hostel A,23.77,26.67,80,8,10,1,8
2026-02-10 09:00:00,Academic Block,22.02,26.1,45,6,20,1,9
2026-02-10 09:00:00,Computer Lab,25.54,28.91,40,5,45,1,9
2026-02-10 09:00:00,Library,19.27,29.17,25,3,15,1,9
2026-02-10 09:00:00,Hostel A,21.17,27.89,35,8,10,1,9
2026-02-10 10:00:00,Academic Block,30.59,29.49,45,6,20,1,10
2026-02-10 10:00:00,Computer Lab,25.82,28.64,40,5,45,1,10
2026-02-10 10:00:00,Library,23.44,31.03,25,3,15,1,10
2026-02-10 10:00:00,Hostel A,30.76,30.0,35,8,10,1,10
2026-02-10 11:00:00,Academic Block,34.15,30.12,45,6,20,1,11
2026-02-10 11:00:00,Computer Lab,32.7,31.3,40,5,45,1,11
2026-02-10 11:00:00,Library,21.44,29.54,25,3,15,1,11
2026-02-10 11:00:00,Hostel A,30.11,29.72,35,8,10,1,11
2026-02-10 12:00:00,Academic Block,42.9,33.06,45,6,20,1,12
2026-02-10 12:00:00,Computer Lab,29.68,29.92,40,5,45,1,12
2026-02-10 12:00:00,Library,21.48,30.32,25,3,15,1,12
2026-02-10 12:00:00,Hostel A,31.67,29.78,35,8,10,1,12
2026-02-10 13:00:00,Academic Block,31.74,28.49,45,6,20,1,13
2026-02-10 13:00:00,Computer Lab,28.93,29.57,40,5,45,1,13
2026-02-10 13:00:00,Library,19.04,29.43,25,3,15,1,13
2026-02-10 13:00:00,Hostel A,27.61,29.28,35,8,10,1,13
2026-02-10 14:00:00,Academic Block,30.17,29.14,45,6,20,1,14
2026-02-10 14:00:00,Computer Lab,29.92,30.74,40,5,45,1,14
2026-02-10 14:00:00,Library,16.29,28.64,25,3,15,1,14
2026-02-10 14:00:00,Hostel A,36.1,31.06,35,8,10,1,14
2026-02-10 15:00:00,Academic Block,32.49,29.21,45,6,20,1,15
2026-02-10 15:00:00,Computer Lab,22.17,28.36,40,5,45,1,15
2026-02-10 15:00:00,Library,14.77,26.9,25,3,15,1,15
2026-02-10 15:00:00,Hostel A,21.03,27.02,35,8,10,1,15
2026-02-10 16:00:00,Academic Block,26.1,27.64,45,6,20,1,16
2026-02-10 16:00:00,Computer Lab,21.91,28.07,40,5,45,1,16
2026-02-10 16:00:00,Library,13.76,26.33,25,3,15,1,16
2026-02-10 16:00:00,Hostel A,15.87,26.74,35,8,10,1,16
2026-02-10 17:00:00,Academic Block,22.0,27.07,45,6,20,1,17
2026-02-10 17:00:00,Computer Lab,21.84,26.85,40,5,45,1,17
2026-02-10 17:00:00,Library,14.16,26.31,25,3,15,1,17
2026-02-10 17:00:00,Hostel A,22.0,26.48,35,8,10,1,17
2026-02-10 18:00:00,Academic Block,19.25,23.73,12,6,20,1,18
2026-02-10 18:00:00,Computer Lab,15.38,25.81,4,5,45,1,18
2026-02-10 18:00:00,Library,12.11,26.38,25,3,15,1,18
2026-02-10 18:00:00,Hostel A,29.16,27.48,80,8,10,1,18
2026-02-10 19:00:00,Academic Block,20.09,24.04,12,6,20,1,19
2026-02-10 19:00:00,Computer Lab,13.89,25.14,4,5,45,1,19
2026-02-10 19:00:00,Library,14.11,22.13,25,3,15,1,19
2026-02-10 19:00:00,Hostel A,22.21,24.03,80,8,10,1,19
2026-02-10 20:00:00,Academic Block,15.68,22.51,12,6,20,1,20
2026-02-10 20:00:00,Computer Lab,14.54,22.27,4,5,45,1,20
2026-02-10 20:00:00,Library,13.72,23.6,25,3,15,1,20
2026-02-10 20:00:00,Hostel A,23.14,23.19,80,8,10,1,20
2026-02-10 21:00:00,Academic Block,20.15,19.67,12,6,20,1,21
2026-02-10 21:00:00,Computer Lab,17.54,22.22,4,5,45,1,21
2026-02-10 21:00:00,Library,8.09,24.01,5,3,15,1,21
2026-02-10 21:00:00,Hostel A,21.44,21.0,80,8,10,1,21
2026-02-10 22:00:00,Academic Block,18.72,20.88,5,6,20,1,22
2026-02-10 22:00:00,Computer Lab,17.21,20.39,4,5,45,1,22
2026-02-10 22:00:00,Library,9.06,19.35,5,3,15,1,22
2026-02-10 22:00:00,Hostel A,22.01,19.44,80,8,10,1,22
2026-02-10 23:00:00,Academic Block,18.63,18.7,5,6,20,1,23
2026-02-10 23:00:00,Computer Lab,14.49,19.97,4,5,45,1,23
2026-02-10 23:00:00,Library,10.54,21.22,5,3,15,1,23
2026-02-10 23:00:00,Hostel A,18.66,21.45,35,8,10,1,23
2026-02-11 00:00:00,Academic Block,17.86,19.97,5,6,20,2,0
2026-02-11 00:00:00,Computer Lab,16.74,19.99,4,5,45,2,0
2026-02-11 00:00:00,Library,11.4,19.51,5,3,15,2,0
2026-02-11 00:00:00,Hostel A,20.09,19.02,35,8,10,2,0
2026-02-11 01:00:00,Academic Block,19.98,19.47,5,6,20,2,1
2026-02-11 01:00:00,Computer Lab,17.95,20.24,4,5,45,2,1
2026-02-11 01:00:00,Library,8.41,18.79,5,3,15,2,1
2026-02-11 01:00:00,Hostel A,16.87,19.43,35,8,10,2,1
2026-02-11 02:00:00,Academic Block,19.63,19.01,5,6,20,2,2
2026-02-11 02:00:00,Computer Lab,14.95,20.66,4,5,45,2,2
2026-02-11 02:00:00,Library,9.73,20.21,5,3,15,2,2
2026-02-11 02:00:00,Hostel A,17.85,22.65,35,8,10,2,2
2026-02-11 03:00:00,Academic Block,19.89,19.88,5,6,20,2,3
2026-02-11 03:00:00,Computer Lab,18.73,21.21,4,5,45,2,3
2026-02-11 03:00:00,Library,11.89,20.83,5,3,15,2,3
2026-02-11 03:00:00,Hostel A,18.17,22.76,35,8,10,2,3
2026-02-11 04:00:00,Academic Block,19.81,21.61,5,6,20,2,4
2026-02-11 04:00:00,Computer Lab,13.55,23.19,4,5,45,2,4
2026-02-11 04:00:00,Library,6.82,21.15,5,3,15,2,4
2026-02-11 04:00:00,Hostel A,18.56,23.21,35,8,10,2,4
2026-02-11 05:00:00,Academic Block,16.16,23.51,5,6,20,2,5
2026-02-11 05:00:00,Computer Lab,14.95,22.39,4,5,45,2,5
2026-02-11 05:00:00,Library,10.8,22.9,5,3,15,2,5
2026-02-11 05:00:00,Hostel A,22.35,24.41,35,8,10,2,5
2026-02-11 06:00:00,Academic Block,20.37,24.98,5,6,20,2,6
2026-02-11 06:00:00,Computer Lab,13.16,24.0,4,5,45,2,6
2026-02-11 06:00:00,Library,8.23,24.58,5,3,15,2,6
2026-02-11 06:00:00,Hostel A,21.38,25.02,80,8,10,2,6
2026-02-11 07:00:00,Academic Block,21.3,23.95,5,6,20,2,7
2026-02-11 07:00:00,Computer Lab,13.21,25.65,4,5,45,2,7
2026-02-11 07:00:00,Library,11.84,27.37,5,3,15,2,7
2026-02-11 07:00:00,Hostel A,25.38,27.6,80,8,10,2,7
2026-02-11 08:00:00,Academic Block,23.61,26.85,45,6,20,2,8
2026-02-11 08:00:00,Computer Lab,22.04,28.21,4,5,45,2,8
2026-02-11 08:00:00,Library,13.78,27.39,5,3,15,2,8
2026-02-11 08:00:00,Hostel A,30.11,28.39,80,8,10,2,8
2026-02-11 09:00:00,Academic Block,25.91,28.36,45,6,20,2,9
2026-02-11 09:00:00,Computer Lab,27.12,29.25,40,5,45,2,9
2026-02-11 09:00:00,Library,18.09,28.04,25,3,15,2,9
2026-02-11 09:00:00,Hostel A,22.57,26.82,35,8,10,2,9
2026-02-11 10:00:00,Academic Block,31.84,29.3,45,6,20,2,10
2026-02-11 10:00:00,Computer Lab,23.3,28.86,40,5,45,2,10
2026-02-11 10:00:00,Library,19.43,29.16,25,3,15,2,10
2026-02-11 10:00:00,Hostel A,33.25,30.14,35,8,10,2,10
2026-02-11 11:00:00,Academic Block,21.68,27.2,45,6,20,2,11
2026-02-11 11:00:00,Computer Lab,34.98,32.29,40,5,45,2,11
2026-02-11 11:00:00,Library,23.35,31.54,25,3,15,2,11
2026-02-11 11:00:00,Hostel A,32.25,29.61,35,8,10,2,11
2026-02-11 12:00:00,Academic Block,32.74,29.02,45,6,20,2,12
2026-02-11 12:00:00,Computer Lab,30.38,30.09,40,5,45,2,12
2026-02-11 12:00:00,Library,21.18,29.68,25,3,15,2,12
2026-02-11 12:00:00,Hostel A,40.71,31.89,35,8,10,2,12
2026-02-11 13:00:00,Academic Block,39.55,31.91,45,6,20,2,13
2026-02-11 13:00:00,Computer Lab,32.49,30.75,40,5,45,2,13
2026-02-11 13:00:00,Library,17.74,28.55,25,3,15,2,13
2026-02-11 13:00:00,Hostel A,30.99,29.84,35,8,10,2,13
2026-02-11 14:00:00,Academic Block,33.18,29.76,45,6,20,2,14
2026-02-11 14:00:00,Computer Lab,26.91,29.24,40,5,45,2,14
2026-02-11 14:00:00,Library,18.52,29.22,25,3,15,2,14
2026-02-11 14:00:00,Hostel A,29.88,29.5,35,8,10,2,14
2026-02-11 15:00:00,Academic Block,37.72,31.72,45,6,20,2,15
2026-02-11 15:00:00,Computer Lab,21.82,27.83,40,5,45,2,15
2026-02-11 15:00:00,Library,21.41,30.98,25,3,15,2,15
2026-02-11 15:00:00,Hostel A,29.32,29.05,35,8,10,2,15
2026-02-11 16:00:00,Academic Block,28.31,27.9,45,6,20,2,16
2026-02-11 16:00:00,Computer Lab,25.44,28.96,40,5,45,2,16
2026-02-11 16:00:00,Library,12.62,27.73,25,3,15,2,16
2026-02-11 16:00:00,Hostel A,21.76,27.62,35,8,10,2,16
2026-02-11 17:00:00,Academic Block,19.47,26.07,45,6,20,2,17
2026-02-11 17:00:00,Computer Lab,17.1,26.78,40,5,45,2,17
2026-02-11 17:00:00,Library,11.05,26.47,25,3,15,2,17
2026-02-11 17:00:00,Hostel A,20.68,25.27,35,8,10,2,17
2026-02-11 18:00:00,Academic Block,20.98,25.71,12,6,20,2,18
2026-02-11 18:00:00,Computer Lab,15.73,26.87,4,5,45,2,18
2026-02-11 18:00:00,Library,11.15,26.8,25,3,15,2,18
2026-02-11 18:00:00,Hostel A,21.81,25.9,80,8,10,2,18
2026-02-11 19:00:00,Academic Block,20.18,22.59,12,6,20,2,19
2026-02-11 19:00:00,Computer Lab,17.04,24.84,4,5,45,2,19
2026-02-11 19:00:00,Library,12.42,23.96,25,3,15,2,19
2026-02-11 19:00:00,Hostel A,23.01,24.34,80,8,10,2,19
2026-02-11 20:00:00,Academic Block,19.57,23.15,12,6,20,2,20
2026-02-11 20:00:00,Computer Lab,13.23,23.51,4,5,45,2,20
2026-02-11 20:00:00,Library,10.15,22.34,25,3,15,2,20
2026-02-11 20:00:00,Hostel A,25.01,22.83,80,8,10,2,20
2026-02-11 21:00:00,Academic Block,19.45,20.9,12,6,20,2,21
2026-02-11 21:00:00,Computer Lab,12.57,22.37,4,5,45,2,21
2026-02-11 21:00:00,Library,11.17,20.84,5,3,15,2,21
2026-02-11 21:00:00,Hostel A,21.08,17.99,80,8,10,2,21
2026-02-11 22:00:00,Academic Block,20.2,21.99,5,6,20,2,22
2026-02-11 22:00:00,Computer Lab,16.99,21.12,4,5,45,2,22
2026-02-11 22:00:00,Library,11.46,20.93,5,3,15,2,22
2026-02-11 22:00:00,Hostel A,22.72,20.29,80,8,10,2,22
2026-02-11 23:00:00,Academic Block,20.6,19.41,5,6,20,2,23
2026-02-11 23:00:00,Computer Lab,17.74,22.0,4,5,45,2,23
2026-02-11 23:00:00,Library,9.19,19.68,5,3,15,2,23
2026-02-11 23:00:00,Hostel A,19.77,21.7,35,8,10,2,23
2026-02-12 00:00:00,Academic Block,17.75,20.39,5,6,20,3,0
2026-02-12 00:00:00,Computer Lab,14.04,20.51,4,5,45,3,0
2026-02-12 00:00:00,Library,12.69,20.76,5,3,15,3,0
2026-02-12 00:00:00,Hostel A,20.01,21.96,35,8,10,3,0
2026-02-12 01:00:00,Academic Block,19.0,18.51,5,6,20,3,1
2026-02-12 01:00:00,Computer Lab,14.37,22.74,4,5,45,3,1
2026-02-12 01:00:00,Library,12.75,20.1,5,3,15,3,1
2026-02-12 01:00:00,Hostel A,22.67,20.91,35,8,10,3,1
2026-02-12 02:00:00,Academic Block,17.22,19.79,5,6,20,3,2
2026-02-12 02:00:00,Computer Lab,13.88,22.14,4,5,45,3,2
2026-02-12 02:00:00,Library,10.53,20.43,5,3,15,3,2
2026-02-12 02:00:00,Hostel A,19.87,21.91,35,8,10,3,2
2026-02-12 03:00:00,Academic Block,18.1,22.01,5,6,20,3,3
2026-02-12 03:00:00,Computer Lab,21.71,22.92,4,5,45,3,3
2026-02-12 03:00:00,Library,10.77,22.29,5,3,15,3,3
2026-02-12 03:00:00,Hostel A,17.99,19.91,35,8,10,3,3
2026-02-12 04:00:00,Academic Block,17.9,22.24,5,6,20,3,4
2026-02-12 04:00:00,Computer Lab,18.34,22.48,4,5,45,3,4
2026-02-12 04:00:00,Library,10.39,24.0,5,3,15,3,4
2026-02-12 04:00:00,Hostel A,20.96,21.05,35,8,10,3,4
2026-02-12 05:00:00,Academic Block,16.11,23.65,5,6,20,3,5
2026-02-12 05:00:00,Computer Lab,17.21,24.56,4,5,45,3,5
2026-02-12 05:00:00,Library,9.39,20.79,5,3,15,3,5
2026-02-12 05:00:00,Hostel A,20.05,23.57,35,8,10,3,5
2026-02-12 06:00:00,Academic Block,17.45,24.38,5,6,20,3,6
2026-02-12 06:00:00,Computer Lab,14.97,25.87,4,5,45,3,6
2026-02-12 06:00:00,Library,8.96,25.65,5,3,15,3,6
2026-02-12 06:00:00,Hostel A,23.68,23.38,80,8,10,3,6
2026-02-12 07:00:00,Academic Block,20.92,26.6,5,6,20,3,7
2026-02-12 07:00:00,Computer Lab,14.48,25.65,4,5,45,3,7
2026-02-12 07:00:00,Library,12.01,27.93,5,3,15,3,7
2026-02-12 07:00:00,Hostel A,29.27,27.8,80,8,10,3,7
2026-02-12 08:00:00,Academic Block,27.63,28.53,45,6,20,3,8
2026-02-12 08:00:00,Computer Lab,16.08,26.52,4,5,45,3,8
2026-02-12 08:00:00,Library,9.18,25.95,5,3,15,3,8
2026-02-12 08:00:00,Hostel A,30.27,28.27,80,8,10,3,8
2026-02-12 09:00:00,Academic Block,25.28,27.28,45,6,20,3,9
2026-02-12 09:00:00,Computer Lab,28.77,29.08,40,5,45,3,9
2026-02-12 09:00:00,Library,20.65,29.22,25,3,15,3,9
2026-02-12 09:00:00,Hostel A,30.67,29.11,35,8,10,3,9
2026-02-12 10:00:00,Academic Block,25.87,27.79,45,6,20,3,10
2026-02-12 10:00:00,Computer Lab,26.78,29.28,40,5,45,3,10
2026-02-12 10:00:00,Library,21.59,29.86,25,3,15,3,10
2026-02-12 10:00:00,Hostel A,31.85,29.8,35,8,10,3,10
2026-02-12 11:00:00,Academic Block,31.76,28.95,45,6,20,3,11
2026-02-12 11:00:00,Computer Lab,28.66,30.25,40,5,45,3,11
2026-02-12 11:00:00,Library,17.37,29.6,25,3,15,3,11
2026-02-12 11:00:00,Hostel A,32.12,29.87,35,8,10,3,11
2026-02-12 12:00:00,Academic Block,33.76,29.31,45,6,20,3,12
2026-02-12 12:00:00,Computer Lab,26.09,28.61,40,5,45,3,12
2026-02-12 12:00:00,Library,29.02,32.62,25,3,15,3,12
2026-02-12 12:00:00,Hostel A,31.09,29.96,35,8,10,3,12
2026-02-12 13:00:00,Academic Block,26.87,28.2,45,6,20,3,13
2026-02-12 13:00:00,Computer Lab,41.56,29.01,40,5,45,3,13
2026-02-12 13:00:00,Library,19.44,29.44,25,3,15,3,13
2026-02-12 13:00:00,Hostel A,32.82,30.41,35,8,10,3,13
2026-02-12 14:00:00,Academic Block,28.35,28.51,45,6,20,3,14
2026-02-12 14:00:00,Computer Lab,48.35,29.1,40,5,45,3,14
2026-02-12 14:00:00,Library,17.6,29.61,25,3,15,3,14
2026-02-12 14:00:00,Hostel A,33.06,29.83,35,8,10,3,14
2026-02-12 15:00:00,Academic Block,26.33,28.39,45,6,20,3,15
2026-02-12 15:00:00,Computer Lab,49.22,30.65,40,5,45,3,15
2026-02-12 15:00:00,Library,19.63,29.33,25,3,15,3,15
2026-02-12 15:00:00,Hostel A,32.39,29.26,35,8,10,3,15
2026-02-12 16:00:00,Academic Block,26.57,28.17,45,6,20,3,16
2026-02-12 16:00:00,Computer Lab,24.76,28.83,40,5,45,3,16
2026-02-12 16:00:00,Library,13.39,27.7,25,3,15,3,16
2026-02-12 16:00:00,Hostel A,19.39,26.26,35,8,10,3,16
2026-02-12 17:00:00,Academic Block,20.38,26.74,45,6,20,3,17
2026-02-12 17:00:00,Computer Lab,18.57,26.89,40,5,45,3,17
2026-02-12 17:00:00,Library,15.13,27.83,25,3,15,3,17
2026-02-12 17:00:00,Hostel A,19.06,24.95,35,8,10,3,17
2026-02-12 18:00:00,Academic Block,21.16,23.9,12,6,20,3,18
2026-02-12 18:00:00,Computer Lab,15.44,25.0,4,5,45,3,18
2026-02-12 18:00:00,Library,10.72,25.71,25,3,15,3,18
2026-02-12 18:00:00,Hostel A,23.16,23.45,80,8,10,3,18
2026-02-12 19:00:00,Academic Block,17.61,22.39,12,6,20,3,19
2026-02-12 19:00:00,Computer Lab,16.46,24.71,4,5,45,3,19
2026-02-12 19:00:00,Library,11.3,22.2,25,3,15,3,19
2026-02-12 19:00:00,Hostel A,25.21,22.62,80,8,10,3,19
2026-02-12 20:00:00,Academic Block,18.63,23.59,12,6,20,3,20
2026-02-12 20:00:00,Computer Lab,13.64,23.19,4,5,45,3,20
2026-02-12 20:00:00,Library,12.38,21.69,25,3,15,3,20
2026-02-12 20:00:00,Hostel A,22.4,23.04,80,8,10,3,20
2026-02-12 21:00:00,Academic Block,19.38,21.76,12,6,20,3,21
2026-02-12 21:00:00,Computer Lab,15.23,21.27,4,5,45,3,21
2026-02-12 21:00:00,Library,10.97,20.95,5,3,15,3,21
2026-02-12 21:00:00,Hostel A,22.85,21.96,80,8,10,3,21
2026-02-12 22:00:00,Academic Block,17.2,19.26,5,6,20,3,22
2026-02-12 22:00:00,Computer Lab,17.88,21.15,4,5,45,3,22
2026-02-12 22:00:00,Library,10.01,20.85,5,3,15,3,22
2026-02-12 22:00:00,Hostel A,20.84,20.94,80,8,10,3,22
2026-02-12 23:00:00,Academic Block,18.98,21.74,5,6,20,3,23
2026-02-12 23:00:00,Computer Lab,15.42,19.37,4,5,45,3,23
2026-02-12 23:00:00,Library,12.59,19.54,5,3,15,3,23
2026-02-12 23:00:00,Hostel A,19.18,19.93,35,8,10,3,23
2026-02-13 00:00:00,Academic Block,17.59,20.69,5,6,20,4,0
2026-02-13 00:00:00,Computer Lab,16.08,20.23,4,5,45,4,0
2026-02-13 00:00:00,Library,11.0,18.14,5,3,15,4,0
2026-02-13 00:00:00,Hostel A,19.14,19.95,35,8,10,4,0
2026-02-13 01:00:00,Academic Block,19.09,20.21,5,6,20,4,1
2026-02-13 01:00:00,Computer Lab,13.9,21.78,4,5,45,4,1
2026-02-13 01:00:00,Library,11.62,19.76,5,3,15,4,1
2026-02-13 01:00:00,Hostel A,19.64,20.75,35,8,10,4,1
2026-02-13 02:00:00,Academic Block,19.62,23.97,5,6,20,4,2
2026-02-13 02:00:00,Computer Lab,15.21,22.03,4,5,45,4,2
2026-02-13 02:00:00,Library,10.15,19.48,5,3,15,4,2
2026-02-13 02:00:00,Hostel A,19.56,21.52,35,8,10,4,2
2026-02-13 03:00:00,Academic Block,18.38,21.95,5,6,20,4,3
2026-02-13 03:00:00,Computer Lab,15.4,21.02,4,5,45,4,3
2026-02-13 03:00:00,Library,11.89,22.33,5,3,15,4,3
2026-02-13 03:00:00,Hostel A,20.09,20.26,35,8,10,4,3
2026-02-13 04:00:00,Academic Block,19.4,21.72,5,6,20,4,4
2026-02-13 04:00:00,Computer Lab,18.02,22.27,4,5,45,4,4
2026-02-13 04:00:00,Library,10.89,22.0,5,3,15,4,4
2026-02-13 04:00:00,Hostel A,17.64,23.23,35,8,10,4,4
2026-02-13 05:00:00,Academic Block,18.3,23.62,5,6,20,4,5
2026-02-13 05:00:00,Computer Lab,15.01,23.09,4,5,45,4,5
2026-02-13 05:00:00,Library,9.73,25.04,5,3,15,4,5
2026-02-13 05:00:00,Hostel A,19.42,24.39,35,8,10,4,5
2026-02-13 06:00:00,Academic Block,19.48,23.32,5,6,20,4,6
2026-02-13 06:00:00,Computer Lab,16.61,23.3,4,5,45,4,6
2026-02-13 06:00:00,Library,10.64,24.39,5,3,15,4,6
2026-02-13 06:00:00,Hostel A,22.73,23.45,80,8,10,4,6
2026-02-13 07:00:00,Academic Block,20.31,27.41,5,6,20,4,7
2026-02-13 07:00:00,Computer Lab,16.35,25.57,4,5,45,4,7
2026-02-13 07:00:00,Library,8.19,26.87,5,3,15,4,7
2026-02-13 07:00:00,Hostel A,31.94,28.71,80,8,10,4,7
2026-02-13 08:00:00,Academic Block,27.76,28.34,45,6,20,4,8
2026-02-13 08:00:00,Computer Lab,16.68,25.27,4,5,45,4,8
2026-02-13 08:00:00,Library,12.59,26.82,5,3,15,4,8
2026-02-13 08:00:00,Hostel A,25.3,27.24,80,8,10,4,8
2026-02-13 09:00:00,Academic Block,26.72,27.61,45,6,20,4,9
2026-02-13 09:00:00,Computer Lab,23.66,27.11,40,5,45,4,9
2026-02-13 09:00:00,Library,26.42,31.22,25,3,15,4,9
2026-02-13 09:00:00,Hostel A,33.1,30.07,35,8,10,4,9
2026-02-13 10:00:00,Academic Block,36.21,30.73,45,6,20,4,10
2026-02-13 10:00:00,Computer Lab,23.67,27.47,40,5,45,4,10
2026-02-13 10:00:00,Library,22.61,30.68,25,3,15,4,10
2026-02-13 10:00:00,Hostel A,23.08,27.86,35,8,10,4,10
2026-02-13 11:00:00,Academic Block,26.97,27.64,45,6,20,4,11
2026-02-13 11:00:00,Computer Lab,23.23,27.91,40,5,45,4,11
2026-02-13 11:00:00,Library,15.94,28.82,25,3,15,4,11
2026-02-13 11:00:00,Hostel A,32.94,30.12,35,8,10,4,11
2026-02-13 12:00:00,Academic Block,35.42,31.01,45,6,20,4,12
2026-02-13 12:00:00,Computer Lab,22.96,29.09,40,5,45,4,12
2026-02-13 12:00:00,Library,17.25,27.38,25,3,15,4,12
2026-02-13 12:00:00,Hostel A,43.59,32.5,35,8,10,4,12
2026-02-13 13:00:00,Academic Block,29.3,28.84,45,6,20,4,13
2026-02-13 13:00:00,Computer Lab,31.39,30.88,40,5,45,4,13
2026-02-13 13:00:00,Library,21.24,30.11,25,3,15,4,13
2026-02-13 13:00:00,Hostel A,28.58,29.15,35,8,10,4,13
2026-02-13 14:00:00,Academic Block,31.22,29.68,45,6,20,4,14
2026-02-13 14:00:00,Computer Lab,28.29,29.87,40,5,45,4,14
2026-02-13 14:00:00,Library,21.78,29.48,25,3,15,4,14
2026-02-13 14:00:00,Hostel A,30.67,29.13,35,8,10,4,14
2026-02-13 15:00:00,Academic Block,21.73,26.39,45,6,20,4,15
2026-02-13 15:00:00,Computer Lab,27.78,28.57,40,5,45,4,15
2026-02-13 15:00:00,Library,12.34,26.18,25,3,15,4,15
2026-02-13 15:00:00,Hostel A,32.96,30.28,35,8,10,4,15
2026-02-13 16:00:00,Academic Block,24.65,27.24,45,6,20,4,16
2026-02-13 16:00:00,Computer Lab,24.57,27.72,40,5,45,4,16
2026-02-13 16:00:00,Library,18.16,28.04,25,3,15,4,16
2026-02-13 16:00:00,Hostel A,19.52,27.07,35,8,10,4,16
2026-02-13 17:00:00,Academic Block,20.19,26.02,45,6,20,4,17
2026-02-13 17:00:00,Computer Lab,19.2,26.87,40,5,45,4,17
2026-02-13 17:00:00,Library,12.97,25.49,25,3,15,4,17
2026-02-13 17:00:00,Hostel A,20.11,24.92,35,8,10,4,17
2026-02-13 18:00:00,Academic Block,21.0,24.43,12,6,20,4,18
2026-02-13 18:00:00,Computer Lab,16.62,24.53,4,5,45,4,18
2026-02-13 18:00:00,Library,13.34,25.22,25,3,15,4,18
2026-02-13 18:00:00,Hostel A,20.05,25.13,80,8,10,4,18
2026-02-13 19:00:00,Academic Block,19.13,24.92,12,6,20,4,19
2026-02-13 19:00:00,Computer Lab,16.71,24.65,4,5,45,4,19
2026-02-13 19:00:00,Library,10.85,22.78,25,3,15,4,19
2026-02-13 19:00:00,Hostel A,22.1,24.49,80,8,10,4,19
2026-02-13 20:00:00,Academic Block,18.99,23.62,12,6,20,4,20
2026-02-13 20:00:00,Computer Lab,16.3,23.73,4,5,45,4,20
2026-02-13 20:00:00,Library,11.66,22.85,25,3,15,4,20
2026-02-13 20:00:00,Hostel A,24.34,22.78,80,8,10,4,20
2026-02-13 21:00:00,Academic Block,20.06,21.4,12,6,20,4,21
2026-02-13 21:00:00,Computer Lab,15.86,21.52,4,5,45,4,21
2026-02-13 21:00:00,Library,12.43,23.53,5,3,15,4,21
2026-02-13 21:00:00,Hostel A,22.87,21.56,80,8,10,4,21
2026-02-13 22:00:00,Academic Block,18.44,19.83,5,6,20,4,22
2026-02-13 22:00:00,Computer Lab,16.95,21.04,4,5,45,4,22
2026-02-13 22:00:00,Library,8.96,21.57,5,3,15,4,22
2026-02-13 22:00:00,Hostel A,22.42,21.84,80,8,10,4,22
2026-02-13 23:00:00,Academic Block,20.7,18.99,5,6,20,4,23
2026-02-13 23:00:00,Computer Lab,16.07,21.93,4,5,45,4,23
2026-02-13 23:00:00,Library,11.78,21.02,5,3,15,4,23
2026-02-13 23:00:00,Hostel A,20.04,21.85,35,8,10,4,23
2026-02-14 00:00:00,Academic Block,21.71,18.41,5,6,20,5,0
2026-02-14 00:00:00,Computer Lab,14.91,21.28,4,5,45,5,0
2026-02-14 00:00:00,Library,11.38,18.76,5,3,15,5,0
2026-02-14 00:00:00,Hostel A,19.44,19.67,35,8,10,5,0
2026-02-14 01:00:00,Academic Block,17.85,21.06,5,6,20,5,1
2026-02-14 01:00:00,Computer Lab,16.25,18.83,4,5,45,5,1
2026-02-14 01:00:00,Library,10.84,19.53,5,3,15,5,1
2026-02-14 01:00:00,Hostel A,18.57,18.56,35,8,10,5,1
2026-02-14 02:00:00,Academic Block,19.61,21.53,5,6,20,5,2
2026-02-14 02:00:00,Computer Lab,13.92,19.72,4,5,45,5,2
2026-02-14 02:00:00,Library,11.47,20.69,5,3,15,5,2
2026-02-14 02:00:00,Hostel A,18.18,21.16,35,8,10,5,2
2026-02-14 03:00:00,Academic Block,20.95,21.82,5,6,20,5,3
2026-02-14 03:00:00,Computer Lab,13.22,21.71,4,5,45,5,3
2026-02-14 03:00:00,Library,13.69,21.71,5,3,15,5,3
2026-02-14 03:00:00,Hostel A,18.99,19.92,35,8,10,5,3
2026-02-14 04:00:00,Academic Block,18.84,22.23,5,6,20,5,4
2026-02-14 04:00:00,Computer Lab,17.38,22.73,4,5,45,5,4
2026-02-14 04:00:00,Library,12.54,22.6,5,3,15,5,4
2026-02-14 04:00:00,Hostel A,18.42,22.36,35,8,10,5,4
2026-02-14 05:00:00,Academic Block,15.97,22.9,5,6,20,5,5
2026-02-14 05:00:00,Computer Lab,18.75,24.04,4,5,45,5,5
2026-02-14 05:00:00,Library,11.66,24.26,5,3,15,5,5
2026-02-14 05:00:00,Hostel A,18.58,23.21,35,8,10,5,5
2026-02-14 06:00:00,Academic Block,21.97,26.18,5,6,20,5,6
2026-02-14 06:00:00,Computer Lab,17.98,26.79,4,5,45,5,6
2026-02-14 06:00:00,Library,10.94,25.04,5,3,15,5,6
2026-02-14 06:00:00,Hostel A,20.38,24.1,80,8,10,5,6
2026-02-14 07:00:00,Academic Block,18.77,24.94,5,6,20,5,7
2026-02-14 07:00:00,Computer Lab,13.47,25.94,4,5,45,5,7
2026-02-14 07:00:00,Library,10.5,26.25,5,3,15,5,7
2026-02-14 07:00:00,Hostel A,21.99,24.89,80,8,10,5,7
2026-02-14 08:00:00,Academic Block,19.58,27.11,5,6,20,5,8
2026-02-14 08:00:00,Computer Lab,19.29,28.61,4,5,45,5,8
2026-02-14 08:00:00,Library,10.63,25.12,5,3,15,5,8
2026-02-14 08:00:00,Hostel A,27.14,27.62,80,8,10,5,8
2026-02-14 09:00:00,Academic Block,21.83,27.89,5,6,20,5,9
2026-02-14 09:00:00,Computer Lab,21.22,28.53,4,5,45,5,9
2026-02-14 09:00:00,Library,21.46,30.4,25,3,15,5,9
2026-02-14 09:00:00,Hostel A,30.24,28.47,35,8,10,5,9
2026-02-14 10:00:00,Academic Block,28.27,29.1,5,6,20,5,10
2026-02-14 10:00:00,Computer Lab,27.95,30.11,4,5,45,5,10
2026-02-14 10:00:00,Library,20.48,29.68,25,3,15,5,10
2026-02-14 10:00:00,Hostel A,29.78,29.45,35,8,10,5,10
2026-02-14 11:00:00,Academic Block,34.41,30.22,5,6,20,5,11
2026-02-14 11:00:00,Computer Lab,31.02,31.28,4,5,45,5,11
2026-02-14 11:00:00,Library,21.77,30.86,25,3,15,5,11
2026-02-14 11:00:00,Hostel A,32.34,29.52,35,8,10,5,11
2026-02-14 12:00:00,Academic Block,35.69,31.78,5,6,20,5,12
2026-02-14 12:00:00,Computer Lab,27.96,29.42,4,5,45,5,12
2026-02-14 12:00:00,Library,23.99,30.12,25,3,15,5,12
2026-02-14 12:00:00,Hostel A,34.36,30.25,35,8,10,5,12
2026-02-14 13:00:00,Academic Block,30.13,29.46,5,6,20,5,13
2026-02-14 13:00:00,Computer Lab,29.56,31.46,4,5,45,5,13
2026-02-14 13:00:00,Library,20.89,29.41,25,3,15,5,13
2026-02-14 13:00:00,Hostel A,30.84,29.67,35,8,10,5,13
2026-02-14 14:00:00,Academic Block,34.15,30.54,5,6,20,5,14
2026-02-14 14:00:00,Computer Lab,23.03,28.79,4,5,45,5,14
2026-02-14 14:00:00,Library,14.44,27.88,25,3,15,5,14
2026-02-14 14:00:00,Hostel A,30.81,29.48,35,8,10,5,14
2026-02-14 15:00:00,Academic Block,20.34,27.38,5,6,20,5,15
2026-02-14 15:00:00,Computer Lab,18.56,27.26,4,5,45,5,15
2026-02-14 15:00:00,Library,10.95,26.17,25,3,15,5,15
2026-02-14 15:00:00,Hostel A,20.0,26.3,35,8,10,5,15
2026-02-14 16:00:00,Academic Block,18.75,25.34,5,6,20,5,16
2026-02-14 16:00:00,Computer Lab,27.35,29.47,4,5,45,5,16
2026-02-14 16:00:00,Library,12.67,25.33,25,3,15,5,16
2026-02-14 16:00:00,Hostel A,17.6,26.31,35,8,10,5,16
2026-02-14 17:00:00,Academic Block,20.76,26.16,5,6,20,5,17
2026-02-14 17:00:00,Computer Lab,16.04,27.01,4,5,45,5,17
2026-02-14 17:00:00,Library,10.6,27.14,25,3,15,5,17
2026-02-14 17:00:00,Hostel A,17.71,25.39,35,8,10,5,17
2026-02-14 18:00:00,Academic Block,18.96,25.09,12,6,20,5,18
2026-02-14 18:00:00,Computer Lab,15.41,24.83,4,5,45,5,18
2026-02-14 18:00:00,Library,13.04,25.03,25,3,15,5,18
2026-02-14 18:00:00,Hostel A,22.12,25.18,80,8,10,5,18
2026-02-14 19:00:00,Academic Block,20.5,24.19,12,6,20,5,19
2026-02-14 19:00:00,Computer Lab,15.58,23.04,4,5,45,5,19
2026-02-14 19:00:00,Library,10.57,25.1,25,3,15,5,19
2026-02-14 19:00:00,Hostel A,20.54,25.87,80,8,10,5,19
2026-02-14 20:00:00,Academic Block,17.83,22.09,12,6,20,5,20
2026-02-14 20:00:00,Computer Lab,14.91,25.13,4,5,45,5,20
2026-02-14 20:00:00,Library,11.67,21.9,25,3,15,5,20
2026-02-14 20:00:00,Hostel A,22.06,22.61,80,8,10,5,20
2026-02-14 21:00:00,Academic Block,13.97,21.31,12,6,20,5,21
2026-02-14 21:00:00,Computer Lab,15.7,21.53,4,5,45,5,21
2026-02-14 21:00:00,Library,12.59,22.71,5,3,15,5,21
2026-02-14 21:00:00,Hostel A,23.77,21.24,80,8,10,5,21
2026-02-14 22:00:00,Academic Block,19.85,19.35,5,6,20,5,22
2026-02-14 22:00:00,Computer Lab,13.89,19.98,4,5,45,5,22
2026-02-14 22:00:00,Library,12.73,20.45,5,3,15,5,22
2026-02-14 22:00:00,Hostel A,24.79,20.89,80,8,10,5,22
2026-02-14 23:00:00,Academic Block,20.27,19.27,5,6,20,5,23
2026-02-14 23:00:00,Computer Lab,16.01,19.39,4,5,45,5,23
2026-02-14 23:00:00,Library,11.62,20.43,5,3,15,5,23
2026-02-14 23:00:00,Hostel A,17.84,20.47,35,8,10,5,23
2026-02-15 00:00:00,Academic Block,21.3,21.06,5,6,20,6,0
2026-02-15 00:00:00,Computer Lab,12.92,19.3,4,5,45,6,0
2026-02-15 00:00:00,Library,10.13,20.6,5,3,15,6,0
2026-02-15 00:00:00,Hostel A,19.78,19.84,35,8,10,6,0
2026-02-15 01:00:00,Academic Block,18.3,19.62,5,6,20,6,1
2026-02-15 01:00:00,Computer Lab,17.87,20.05,4,5,45,6,1
2026-02-15 01:00:00,Library,8.77,20.21,5,3,15,6,1
2026-02-15 01:00:00,Hostel A,19.16,18.74,35,8,10,6,1
2026-02-15 02:00:00,Academic Block,16.36,19.31,5,6,20,6,2
2026-02-15 02:00:00,Computer Lab,16.7,21.43,4,5,45,6,2
2026-02-15 02:00:00,Library,11.07,20.23,5,3,15,6,2
2026-02-15 02:00:00,Hostel A,19.85,20.9,35,8,10,6,2
2026-02-15 03:00:00,Academic Block,14.79,22.19,5,6,20,6,3
2026-02-15 03:00:00,Computer Lab,16.45,21.18,4,5,45,6,3
2026-02-15 03:00:00,Library,10.68,20.97,5,3,15,6,3
2026-02-15 03:00:00,Hostel A,19.07,22.37,35,8,10,6,3
2026-02-15 04:00:00,Academic Block,20.39,24.31,5,6,20,6,4
2026-02-15 04:00:00,Computer Lab,15.37,22.36,4,5,45,6,4
2026-02-15 04:00:00,Library,10.14,19.08,5,3,15,6,4
2026-02-15 04:00:00,Hostel A,19.28,20.88,35,8,10,6,4
2026-02-15 05:00:00,Academic Block,19.74,23.89,5,6,20,6,5
2026-02-15 05:00:00,Computer Lab,15.63,25.38,4,5,45,6,5
2026-02-15 05:00:00,Library,11.59,26.44,5,3,15,6,5
2026-02-15 05:00:00,Hostel A,18.11,22.13,35,8,10,6,5
2026-02-15 06:00:00,Academic Block,19.59,24.55,5,6,20,6,6
2026-02-15 06:00:00,Computer Lab,15.22,23.86,4,5,45,6,6
2026-02-15 06:00:00,Library,9.95,24.81,5,3,15,6,6
2026-02-15 06:00:00,Hostel A,23.51,25.97,80,8,10,6,6
2026-02-15 07:00:00,Academic Block,22.03,27.69,5,6,20,6,7
2026-02-15 07:00:00,Computer Lab,17.35,27.74,4,5,45,6,7
2026-02-15 07:00:00,Library,8.8,24.63,5,3,15,6,7
2026-02-15 07:00:00,Hostel A,24.78,26.31,80,8,10,6,7
2026-02-15 08:00:00,Academic Block,19.07,26.78,5,6,20,6,8
2026-02-15 08:00:00,Computer Lab,18.69,27.24,4,5,45,6,8
2026-02-15 08:00:00,Library,11.12,26.93,5,3,15,6,8
2026-02-15 08:00:00,Hostel A,21.69,25.89,80,8,10,6,8
2026-02-15 09:00:00,Academic Block,30.56,29.95,5,6,20,6,9
2026-02-15 09:00:00,Computer Lab,20.96,27.65,4,5,45,6,9
2026-02-15 09:00:00,Library,16.2,27.83,5,3,15,6,9
2026-02-15 09:00:00,Hostel A,33.96,30.22,35,8,10,6,9
2026-02-15 10:00:00,Academic Block,25.4,27.53,5,6,20,6,10
2026-02-15 10:00:00,Computer Lab,25.39,29.79,4,5,45,6,10
2026-02-15 10:00:00,Library,21.6,30.48,5,3,15,6,10
2026-02-15 10:00:00,Hostel A,35.75,30.9,35,8,10,6,10
2026-02-15 11:00:00,Academic Block,29.56,30.21,5,6,20,6,11
2026-02-15 11:00:00,Computer Lab,28.47,30.63,4,5,45,6,11
2026-02-15 11:00:00,Library,19.56,30.17,5,3,15,6,11
2026-02-15 11:00:00,Hostel A,29.67,29.53,35,8,10,6,11
2026-02-15 12:00:00,Academic Block,36.15,30.95,5,6,20,6,12
2026-02-15 12:00:00,Computer Lab,25.25,29.33,4,5,45,6,12
2026-02-15 12:00:00,Library,20.66,30.52,5,3,15,6,12
2026-02-15 12:00:00,Hostel A,23.3,28.17,35,8,10,6,12
2026-02-15 13:00:00,Academic Block,23.52,28.89,5,6,20,6,13
2026-02-15 13:00:00,Computer Lab,31.86,31.52,4,5,45,6,13
2026-02-15 13:00:00,Library,15.58,29.79,5,3,15,6,13
2026-02-15 13:00:00,Hostel A,23.04,27.64,35,8,10,6,13
2026-02-15 14:00:00,Academic Block,35.48,31.69,5,6,20,6,14
2026-02-15 14:00:00,Computer Lab,26.96,30.37,4,5,45,6,14
2026-02-15 14:00:00,Library,19.72,29.4,5,3,15,6,14
2026-02-15 14:00:00,Hostel A,27.36,28.91,35,8,10,6,14
2026-02-15 15:00:00,Academic Block,31.5,30.24,5,6,20,6,15
2026-02-15 15:00:00,Computer Lab,25.0,29.84,4,5,45,6,15
2026-02-15 15:00:00,Library,20.33,30.22,5,3,15,6,15
2026-02-15 15:00:00,Hostel A,29.19,29.06,35,8,10,6,15
2026-02-15 16:00:00,Academic Block,19.95,26.89,5,6,20,6,16
2026-02-15 16:00:00,Computer Lab,18.47,26.97,4,5,45,6,16
2026-02-15 16:00:00,Library,10.41,27.26,5,3,15,6,16
2026-02-15 16:00:00,Hostel A,16.36,25.48,35,8,10,6,16
2026-02-15 17:00:00,Academic Block,18.5,27.04,5,6,20,6,17
2026-02-15 17:00:00,Computer Lab,16.79,26.65,4,5,45,6,17
2026-02-15 17:00:00,Library,11.59,26.22,5,3,15,6,17
2026-02-15 17:00:00,Hostel A,15.56,26.48,35,8,10,6,17
2026-02-15 18:00:00,Academic Block,19.9,24.61,12,6,20,6,18
2026-02-15 18:00:00,Computer Lab,19.56,26.97,4,5,45,6,18
2026-02-15 18:00:00,Library,10.1,23.36,5,3,15,6,18
2026-02-15 18:00:00,Hostel A,24.83,23.12,80,8,10,6,18
2026-02-15 19:00:00,Academic Block,19.79,24.92,12,6,20,6,19
2026-02-15 19:00:00,Computer Lab,17.74,23.91,4,5,45,6,19
2026-02-15 19:00:00,Library,12.36,25.16,5,3,15,6,19
2026-02-15 19:00:00,Hostel A,22.03,24.25,80,8,10,6,19
2026-02-15 20:00:00,Academic Block,20.48,23.42,12,6,20,6,20
2026-02-15 20:00:00,Computer Lab,15.14,22.27,4,5,45,6,20
2026-02-15 20:00:00,Library,13.12,23.86,5,3,15,6,20
2026-02-15 20:00:00,Hostel A,22.15,21.6,80,8,10,6,20
2026-02-15 21:00:00,Academic Block,19.99,21.89,12,6,20,6,21
2026-02-15 21:00:00,Computer Lab,18.5,20.84,4,5,45,6,21
2026-02-15 21:00:00,Library,11.42,21.97,5,3,15,6,21
2026-02-15 21:00:00,Hostel A,21.88,23.58,80,8,10,6,21
2026-02-15 22:00:00,Academic Block,16.82,20.56,5,6,20,6,22
2026-02-15 22:00:00,Computer Lab,13.44,20.46,4,5,45,6,22
2026-02-15 22:00:00,Library,11.25,21.57,5,3,15,6,22
2026-02-15 22:00:00,Hostel A,22.4,20.34,80,8,10,6,22
2026-02-15 23:00:00,Academic Block,17.0,21.08,5,6,20,6,23
2026-02-15 23:00:00,Computer Lab,16.72,20.42,4,5,45,6,23
2026-02-15 23:00:00,Library,11.65,18.03,5,3,15,6,23
2026-02-15 23:00:00,Hostel A,18.77,18.16,35,8,10,6,23
2026-02-16 00:00:00,Academic Block,20.85,18.6,5,6,20,0,0
2026-02-16 00:00:00,Computer Lab,13.19,18.61,4,5,45,0,0
2026-02-16 00:00:00,Library,10.0,20.16,5,3,15,0,0
2026-02-16 00:00:00,Hostel A,19.74,18.19,35,8,10,0,0
2026-02-16 01:00:00,Academic Block,17.15,17.78,5,6,20,0,1
2026-02-16 01:00:00,Computer Lab,16.87,19.48,4,5,45,0,1
2026-02-16 01:00:00,Library,12.28,21.72,5,3,15,0,1
2026-02-16 01:00:00,Hostel A,15.31,19.99,35,8,10,0,1
2026-02-16 02:00:00,Academic Block,20.91,21.14,5,6,20,0,2
2026-02-16 02:00:00,Computer Lab,16.36,22.15,4,5,45,0,2
2026-02-16 02:00:00,Library,9.84,19.24,5,3,15,0,2
2026-02-16 02:00:00,Hostel A,16.82,22.99,35,8,10,0,2
2026-02-16 03:00:00,Academic Block,20.11,20.09,5,6,20,0,3
2026-02-16 03:00:00,Computer Lab,13.9,20.95,4,5,45,0,3
2026-02-16 03:00:00,Library,11.32,23.3,5,3,15,0,3
2026-02-16 03:00:00,Hostel A,17.23,21.01,35,8,10,0,3
2026-02-16 04:00:00,Academic Block,18.66,24.96,5,6,20,0,4
2026-02-16 04:00:00,Computer Lab,17.01,24.18,4,5,45,0,4
2026-02-16 04:00:00,Library,9.86,21.87,5,3,15,0,4
2026-02-16 04:00:00,Hostel A,21.14,24.24,35,8,10,0,4
2026-02-16 05:00:00,Academic Block,19.52,21.45,5,6,20,0,5
2026-02-16 05:00:00,Computer Lab,14.12,23.56,4,5,45,0,5
2026-02-16 05:00:00,Library,8.6,24.02,5,3,15,0,5
2026-02-16 05:00:00,Hostel A,17.75,23.15,35,8,10,0,5
2026-02-16 06:00:00,Academic Block,18.59,24.4,5,6,20,0,6
2026-02-16 06:00:00,Computer Lab,18.03,23.78,4,5,45,0,6
2026-02-16 06:00:00,Library,13.32,25.59,5,3,15,0,6
2026-02-16 06:00:00,Hostel A,21.73,24.81,80,8,10,0,6
2026-02-16 07:00:00,Academic Block,24.15,28.4,5,6,20,0,7
2026-02-16 07:00:00,Computer Lab,16.86,26.08,4,5,45,0,7
2026-02-16 07:00:00,Library,11.69,24.81,5,3,15,0,7
2026-02-16 07:00:00,Hostel A,25.85,26.99,80,8,10,0,7
2026-02-16 08:00:00,Academic Block,30.74,28.57,45,6,20,0,8
2026-02-16 08:00:00,Computer Lab,16.93,27.37,4,5,45,0,8
2026-02-16 08:00:00,Library,17.16,30.03,5,3,15,0,8
2026-02-16 08:00:00,Hostel A,23.4,25.79,80,8,10,0,8
2026-02-16 09:00:00,Academic Block,35.78,30.49,45,6,20,0,9
2026-02-16 09:00:00,Computer Lab,25.57,29.73,40,5,45,0,9
2026-02-16 09:00:00,Library,13.11,27.94,25,3,15,0,9
2026-02-16 09:00:00,Hostel A,28.41,29.47,35,8,10,0,9
2026-02-16 10:00:00,Academic Block,26.86,27.8,45,6,20,0,10
2026-02-16 10:00:00,Computer Lab,31.07,30.6,40,5,45,0,10
2026-02-16 10:00:00,Library,21.82,30.01,25,3,15,0,10
2026-02-16 10:00:00,Hostel A,27.41,29.07,35,8,10,0,10
2026-02-16 11:00:00,Academic Block,36.5,30.51,45,6,20,0,11
2026-02-16 11:00:00,Computer Lab,32.71,30.9,40,5,45,0,11
2026-02-16 11:00:00,Library,18.16,28.43,25,3,15,0,11
2026-02-16 11:00:00,Hostel A,31.5,29.83,35,8,10,0,11
2026-02-16 12:00:00,Academic Block,31.53,29.65,45,6,20,0,12
2026-02-16 12:00:00,Computer Lab,30.63,31.07,40,5,45,0,12
2026-02-16 12:00:00,Library,17.56,28.81,25,3,15,0,12
2026-02-16 12:00:00,Hostel A,42.66,31.94,35,8,10,0,12
2026-02-16 13:00:00,Academic Block,28.34,27.86,45,6,20,0,13
2026-02-16 13:00:00,Computer Lab,32.2,31.45,40,5,45,0,13
2026-02-16 13:00:00,Library,13.24,26.8,25,3,15,0,13
2026-02-16 13:00:00,Hostel A,40.28,31.18,35,8,10,0,13
2026-02-16 14:00:00,Academic Block,30.43,28.29,45,6,20,0,14
2026-02-16 14:00:00,Computer Lab,18.92,26.66,40,5,45,0,14
2026-02-16 14:00:00,Library,19.84,28.83,25,3,15,0,14
2026-02-16 14:00:00,Hostel A,38.11,30.89,35,8,10,0,14
2026-02-16 15:00:00,Academic Block,24.47,26.91,45,6,20,0,15
2026-02-16 15:00:00,Computer Lab,24.2,29.15,40,5,45,0,15
2026-02-16 15:00:00,Library,13.86,26.06,25,3,15,0,15
2026-02-16 15:00:00,Hostel A,23.96,28.32,35,8,10,0,15
2026-02-16 16:00:00,Academic Block,24.72,27.25,45,6,20,0,16
2026-02-16 16:00:00,Computer Lab,18.88,27.4,40,5,45,0,16
2026-02-16 16:00:00,Library,21.9,29.76,25,3,15,0,16
2026-02-16 16:00:00,Hostel A,20.32,27.1,35,8,10,0,16
2026-02-16 17:00:00,Academic Block,21.22,26.73,45,6,20,0,17
2026-02-16 17:00:00,Computer Lab,17.51,26.68,40,5,45,0,17
2026-02-16 17:00:00,Library,10.77,26.21,25,3,15,0,17
2026-02-16 17:00:00,Hostel A,21.42,24.95,35,8,10,0,17
2026-02-16 18:00:00,Academic Block,19.57,25.07,12,6,20,0,18
2026-02-16 18:00:00,Computer Lab,14.77,22.59,4,5,45,0,18
2026-02-16 18:00:00,Library,12.52,25.55,25,3,15,0,18
2026-02-16 18:00:00,Hostel A,22.86,22.42,80,8,10,0,18
2026-02-16 19:00:00,Academic Block,21.19,24.15,12,6,20,0,19
2026-02-16 19:00:00,Computer Lab,12.31,22.92,4,5,45,0,19
2026-02-16 19:00:00,Library,10.58,22.51,25,3,15,0,19
2026-02-16 19:00:00,Hostel A,18.47,24.59,80,8,10,0,19
2026-02-16 20:00:00,Academic Block,21.4,21.96,12,6,20,0,20
2026-02-16 20:00:00,Computer Lab,17.01,22.51,4,5,45,0,20
2026-02-16 20:00:00,Library,9.82,20.53,25,3,15,0,20
2026-02-16 20:00:00,Hostel A,22.7,24.22,80,8,10,0,20
2026-02-16 21:00:00,Academic Block,17.58,21.59,12,6,20,0,21
2026-02-16 21:00:00,Computer Lab,13.95,21.59,4,5,45,0,21
2026-02-16 21:00:00,Library,14.72,22.89,5,3,15,0,21
2026-02-16 21:00:00,Hostel A,21.6,22.05,80,8,10,0,21
2026-02-16 22:00:00,Academic Block,16.17,17.63,5,6,20,0,22
2026-02-16 22:00:00,Computer Lab,14.13,22.54,4,5,45,0,22
2026-02-16 22:00:00,Library,11.61,20.22,5,3,15,0,22
2026-02-16 22:00:00,Hostel A,22.25,22.45,80,8,10,0,22
2026-02-16 23:00:00,Academic Block,18.81,19.68,5,6,20,0,23
2026-02-16 23:00:00,Computer Lab,14.81,19.42,4,5,45,0,23
2026-02-16 23:00:00,Library,10.9,20.66,5,3,15,0,23
2026-02-16 23:00:00,Hostel A,19.61,22.73,35,8,10,0,23
2026-02-17 00:00:00,Academic Block,17.09,21.38,5,6,20,1,0
2026-02-17 00:00:00,Computer Lab,14.59,20.63,4,5,45,1,0
2026-02-17 00:00:00,Library,11.66,20.47,5,3,15,1,0
2026-02-17 00:00:00,Hostel A,22.56,20.06,35,8,10,1,0
2026-02-17 01:00:00,Academic Block,20.47,21.88,5,6,20,1,1
2026-02-17 01:00:00,Computer Lab,18.32,21.09,4,5,45,1,1
2026-02-17 01:00:00,Library,12.68,18.45,5,3,15,1,1
2026-02-17 01:00:00,Hostel A,18.1,18.98,35,8,10,1,1
2026-02-17 02:00:00,Academic Block,20.55,21.34,5,6,20,1,2
2026-02-17 02:00:00,Computer Lab,14.9,19.29,4,5,45,1,2
2026-02-17 02:00:00,Library,10.35,20.79,5,3,15,1,2
2026-02-17 02:00:00,Hostel A,24.1,21.69,35,8,10,1,2
2026-02-17 03:00:00,Academic Block,17.6,21.97,5,6,20,1,3
2026-02-17 03:00:00,Computer Lab,15.18,19.91,4,5,45,1,3
2026-02-17 03:00:00,Library,11.33,20.34,5,3,15,1,3
2026-02-17 03:00:00,Hostel A,18.26,22.01,35,8,10,1,3
2026-02-17 04:00:00,Academic Block,17.6,24.88,5,6,20,1,4
2026-02-17 04:00:00,Computer Lab,16.63,22.36,4,5,45,1,4
2026-02-17 04:00:00,Library,12.54,23.57,5,3,15,1,4
2026-02-17 04:00:00,Hostel A,20.53,23.01,35,8,10,1,4
2026-02-17 05:00:00,Academic Block,20.08,22.91,5,6,20,1,5
2026-02-17 05:00:00,Computer Lab,17.94,24.79,4,5,45,1,5
2026-02-17 05:00:00,Library,9.26,21.7,5,3,15,1,5
2026-02-17 05:00:00,Hostel A,14.97,24.69,35,8,10,1,5
2026-02-17 06:00:00,Academic Block,20.29,25.59,5,6,20,1,6
2026-02-17 06:00:00,Computer Lab,15.02,24.31,4,5,45,1,6
2026-02-17 06:00:00,Library,9.84,23.71,5,3,15,1,6
2026-02-17 06:00:00,Hostel A,21.53,24.41,80,8,10,1,6
2026-02-17 07:00:00,Academic Block,18.29,25.41,5,6,20,1,7
2026-02-17 07:00:00,Computer Lab,18.48,25.95,4,5,45,1,7
2026-02-17 07:00:00,Library,11.14,25.82,5,3,15,1,7
2026-02-17 07:00:00,Hostel A,21.67,25.6,80,8,10,1,7
2026-02-17 08:00:00,Academic Block,19.54,25.45,45,6,20,1,8
2026-02-17 08:00:00,Computer Lab,16.02,26.05,4,5,45,1,8
2026-02-17 08:00:00,Library,13.73,28.79,5,3,15,1,8
2026-02-17 08:00:00,Hostel A,21.68,26.84,80,8,10,1,8
2026-02-17 09:00:00,Academic Block,29.18,28.22,45,6,20,1,9
2026-02-17 09:00:00,Computer Lab,23.03,28.0,40,5,45,1,9
2026-02-17 09:00:00,Library,22.35,30.28,25,3,15,1,9
2026-02-17 09:00:00,Hostel A,23.21,27.62,35,8,10,1,9
2026-02-17 10:00:00,Academic Block,28.61,28.34,45,6,20,1,10
2026-02-17 10:00:00,Computer Lab,27.19,29.95,40,5,45,1,10
2026-02-17 10:00:00,Library,19.67,29.54,25,3,15,1,10
2026-02-17 10:00:00,Hostel A,34.13,29.98,35,8,10,1,10
2026-02-17 11:00:00,Academic Block,34.75,30.4,45,6,20,1,11
2026-02-17 11:00:00,Computer Lab,31.08,30.95,40,5,45,1,11
2026-02-17 11:00:00,Library,11.88,28.25,25,3,15,1,11
2026-02-17 11:00:00,Hostel A,30.65,29.75,35,8,10,1,11
2026-02-17 12:00:00,Academic Block,32.51,30.48,45,6,20,1,12
2026-02-17 12:00:00,Computer Lab,27.66,29.22,40,5,45,1,12
2026-02-17 12:00:00,Library,18.56,28.76,25,3,15,1,12
2026-02-17 12:00:00,Hostel A,30.09,29.33,35,8,10,1,12
2026-02-17 13:00:00,Academic Block,37.13,30.54,45,6,20,1,13
2026-02-17 13:00:00,Computer Lab,27.99,29.94,40,5,45,1,13
2026-02-17 13:00:00,Library,20.17,29.28,25,3,15,1,13
2026-02-17 13:00:00,Hostel A,26.82,28.6,35,8,10,1,13
2026-02-17 14:00:00,Academic Block,29.68,28.87,45,6,20,1,14
2026-02-17 14:00:00,Computer Lab,20.7,28.12,40,5,45,1,14
2026-02-17 14:00:00,Library,22.31,29.96,25,3,15,1,14
2026-02-17 14:00:00,Hostel A,21.66,27.18,35,8,10,1,14
2026-02-17 15:00:00,Academic Block,34.12,29.84,45,6,20,1,15
2026-02-17 15:00:00,Computer Lab,21.8,28.04,40,5,45,1,15
2026-02-17 15:00:00,Library,18.0,28.63,25,3,15,1,15
2026-02-17 15:00:00,Hostel A,27.01,28.65,35,8,10,1,15
2026-02-17 16:00:00,Academic Block,22.82,26.2,45,6,20,1,16
2026-02-17 16:00:00,Computer Lab,23.61,28.07,40,5,45,1,16
2026-02-17 16:00:00,Library,17.7,27.63,25,3,15,1,16
2026-02-17 16:00:00,Hostel A,21.92,26.75,35,8,10,1,16
2026-02-17 17:00:00,Academic Block,23.56,25.41,45,6,20,1,17
2026-02-17 17:00:00,Computer Lab,21.95,27.77,40,5,45,1,17
2026-02-17 17:00:00,Library,17.48,28.29,25,3,15,1,17
2026-02-17 17:00:00,Hostel A,18.39,25.24,35,8,10,1,17
2026-02-17 18:00:00,Academic Block,21.15,26.36,12,6,20,1,18
2026-02-17 18:00:00,Computer Lab,15.46,23.73,4,5,45,1,18
2026-02-17 18:00:00,Library,11.46,25.24,25,3,15,1,18
2026-02-17 18:00:00,Hostel A,27.78,27.83,80,8,10,1,18
2026-02-17 19:00:00,Academic Block,21.05,23.63,12,6,20,1,19
2026-02-17 19:00:00,Computer Lab,17.18,23.27,4,5,45,1,19
2026-02-17 19:00:00,Library,11.54,21.7,25,3,15,1,19
2026-02-17 19:00:00,Hostel A,24.91,24.96,80,8,10,1,19
2026-02-17 20:00:00,Academic Block,17.93,21.57,12,6,20,1,20
2026-02-17 20:00:00,Computer Lab,14.74,23.18,4,5,45,1,20
2026-02-17 20:00:00,Library,13.54,22.18,25,3,15,1,20
2026-02-17 20:00:00,Hostel A,19.6,21.85,80,8,10,1,20
2026-02-17 21:00:00,Academic Block,19.27,19.9,12,6,20,1,21
2026-02-17 21:00:00,Computer Lab,15.22,19.23,4,5,45,1,21
2026-02-17 21:00:00,Library,13.08,19.79,5,3,15,1,21
2026-02-17 21:00:00,Hostel A,20.96,24.06,80,8,10,1,21
2026-02-17 22:00:00,Academic Block,17.26,20.98,5,6,20,1,22
2026-02-17 22:00:00,Computer Lab,18.38,20.3,4,5,45,1,22
2026-02-17 22:00:00,Library,10.2,20.11,5,3,15,1,22
2026-02-17 22:00:00,Hostel A,24.27,19.54,80,8,10,1,22
2026-02-17 23:00:00,Academic Block,18.04,16.25,5,6,20,1,23
2026-02-17 23:00:00,Computer Lab,14.68,20.12,4,5,45,1,23
2026-02-17 23:00:00,Library,12.43,21.21,5,3,15,1,23
2026-02-17 23:00:00,Hostel A,22.09,18.48,35,8,10,1,23
2026-02-18 00:00:00,Academic Block,20.63,18.29,5,6,20,2,0
2026-02-18 00:00:00,Computer Lab,14.91,20.18,4,5,45,2,0
2026-02-18 00:00:00,Library,10.57,19.51,5,3,15,2,0
2026-02-18 00:00:00,Hostel A,17.57,20.25,35,8,10,2,0
2026-02-18 01:00:00,Academic Block,17.54,19.89,5,6,20,2,1
2026-02-18 01:00:00,Computer Lab,14.44,18.71,4,5,45,2,1
2026-02-18 01:00:00,Library,9.99,18.79,5,3,15,2,1
2026-02-18 01:00:00,Hostel A,19.13,20.69,35,8,10,2,1
2026-02-18 02:00:00,Academic Block,15.38,23.04,5,6,20,2,2
2026-02-18 02:00:00,Computer Lab,15.68,21.23,4,5,45,2,2
2026-02-18 02:00:00,Library,11.7,21.65,5,3,15,2,2
2026-02-18 02:00:00,Hostel A,19.21,20.47,35,8,10,2,2
2026-02-18 03:00:00,Academic Block,19.62,20.57,5,6,20,2,3
2026-02-18 03:00:00,Computer Lab,16.84,19.21,4,5,45,2,3
2026-02-18 03:00:00,Library,9.89,21.44,5,3,15,2,3
2026-02-18 03:00:00,Hostel A,18.71,21.19,35,8,10,2,3
2026-02-18 04:00:00,Academic Block,23.55,24.06,5,6,20,2,4
2026-02-18 04:00:00,Computer Lab,14.82,23.96,4,5,45,2,4
2026-02-18 04:00:00,Library,11.63,23.26,5,3,15,2,4
2026-02-18 04:00:00,Hostel A,17.06,21.39,35,8,10,2,4
2026-02-18 05:00:00,Academic Block,19.91,23.63,5,6,20,2,5
2026-02-18 05:00:00,Computer Lab,14.59,21.77,4,5,45,2,5
2026-02-18 05:00:00,Library,10.69,24.39,5,3,15,2,5
2026-02-18 05:00:00,Hostel A,16.83,25.41,35,8,10,2,5
2026-02-18 06:00:00,Academic Block,20.67,27.82,5,6,20,2,6
2026-02-18 06:00:00,Computer Lab,15.58,22.57,4,5,45,2,6
2026-02-18 06:00:00,Library,10.57,23.64,5,3,15,2,6
2026-02-18 06:00:00,Hostel A,22.26,24.91,80,8,10,2,6
2026-02-18 07:00:00,Academic Block,19.35,25.28,5,6,20,2,7
2026-02-18 07:00:00,Computer Lab,17.33,25.91,4,5,45,2,7
2026-02-18 07:00:00,Library,9.29,26.08,5,3,15,2,7
2026-02-18 07:00:00,Hostel A,22.29,24.27,80,8,10,2,7
2026-02-18 08:00:00,Academic Block,19.88,25.98,45,6,20,2,8
2026-02-18 08:00:00,Computer Lab,17.97,28.13,4,5,45,2,8
2026-02-18 08:00:00,Library,17.64,29.19,5,3,15,2,8
2026-02-18 08:00:00,Hostel A,24.28,27.45,80,8,10,2,8
2026-02-18 09:00:00,Academic Block,31.88,29.45,45,6,20,2,9
2026-02-18 09:00:00,Computer Lab,22.49,27.71,40,5,45,2,9
2026-02-18 09:00:00,Library,10.49,26.52,25,3,15,2,9
2026-02-18 09:00:00,Hostel A,21.68,27.19,35,8,10,2,9
2026-02-18 10:00:00,Academic Block,33.02,29.33,45,6,20,2,10
2026-02-18 10:00:00,Computer Lab,24.67,28.23,40,5,45,2,10
2026-02-18 10:00:00,Library,17.58,29.19,25,3,15,2,10
2026-02-18 10:00:00,Hostel A,31.98,29.79,35,8,10,2,10
2026-02-18 11:00:00,Academic Block,30.62,29.07,45,6,20,2,11
2026-02-18 11:00:00,Computer Lab,28.14,29.67,40,5,45,2,11
2026-02-18 11:00:00,Library,17.39,29.33,25,3,15,2,11
2026-02-18 11:00:00,Hostel A,31.41,29.92,35,8,10,2,11
2026-02-18 12:00:00,Academic Block,29.15,28.78,45,6,20,2,12
2026-02-18 12:00:00,Computer Lab,32.45,30.88,40,5,45,2,12
2026-02-18 12:00:00,Library,18.56,29.36,25,3,15,2,12
2026-02-18 12:00:00,Hostel A,32.56,30.76,35,8,10,2,12
2026-02-18 13:00:00,Academic Block,33.74,30.79,45,6,20,2,13
2026-02-18 13:00:00,Computer Lab,22.74,28.13,40,5,45,2,13
2026-02-18 13:00:00,Library,29.45,32.43,25,3,15,2,13
2026-02-18 13:00:00,Hostel A,36.33,30.68,35,8,10,2,13
2026-02-18 14:00:00,Academic Block,23.87,27.1,45,6,20,2,14
2026-02-18 14:00:00,Computer Lab,23.99,28.67,40,5,45,2,14
2026-02-18 14:00:00,Library,19.08,29.52,25,3,15,2,14
2026-02-18 14:00:00,Hostel A,31.61,30.37,35,8,10,2,14
2026-02-18 15:00:00,Academic Block,27.67,28.63,45,6,20,2,15
2026-02-18 15:00:00,Computer Lab,23.7,28.04,40,5,45,2,15
2026-02-18 15:00:00,Library,14.35,27.19,25,3,15,2,15
2026-02-18 15:00:00,Hostel A,24.74,28.28,35,8,10,2,15
2026-02-18 16:00:00,Academic Block,22.98,26.94,45,6,20,2,16
2026-02-18 16:00:00,Computer Lab,19.37,26.58,40,5,45,2,16
2026-02-18 16:00:00,Library,13.12,27.17,25,3,15,2,16
2026-02-18 16:00:00,Hostel A,31.09,29.41,35,8,10,2,16
2026-02-18 17:00:00,Academic Block,22.12,25.83,45,6,20,2,17
2026-02-18 17:00:00,Computer Lab,17.89,25.06,40,5,45,2,17
2026-02-18 17:00:00,Library,10.35,25.91,25,3,15,2,17
2026-02-18 17:00:00,Hostel A,19.25,26.76,35,8,10,2,17
2026-02-18 18:00:00,Academic Block,18.41,24.57,12,6,20,2,18
2026-02-18 18:00:00,Computer Lab,20.96,28.55,4,5,45,2,18
2026-02-18 18:00:00,Library,9.83,22.52,25,3,15,2,18
2026-02-18 18:00:00,Hostel A,24.55,25.91,80,8,10,2,18
2026-02-18 19:00:00,Academic Block,21.18,22.89,12,6,20,2,19
2026-02-18 19:00:00,Computer Lab,15.39,24.6,4,5,45,2,19
2026-02-18 19:00:00,Library,12.5,23.39,25,3,15,2,19
2026-02-18 19:00:00,Hostel A,23.15,24.76,80,8,10,2,19
2026-02-18 20:00:00,Academic Block,19.0,21.69,12,6,20,2,20
2026-02-18 20:00:00,Computer Lab,16.05,24.88,4,5,45,2,20
2026-02-18 20:00:00,Library,13.03,23.54,25,3,15,2,20
2026-02-18 20:00:00,Hostel A,22.71,22.83,80,8,10,2,20
2026-02-18 21:00:00,Academic Block,20.34,22.54,12,6,20,2,21
2026-02-18 21:00:00,Computer Lab,14.63,21.78,4,5,45,2,21
2026-02-18 21:00:00,Library,10.52,21.93,5,3,15,2,21
2026-02-18 21:00:00,Hostel A,26.57,21.09,80,8,10,2,21
2026-02-18 22:00:00,Academic Block,20.14,18.82,5,6,20,2,22
2026-02-18 22:00:00,Computer Lab,15.87,19.63,4,5,45,2,22
2026-02-18 22:00:00,Library,9.18,23.75,5,3,15,2,22
2026-02-18 22:00:00,Hostel A,22.52,19.8,80,8,10,2,22
2026-02-18 23:00:00,Academic Block,20.03,19.15,5,6,20,2,23
2026-02-18 23:00:00,Computer Lab,16.65,19.53,4,5,45,2,23
2026-02-18 23:00:00,Library,7.91,18.58,5,3,15,2,23
2026-02-18 23:00:00,Hostel A,16.6,19.9,35,8,10,2,23
2026-02-19 00:00:00,Academic Block,16.41,21.82,5,6,20,3,0
2026-02-19 00:00:00,Computer Lab,16.29,18.75,4,5,45,3,0
2026-02-19 00:00:00,Library,8.35,19.3,5,3,15,3,0
2026-02-19 00:00:00,Hostel A,17.45,22.45,35,8,10,3,0
2026-02-19 01:00:00,Academic Block,18.39,19.93,5,6,20,3,1
2026-02-19 01:00:00,Computer Lab,16.36,21.02,4,5,45,3,1
2026-02-19 01:00:00,Library,10.14,19.18,5,3,15,3,1
2026-02-19 01:00:00,Hostel A,20.07,19.9,35,8,10,3,1
2026-02-19 02:00:00,Academic Block,21.73,19.27,5,6,20,3,2
2026-02-19 02:00:00,Computer Lab,15.66,19.76,4,5,45,3,2
2026-02-19 02:00:00,Library,8.68,19.28,5,3,15,3,2
2026-02-19 02:00:00,Hostel A,17.49,19.62,35,8,10,3,2
2026-02-19 03:00:00,Academic Block,17.23,20.97,5,6,20,3,3
2026-02-19 03:00:00,Computer Lab,14.5,22.3,4,5,45,3,3
2026-02-19 03:00:00,Library,10.04,20.39,5,3,15,3,3
2026-02-19 03:00:00,Hostel A,19.27,22.66,35,8,10,3,3
2026-02-19 04:00:00,Academic Block,16.55,22.38,5,6,20,3,4
2026-02-19 04:00:00,Computer Lab,13.75,21.13,4,5,45,3,4
2026-02-19 04:00:00,Library,11.42,24.07,5,3,15,3,4
2026-02-19 04:00:00,Hostel A,18.1,21.47,35,8,10,3,4
2026-02-19 05:00:00,Academic Block,17.37,22.72,5,6,20,3,5
2026-02-19 05:00:00,Computer Lab,15.24,24.26,4,5,45,3,5
2026-02-19 05:00:00,Library,12.79,26.2,5,3,15,3,5
2026-02-19 05:00:00,Hostel A,19.96,25.28,35,8,10,3,5
2026-02-19 06:00:00,Academic Block,19.6,24.49,5,6,20,3,6
2026-02-19 06:00:00,Computer Lab,18.12,24.58,4,5,45,3,6
2026-02-19 06:00:00,Library,11.02,25.49,5,3,15,3,6
2026-02-19 06:00:00,Hostel A,25.16,25.15,80,8,10,3,6
2026-02-19 07:00:00,Academic Block,21.46,24.57,5,6,20,3,7
2026-02-19 07:00:00,Computer Lab,13.66,26.07,4,5,45,3,7
2026-02-19 07:00:00,Library,8.15,25.39,5,3,15,3,7
2026-02-19 07:00:00,Hostel A,22.72,27.08,80,8,10,3,7
2026-02-19 08:00:00,Academic Block,27.46,27.7,45,6,20,3,8
2026-02-19 08:00:00,Computer Lab,16.24,26.69,4,5,45,3,8
2026-02-19 08:00:00,Library,10.04,25.94,5,3,15,3,8
2026-02-19 08:00:00,Hostel A,40.19,30.59,80,8,10,3,8
2026-02-19 09:00:00,Academic Block,26.64,28.22,45,6,20,3,9
2026-02-19 09:00:00,Computer Lab,24.82,28.48,40,5,45,3,9
2026-02-19 09:00:00,Library,16.95,28.03,25,3,15,3,9
2026-02-19 09:00:00,Hostel A,20.56,27.39,35,8,10,3,9
2026-02-19 10:00:00,Academic Block,31.26,29.77,45,6,20,3,10
2026-02-19 10:00:00,Computer Lab,30.02,30.2,40,5,45,3,10
2026-02-19 10:00:00,Library,14.12,27.14,25,3,15,3,10
2026-02-19 10:00:00,Hostel A,22.68,27.31,35,8,10,3,10
2026-02-19 11:00:00,Academic Block,34.94,29.53,45,6,20,3,11
2026-02-19 11:00:00,Computer Lab,31.32,31.12,40,5,45,3,11
2026-02-19 11:00:00,Library,13.48,27.4,25,3,15,3,11
2026-02-19 11:00:00,Hostel A,28.82,28.36,35,8,10,3,11
2026-02-19 12:00:00,Academic Block,35.16,29.99,45,6,20,3,12
2026-02-19 12:00:00,Computer Lab,28.05,29.66,40,5,45,3,12
2026-02-19 12:00:00,Library,22.54,29.96,25,3,15,3,12
2026-02-19 12:00:00,Hostel A,32.93,30.37,35,8,10,3,12
2026-02-19 13:00:00,Academic Block,39.58,31.78,45,6,20,3,13
2026-02-19 13:00:00,Computer Lab,22.9,29.28,40,5,45,3,13
2026-02-19 13:00:00,Library,22.57,30.59,25,3,15,3,13
2026-02-19 13:00:00,Hostel A,32.13,29.95,35,8,10,3,13
2026-02-19 14:00:00,Academic Block,28.49,28.64,45,6,20,3,14
2026-02-19 14:00:00,Computer Lab,30.0,29.89,40,5,45,3,14
2026-02-19 14:00:00,Library,20.08,29.05,25,3,15,3,14
2026-02-19 14:00:00,Hostel A,28.98,29.24,35,8,10,3,14
2026-02-19 15:00:00,Academic Block,27.47,28.77,45,6,20,3,15
2026-02-19 15:00:00,Computer Lab,23.35,28.81,40,5,45,3,15
2026-02-19 15:00:00,Library,11.34,27.3,25,3,15,3,15
2026-02-19 15:00:00,Hostel A,28.33,28.33,35,8,10,3,15
2026-02-19 16:00:00,Academic Block,25.52,27.36,45,6,20,3,16
2026-02-19 16:00:00,Computer Lab,31.02,30.32,40,5,45,3,16
2026-02-19 16:00:00,Library,12.1,26.58,25,3,15,3,16
2026-02-19 16:00:00,Hostel A,21.5,27.5,35,8,10,3,16
2026-02-19 17:00:00,Academic Block,23.38,25.62,45,6,20,3,17
2026-02-19 17:00:00,Computer Lab,19.13,27.53,40,5,45,3,17
2026-02-19 17:00:00,Library,11.53,25.31,25,3,15,3,17
2026-02-19 17:00:00,Hostel A,22.12,27.01,35,8,10,3,17
2026-02-19 18:00:00,Academic Block,24.31,28.24,12,6,20,3,18
2026-02-19 18:00:00,Computer Lab,16.55,24.5,4,5,45,3,18
2026-02-19 18:00:00,Library,12.01,24.18,25,3,15,3,18
2026-02-19 18:00:00,Hostel A,18.62,24.5,80,8,10,3,18
2026-02-19 19:00:00,Academic Block,18.99,23.85,12,6,20,3,19
2026-02-19 19:00:00,Computer Lab,15.68,25.23,4,5,45,3,19
2026-02-19 19:00:00,Library,11.84,22.2,25,3,15,3,19
2026-02-19 19:00:00,Hostel A,20.73,21.2,80,8,10,3,19
2026-02-19 20:00:00,Academic Block,18.89,23.26,12,6,20,3,20
2026-02-19 20:00:00,Computer Lab,12.72,23.61,4,5,45,3,20
2026-02-19 20:00:00,Library,11.51,22.21,25,3,15,3,20
2026-02-19 20:00:00,Hostel A,23.56,23.65,80,8,10,3,20
2026-02-19 21:00:00,Academic Block,21.57,22.24,12,6,20,3,21
2026-02-19 21:00:00,Computer Lab,17.67,21.02,4,5,45,3,21
2026-02-19 21:00:00,Library,9.0,20.21,5,3,15,3,21
2026-02-19 21:00:00,Hostel A,20.29,22.37,80,8,10,3,21
2026-02-19 22:00:00,Academic Block,18.85,21.36,5,6,20,3,22
2026-02-19 22:00:00,Computer Lab,15.58,21.96,4,5,45,3,22
2026-02-19 22:00:00,Library,11.39,20.74,5,3,15,3,22
2026-02-19 22:00:00,Hostel A,21.49,19.87,80,8,10,3,22
2026-02-19 23:00:00,Academic Block,18.66,20.74,5,6,20,3,23
2026-02-19 23:00:00,Computer Lab,15.55,19.68,4,5,45,3,23
2026-02-19 23:00:00,Library,9.96,22.08,5,3,15,3,23
2026-02-19 23:00:00,Hostel A,16.39,19.6,35,8,10,3,23
2026-02-20 00:00:00,Academic Block,19.69,19.95,5,6,20,4,0
2026-02-20 00:00:00,Computer Lab,15.83,21.0,4,5,45,4,0
2026-02-20 00:00:00,Library,11.72,21.15,5,3,15,4,0
2026-02-20 00:00:00,Hostel A,20.43,21.34,35,8,10,4,0
2026-02-20 01:00:00,Academic Block,18.45,22.05,5,6,20,4,1
2026-02-20 01:00:00,Computer Lab,16.67,18.58,4,5,45,4,1
2026-02-20 01:00:00,Library,12.98,21.11,5,3,15,4,1
2026-02-20 01:00:00,Hostel A,21.87,21.71,35,8,10,4,1
2026-02-20 02:00:00,Academic Block,19.04,21.41,5,6,20,4,2
2026-02-20 02:00:00,Computer Lab,16.13,19.01,4,5,45,4,2
2026-02-20 02:00:00,Library,10.94,20.01,5,3,15,4,2
2026-02-20 02:00:00,Hostel A,19.66,20.74,35,8,10,4,2
2026-02-20 03:00:00,Academic Block,20.1,21.35,5,6,20,4,3
2026-02-20 03:00:00,Computer Lab,15.95,18.2,4,5,45,4,3
2026-02-20 03:00:00,Library,13.43,22.91,5,3,15,4,3
2026-02-20 03:00:00,Hostel A,21.48,22.34,35,8,10,4,3
2026-02-20 04:00:00,Academic Block,18.7,22.7,5,6,20,4,4
2026-02-20 04:00:00,Computer Lab,15.67,23.14,4,5,45,4,4
2026-02-20 04:00:00,Library,9.85,21.56,5,3,15,4,4
2026-02-20 04:00:00,Hostel A,19.74,21.17,35,8,10,4,4
2026-02-20 05:00:00,Academic Block,18.16,23.72,5,6,20,4,5
2026-02-20 05:00:00,Computer Lab,16.43,23.03,4,5,45,4,5
2026-02-20 05:00:00,Library,8.93,24.64,5,3,15,4,5
2026-02-20 05:00:00,Hostel A,20.38,22.16,35,8,10,4,5
2026-02-20 06:00:00,Academic Block,19.52,23.35,5,6,20,4,6
2026-02-20 06:00:00,Computer Lab,19.42,26.94,4,5,45,4,6
2026-02-20 06:00:00,Library,11.69,25.89,5,3,15,4,6
2026-02-20 06:00:00,Hostel A,23.4,27.7,80,8,10,4,6
2026-02-20 07:00:00,Academic Block,19.97,25.74,5,6,20,4,7
2026-02-20 07:00:00,Computer Lab,17.53,25.89,4,5,45,4,7
2026-02-20 07:00:00,Library,11.17,26.25,5,3,15,4,7
2026-02-20 07:00:00,Hostel A,21.77,25.96,80,8,10,4,7
2026-02-20 08:00:00,Academic Block,23.49,26.84,45,6,20,4,8
2026-02-20 08:00:00,Computer Lab,17.9,26.57,4,5,45,4,8
2026-02-20 08:00:00,Library,16.82,28.28,5,3,15,4,8
2026-02-20 08:00:00,Hostel A,20.2,26.15,80,8,10,4,8
2026-02-20 09:00:00,Academic Block,33.0,28.53,45,6,20,4,9
2026-02-20 09:00:00,Computer Lab,28.74,30.05,40,5,45,4,9
2026-02-20 09:00:00,Library,19.73,29.04,25,3,15,4,9
2026-02-20 09:00:00,Hostel A,22.26,26.89,35,8,10,4,9
2026-02-20 10:00:00,Academic Block,30.62,29.13,45,6,20,4,10
2026-02-20 10:00:00,Computer Lab,29.1,29.36,40,5,45,4,10
2026-02-20 10:00:00,Library,14.55,28.42,25,3,15,4,10
2026-02-20 10:00:00,Hostel A,28.7,29.72,35,8,10,4,10
2026-02-20 11:00:00,Academic Block,33.72,29.47,45,6,20,4,11
2026-02-20 11:00:00,Computer Lab,32.62,30.52,40,5,45,4,11
2026-02-20 11:00:00,Library,26.0,30.57,25,3,15,4,11
2026-02-20 11:00:00,Hostel A,29.87,29.12,35,8,10,4,11
2026-02-20 12:00:00,Academic Block,33.4,29.47,45,6,20,4,12
2026-02-20 12:00:00,Computer Lab,31.75,29.93,40,5,45,4,12
2026-02-20 12:00:00,Library,21.53,29.36,25,3,15,4,12
2026-02-20 12:00:00,Hostel A,35.89,30.71,35,8,10,4,12
2026-02-20 13:00:00,Academic Block,35.87,30.48,45,6,20,4,13
2026-02-20 13:00:00,Computer Lab,29.9,30.26,40,5,45,4,13
2026-02-20 13:00:00,Library,17.99,28.99,25,3,15,4,13
2026-02-20 13:00:00,Hostel A,25.01,27.81,35,8,10,4,13
2026-02-20 14:00:00,Academic Block,25.94,27.85,45,6,20,4,14
2026-02-20 14:00:00,Computer Lab,31.0,30.11,40,5,45,4,14
2026-02-20 14:00:00,Library,13.98,27.2,25,3,15,4,14
2026-02-20 14:00:00,Hostel A,32.53,29.88,35,8,10,4,14
2026-02-20 15:00:00,Academic Block,33.09,30.15,45,6,20,4,15
2026-02-20 15:00:00,Computer Lab,19.87,26.08,40,5,45,4,15
2026-02-20 15:00:00,Library,13.17,27.89,25,3,15,4,15
2026-02-20 15:00:00,Hostel A,27.85,28.35,35,8,10,4,15
2026-02-20 16:00:00,Academic Block,25.4,25.98,45,6,20,4,16
2026-02-20 16:00:00,Computer Lab,19.37,26.49,40,5,45,4,16
2026-02-20 16:00:00,Library,12.34,26.04,25,3,15,4,16
2026-02-20 16:00:00,Hostel A,19.54,27.34,35,8,10,4,16
2026-02-20 17:00:00,Academic Block,31.95,29.69,45,6,20,4,17
2026-02-20 17:00:00,Computer Lab,20.0,25.7,40,5,45,4,17
2026-02-20 17:00:00,Library,18.92,28.47,25,3,15,4,17
2026-02-20 17:00:00,Hostel A,19.27,24.85,35,8,10,4,17
2026-02-20 18:00:00,Academic Block,20.61,22.74,12,6,20,4,18
2026-02-20 18:00:00,Computer Lab,14.47,23.04,4,5,45,4,18
2026-02-20 18:00:00,Library,12.89,25.0,25,3,15,4,18
2026-02-20 18:00:00,Hostel A,24.83,24.69,80,8,10,4,18
2026-02-20 19:00:00,Academic Block,20.23,24.57,12,6,20,4,19
2026-02-20 19:00:00,Computer Lab,18.22,22.23,4,5,45,4,19
2026-02-20 19:00:00,Library,14.83,22.74,25,3,15,4,19
2026-02-20 19:00:00,Hostel A,23.5,26.13,80,8,10,4,19
2026-02-20 20:00:00,Academic Block,14.64,23.74,12,6,20,4,20
2026-02-20 20:00:00,Computer Lab,17.32,22.27,4,5,45,4,20
2026-02-20 20:00:00,Library,10.4,23.61,25,3,15,4,20
2026-02-20 20:00:00,Hostel A,18.75,22.15,80,8,10,4,20
2026-02-20 21:00:00,Academic Block,16.44,21.96,12,6,20,4,21
2026-02-20 21:00:00,Computer Lab,17.44,22.82,4,5,45,4,21
2026-02-20 21:00:00,Library,11.41,20.9,5,3,15,4,21
2026-02-20 21:00:00,Hostel A,22.91,21.2,80,8,10,4,21
2026-02-20 22:00:00,Academic Block,19.63,19.29,5,6,20,4,22
2026-02-20 22:00:00,Computer Lab,12.93,18.7,4,5,45,4,22
2026-02-20 22:00:00,Library,10.31,20.52,5,3,15,4,22
2026-02-20 22:00:00,Hostel A,21.58,21.0,80,8,10,4,22
2026-02-20 23:00:00,Academic Block,18.94,22.43,5,6,20,4,23
2026-02-20 23:00:00,Computer Lab,15.97,20.45,4,5,45,4,23
2026-02-20 23:00:00,Library,11.49,21.37,5,3,15,4,23
2026-02-20 23:00:00,Hostel A,20.05,20.7,35,8,10,4,23
2026-02-21 00:00:00,Academic Block,16.02,17.81,5,6,20,5,0
2026-02-21 00:00:00,Computer Lab,15.37,19.91,4,5,45,5,0
2026-02-21 00:00:00,Library,10.66,20.7,5,3,15,5,0
2026-02-21 00:00:00,Hostel A,17.08,20.7,35,8,10,5,0
2026-02-21 01:00:00,Academic Block,16.69,20.16,5,6,20,5,1
2026-02-21 01:00:00,Computer Lab,12.85,20.63,4,5,45,5,1
2026-02-21 01:00:00,Library,8.42,20.59,5,3,15,5,1
2026-02-21 01:00:00,Hostel A,20.29,19.71,35,8,10,5,1
2026-02-21 02:00:00,Academic Block,16.23,20.94,5,6,20,5,2
2026-02-21 02:00:00,Computer Lab,13.42,19.86,4,5,45,5,2
2026-02-21 02:00:00,Library,10.8,18.64,5,3,15,5,2
2026-02-21 02:00:00,Hostel A,19.61,21.34,35,8,10,5,2
2026-02-21 03:00:00,Academic Block,18.68,22.19,5,6,20,5,3
2026-02-21 03:00:00,Computer Lab,14.06,21.14,4,5,45,5,3
2026-02-21 03:00:00,Library,8.64,20.94,5,3,15,5,3
2026-02-21 03:00:00,Hostel A,19.08,20.45,35,8,10,5,3
2026-02-21 04:00:00,Academic Block,23.3,22.36,5,6,20,5,4
2026-02-21 04:00:00,Computer Lab,15.48,20.89,4,5,45,5,4
2026-02-21 04:00:00,Library,10.04,20.79,5,3,15,5,4
2026-02-21 04:00:00,Hostel A,20.22,22.08,35,8,10,5,4
2026-02-21 05:00:00,Academic Block,18.41,23.17,5,6,20,5,5
2026-02-21 05:00:00,Computer Lab,13.57,23.19,4,5,45,5,5
2026-02-21 05:00:00,Library,10.05,22.92,5,3,15,5,5
2026-02-21 05:00:00,Hostel A,19.79,23.79,35,8,10,5,5
2026-02-21 06:00:00,Academic Block,18.32,24.72,5,6,20,5,6
2026-02-21 06:00:00,Computer Lab,16.48,22.94,4,5,45,5,6
2026-02-21 06:00:00,Library,11.75,24.16,5,3,15,5,6
2026-02-21 06:00:00,Hostel A,23.08,26.58,80,8,10,5,6
2026-02-21 07:00:00,Academic Block,18.67,25.07,5,6,20,5,7
2026-02-21 07:00:00,Computer Lab,16.19,26.71,4,5,45,5,7
2026-02-21 07:00:00,Library,11.47,25.62,5,3,15,5,7
2026-02-21 07:00:00,Hostel A,23.28,26.89,80,8,10,5,7
2026-02-21 08:00:00,Academic Block,19.38,25.52,5,6,20,5,8
2026-02-21 08:00:00,Computer Lab,16.8,26.58,4,5,45,5,8
2026-02-21 08:00:00,Library,10.86,27.68,5,3,15,5,8
2026-02-21 08:00:00,Hostel A,27.23,27.6,80,8,10,5,8
2026-02-21 09:00:00,Academic Block,28.33,29.3,5,6,20,5,9
2026-02-21 09:00:00,Computer Lab,17.81,26.16,4,5,45,5,9
2026-02-21 09:00:00,Library,16.79,29.03,25,3,15,5,9
2026-02-21 09:00:00,Hostel A,23.18,27.59,35,8,10,5,9
2026-02-21 10:00:00,Academic Block,30.38,30.15,5,6,20,5,10
2026-02-21 10:00:00,Computer Lab,24.84,30.32,4,5,45,5,10
2026-02-21 10:00:00,Library,13.17,28.08,25,3,15,5,10
2026-02-21 10:00:00,Hostel A,27.88,28.25,35,8,10,5,10
2026-02-21 11:00:00,Academic Block,39.0,32.3,5,6,20,5,11
2026-02-21 11:00:00,Computer Lab,23.24,29.06,4,5,45,5,11
2026-02-21 11:00:00,Library,19.6,30.4,25,3,15,5,11
2026-02-21 11:00:00,Hostel A,31.5,29.14,35,8,10,5,11
2026-02-21 12:00:00,Academic Block,25.08,28.75,5,6,20,5,12
2026-02-21 12:00:00,Computer Lab,26.99,30.02,4,5,45,5,12
2026-02-21 12:00:00,Library,19.25,29.25,25,3,15,5,12
2026-02-21 12:00:00,Hostel A,38.96,30.73,35,8,10,5,12
2026-02-21 13:00:00,Academic Block,29.41,29.68,5,6,20,5,13
2026-02-21 13:00:00,Computer Lab,30.93,31.66,4,5,45,5,13
2026-02-21 13:00:00,Library,17.04,28.24,25,3,15,5,13
2026-02-21 13:00:00,Hostel A,38.2,31.12,35,8,10,5,13
2026-02-21 14:00:00,Academic Block,25.68,29.21,5,6,20,5,14
2026-02-21 14:00:00,Computer Lab,26.04,29.26,4,5,45,5,14
2026-02-21 14:00:00,Library,15.34,27.85,25,3,15,5,14
2026-02-21 14:00:00,Hostel A,27.14,28.87,35,8,10,5,14
2026-02-21 15:00:00,Academic Block,27.18,28.83,5,6,20,5,15
2026-02-21 15:00:00,Computer Lab,22.08,29.05,4,5,45,5,15
2026-02-21 15:00:00,Library,13.4,26.56,25,3,15,5,15
2026-02-21 15:00:00,Hostel A,27.01,27.93,35,8,10,5,15
2026-02-21 16:00:00,Academic Block,32.75,29.76,5,6,20,5,16
2026-02-21 16:00:00,Computer Lab,17.04,26.37,4,5,45,5,16
2026-02-21 16:00:00,Library,18.55,28.55,25,3,15,5,16
2026-02-21 16:00:00,Hostel A,22.58,27.07,35,8,10,5,16
2026-02-21 17:00:00,Academic Block,19.3,26.29,5,6,20,5,17
2026-02-21 17:00:00,Computer Lab,16.64,24.45,4,5,45,5,17
2026-02-21 17:00:00,Library,12.92,25.98,25,3,15,5,17
2026-02-21 17:00:00,Hostel A,20.03,26.58,35,8,10,5,17
2026-02-21 18:00:00,Academic Block,20.44,24.95,12,6,20,5,18
2026-02-21 18:00:00,Computer Lab,13.49,24.76,4,5,45,5,18
2026-02-21 18:00:00,Library,11.01,25.68,25,3,15,5,18
2026-02-21 18:00:00,Hostel A,21.02,23.41,80,8,10,5,18
2026-02-21 19:00:00,Academic Block,19.12,24.05,12,6,20,5,19
2026-02-21 19:00:00,Computer Lab,15.09,21.15,4,5,45,5,19
2026-02-21 19:00:00,Library,11.55,25.11,25,3,15,5,19
2026-02-21 19:00:00,Hostel A,24.11,23.51,80,8,10,5,19
2026-02-21 20:00:00,Academic Block,20.79,23.45,12,6,20,5,20
2026-02-21 20:00:00,Computer Lab,18.27,19.17,4,5,45,5,20
2026-02-21 20:00:00,Library,15.92,23.26,25,3,15,5,20
2026-02-21 20:00:00,Hostel A,19.9,21.56,80,8,10,5,20
2026-02-21 21:00:00,Academic Block,18.85,21.47,12,6,20,5,21
2026-02-21 21:00:00,Computer Lab,17.28,22.25,4,5,45,5,21
2026-02-21 21:00:00,Library,10.26,21.36,5,3,15,5,21
2026-02-21 21:00:00,Hostel A,22.17,22.09,80,8,10,5,21
2026-02-21 22:00:00,Academic Block,20.26,20.26,5,6,20,5,22
2026-02-21 22:00:00,Computer Lab,17.3,22.18,4,5,45,5,22
2026-02-21 22:00:00,Library,7.42,20.47,5,3,15,5,22
2026-02-21 22:00:00,Hostel A,21.41,20.49,80,8,10,5,22
2026-02-21 23:00:00,Academic Block,17.69,20.01,5,6,20,5,23
2026-02-21 23:00:00,Computer Lab,14.11,20.15,4,5,45,5,23
2026-02-21 23:00:00,Library,12.46,18.63,5,3,15,5,23
2026-02-21 23:00:00,Hostel A,18.95,19.01,35,8,10,5,23
2026-02-22 00:00:00,Academic Block,20.07,21.15,5,6,20,6,0
2026-02-22 00:00:00,Computer Lab,16.12,20.95,4,5,45,6,0
2026-02-22 00:00:00,Library,12.68,20.87,5,3,15,6,0
2026-02-22 00:00:00,Hostel A,16.19,20.51,35,8,10,6,0
2026-02-22 01:00:00,Academic Block,19.74,19.54,5,6,20,6,1
2026-02-22 01:00:00,Computer Lab,18.1,19.42,4,5,45,6,1
2026-02-22 01:00:00,Library,10.75,20.09,5,3,15,6,1
2026-02-22 01:00:00,Hostel A,18.68,21.52,35,8,10,6,1
2026-02-22 02:00:00,Academic Block,20.05,20.88,5,6,20,6,2
2026-02-22 02:00:00,Computer Lab,15.24,18.9,4,5,45,6,2
2026-02-22 02:00:00,Library,10.72,21.66,5,3,15,6,2
2026-02-22 02:00:00,Hostel A,16.59,22.43,35,8,10,6,2
2026-02-22 03:00:00,Academic Block,19.85,19.44,5,6,20,6,3
2026-02-22 03:00:00,Computer Lab,15.38,22.5,4,5,45,6,3
2026-02-22 03:00:00,Library,11.74,21.94,5,3,15,6,3
2026-02-22 03:00:00,Hostel A,17.89,20.49,35,8,10,6,3
2026-02-22 04:00:00,Academic Block,20.06,22.73,5,6,20,6,4
2026-02-22 04:00:00,Computer Lab,15.37,21.1,4,5,45,6,4
2026-02-22 04:00:00,Library,11.25,22.21,5,3,15,6,4
2026-02-22 04:00:00,Hostel A,18.13,22.49,35,8,10,6,4
2026-02-22 05:00:00,Academic Block,17.89,25.2,5,6,20,6,5
2026-02-22 05:00:00,Computer Lab,13.28,23.36,4,5,45,6,5
2026-02-22 05:00:00,Library,11.4,22.85,5,3,15,6,5
2026-02-22 05:00:00,Hostel A,19.85,24.09,35,8,10,6,5
2026-02-22 06:00:00,Academic Block,21.83,25.66,5,6,20,6,6
2026-02-22 06:00:00,Computer Lab,13.24,24.1,4,5,45,6,6
2026-02-22 06:00:00,Library,9.57,23.74,5,3,15,6,6
2026-02-22 06:00:00,Hostel A,22.69,23.83,80,8,10,6,6
2026-02-22 07:00:00,Academic Block,25.2,27.8,5,6,20,6,7
2026-02-22 07:00:00,Computer Lab,20.14,26.9,4,5,45,6,7
2026-02-22 07:00:00,Library,8.18,25.87,5,3,15,6,7
2026-02-22 07:00:00,Hostel A,23.54,27.56,80,8,10,6,7
2026-02-22 08:00:00,Academic Block,20.31,26.59,5,6,20,6,8
2026-02-22 08:00:00,Computer Lab,17.97,27.38,4,5,45,6,8
2026-02-22 08:00:00,Library,10.73,26.08,5,3,15,6,8
2026-02-22 08:00:00,Hostel A,31.14,28.7,80,8,10,6,8
2026-02-22 09:00:00,Academic Block,20.12,27.54,5,6,20,6,9
2026-02-22 09:00:00,Computer Lab,19.44,27.56,4,5,45,6,9
2026-02-22 09:00:00,Library,15.6,28.95,5,3,15,6,9
2026-02-22 09:00:00,Hostel A,19.58,25.88,35,8,10,6,9
2026-02-22 10:00:00,Academic Block,25.52,28.25,5,6,20,6,10
2026-02-22 10:00:00,Computer Lab,20.07,28.42,4,5,45,6,10
2026-02-22 10:00:00,Library,21.72,29.51,5,3,15,6,10
2026-02-22 10:00:00,Hostel A,34.12,30.23,35,8,10,6,10
2026-02-22 11:00:00,Academic Block,28.88,30.26,5,6,20,6,11
2026-02-22 11:00:00,Computer Lab,17.97,28.48,4,5,45,6,11
2026-02-22 11:00:00,Library,26.33,31.91,5,3,15,6,11
2026-02-22 11:00:00,Hostel A,34.42,30.3,35,8,10,6,11
2026-02-22 12:00:00,Academic Block,23.75,28.14,5,6,20,6,12
2026-02-22 12:00:00,Computer Lab,33.49,32.15,4,5,45,6,12
2026-02-22 12:00:00,Library,15.08,29.32,5,3,15,6,12
2026-02-22 12:00:00,Hostel A,39.8,31.66,35,8,10,6,12
2026-02-22 13:00:00,Academic Block,21.24,27.72,5,6,20,6,13
2026-02-22 13:00:00,Computer Lab,20.96,28.3,4,5,45,6,13
2026-02-22 13:00:00,Library,18.81,30.08,5,3,15,6,13
2026-02-22 13:00:00,Hostel A,36.27,30.76,35,8,10,6,13
2026-02-22 14:00:00,Academic Block,32.18,30.6,5,6,20,6,14
2026-02-22 14:00:00,Computer Lab,35.07,32.98,4,5,45,6,14
2026-02-22 14:00:00,Library,13.54,28.25,5,3,15,6,14
2026-02-22 14:00:00,Hostel A,26.49,29.08,35,8,10,6,14
2026-02-22 15:00:00,Academic Block,23.85,28.89,5,6,20,6,15
2026-02-22 15:00:00,Computer Lab,20.49,28.73,4,5,45,6,15
2026-02-22 15:00:00,Library,15.57,28.08,5,3,15,6,15
2026-02-22 15:00:00,Hostel A,36.79,31.3,35,8,10,6,15
2026-02-22 16:00:00,Academic Block,20.13,27.32,5,6,20,6,16
2026-02-22 16:00:00,Computer Lab,15.24,26.46,4,5,45,6,16
2026-02-22 16:00:00,Library,14.94,28.49,5,3,15,6,16
2026-02-22 16:00:00,Hostel A,34.41,30.2,35,8,10,6,16
2026-02-22 17:00:00,Academic Block,18.15,25.08,5,6,20,6,17
2026-02-22 17:00:00,Computer Lab,16.87,25.33,4,5,45,6,17
2026-02-22 17:00:00,Library,8.61,24.33,5,3,15,6,17
2026-02-22 17:00:00,Hostel A,19.97,25.58,35,8,10,6,17
2026-02-22 18:00:00,Academic Block,22.0,26.48,12,6,20,6,18
2026-02-22 18:00:00,Computer Lab,15.55,25.64,4,5,45,6,18
2026-02-22 18:00:00,Library,8.91,25.95,5,3,15,6,18
2026-02-22 18:00:00,Hostel A,23.2,22.79,80,8,10,6,18
2026-02-22 19:00:00,Academic Block,19.16,22.5,12,6,20,6,19
2026-02-22 19:00:00,Computer Lab,16.04,23.85,4,5,45,6,19
2026-02-22 19:00:00,Library,11.87,24.83,5,3,15,6,19
2026-02-22 19:00:00,Hostel A,21.89,23.94,80,8,10,6,19
2026-02-22 20:00:00,Academic Block,18.37,22.63,12,6,20,6,20
2026-02-22 20:00:00,Computer Lab,19.6,22.26,4,5,45,6,20
2026-02-22 20:00:00,Library,11.3,22.72,5,3,15,6,20
2026-02-22 20:00:00,Hostel A,24.08,21.65,80,8,10,6,20
2026-02-22 21:00:00,Academic Block,20.41,22.38,12,6,20,6,21
2026-02-22 21:00:00,Computer Lab,17.22,21.72,4,5,45,6,21
2026-02-22 21:00:00,Library,11.05,22.99,5,3,15,6,21
2026-02-22 21:00:00,Hostel A,23.89,21.33,80,8,10,6,21
2026-02-22 22:00:00,Academic Block,17.62,19.58,5,6,20,6,22
2026-02-22 22:00:00,Computer Lab,13.06,20.61,4,5,45,6,22
2026-02-22 22:00:00,Library,9.18,21.66,5,3,15,6,22
2026-02-22 22:00:00,Hostel A,22.23,20.1,80,8,10,6,22
2026-02-22 23:00:00,Academic Block,18.18,20.22,5,6,20,6,23
2026-02-22 23:00:00,Computer Lab,15.58,20.09,4,5,45,6,23
2026-02-22 23:00:00,Library,9.47,19.63,5,3,15,6,23
2026-02-22 23:00:00,Hostel A,15.79,21.47,35,8,10,6,23
2026-02-23 00:00:00,Academic Block,18.0,19.75,5,6,20,0,0
2026-02-23 00:00:00,Computer Lab,13.49,20.5,4,5,45,0,0
2026-02-23 00:00:00,Library,10.47,19.4,5,3,15,0,0
2026-02-23 00:00:00,Hostel A,19.45,21.28,35,8,10,0,0
2026-02-23 01:00:00,Academic Block,17.97,18.75,5,6,20,0,1
2026-02-23 01:00:00,Computer Lab,13.87,21.23,4,5,45,0,1
2026-02-23 01:00:00,Library,10.61,20.08,5,3,15,0,1
2026-02-23 01:00:00,Hostel A,22.99,19.71,35,8,10,0,1
2026-02-23 02:00:00,Academic Block,19.37,20.17,5,6,20,0,2
2026-02-23 02:00:00,Computer Lab,16.46,19.75,4,5,45,0,2
2026-02-23 02:00:00,Library,9.74,21.71,5,3,15,0,2
2026-02-23 02:00:00,Hostel A,17.61,20.6,35,8,10,0,2
2026-02-23 03:00:00,Academic Block,20.26,20.09,5,6,20,0,3
2026-02-23 03:00:00,Computer Lab,12.05,20.8,4,5,45,0,3
2026-02-23 03:00:00,Library,9.42,23.58,5,3,15,0,3
2026-02-23 03:00:00,Hostel A,21.41,21.17,35,8,10,0,3
2026-02-23 04:00:00,Academic Block,18.45,22.33,5,6,20,0,4
2026-02-23 04:00:00,Computer Lab,13.22,21.03,4,5,45,0,4
2026-02-23 04:00:00,Library,11.17,22.3,5,3,15,0,4
2026-02-23 04:00:00,Hostel A,18.23,22.87,35,8,10,0,4
2026-02-23 05:00:00,Academic Block,15.94,23.73,5,6,20,0,5
2026-02-23 05:00:00,Computer Lab,15.91,24.26,4,5,45,0,5
2026-02-23 05:00:00,Library,10.74,26.07,5,3,15,0,5
2026-02-23 05:00:00,Hostel A,18.87,22.57,35,8,10,0,5
2026-02-23 06:00:00,Academic Block,19.35,24.61,5,6,20,0,6
2026-02-23 06:00:00,Computer Lab,13.78,25.03,4,5,45,0,6
2026-02-23 06:00:00,Library,11.02,23.04,5,3,15,0,6
2026-02-23 06:00:00,Hostel A,23.59,26.66,80,8,10,0,6
2026-02-23 07:00:00,Academic Block,22.56,27.27,5,6,20,0,7
2026-02-23 07:00:00,Computer Lab,15.31,26.61,4,5,45,0,7
2026-02-23 07:00:00,Library,13.18,26.53,5,3,15,0,7
2026-02-23 07:00:00,Hostel A,24.97,26.93,80,8,10,0,7
2026-02-23 08:00:00,Academic Block,22.92,26.94,45,6,20,0,8
2026-02-23 08:00:00,Computer Lab,18.12,27.36,4,5,45,0,8
2026-02-23 08:00:00,Library,13.16,28.9,5,3,15,0,8
2026-02-23 08:00:00,Hostel A,26.08,27.54,80,8,10,0,8
2026-02-23 09:00:00,Academic Block,24.15,26.89,45,6,20,0,9
2026-02-23 09:00:00,Computer Lab,21.51,27.67,40,5,45,0,9
2026-02-23 09:00:00,Library,24.34,30.75,25,3,15,0,9
2026-02-23 09:00:00,Hostel A,30.27,29.22,35,8,10,0,9
2026-02-23 10:00:00,Academic Block,33.76,29.13,45,6,20,0,10
2026-02-23 10:00:00,Computer Lab,29.2,30.29,40,5,45,0,10
2026-02-23 10:00:00,Library,16.07,27.65,25,3,15,0,10
2026-02-23 10:00:00,Hostel A,27.71,29.26,35,8,10,0,10
2026-02-23 11:00:00,Academic Block,34.6,30.34,45,6,20,0,11
2026-02-23 11:00:00,Computer Lab,31.53,30.47,40,5,45,0,11
2026-02-23 11:00:00,Library,19.72,29.1,25,3,15,0,11
2026-02-23 11:00:00,Hostel A,29.08,29.23,35,8,10,0,11
2026-02-23 12:00:00,Academic Block,33.26,29.36,45,6,20,0,12
2026-02-23 12:00:00,Computer Lab,30.4,29.66,40,5,45,0,12
2026-02-23 12:00:00,Library,25.11,32.14,25,3,15,0,12
2026-02-23 12:00:00,Hostel A,21.21,26.49,35,8,10,0,12
2026-02-23 13:00:00,Academic Block,30.47,29.42,45,6,20,0,13
2026-02-23 13:00:00,Computer Lab,26.02,29.12,40,5,45,0,13
2026-02-23 13:00:00,Library,24.61,31.39,25,3,15,0,13
2026-02-23 13:00:00,Hostel A,39.45,31.37,35,8,10,0,13
2026-02-23 14:00:00,Academic Block,29.57,28.96,45,6,20,0,14
2026-02-23 14:00:00,Computer Lab,30.64,30.0,40,5,45,0,14
2026-02-23 14:00:00,Library,21.87,30.53,25,3,15,0,14
2026-02-23 14:00:00,Hostel A,31.9,29.54,35,8,10,0,14
2026-02-23 15:00:00,Academic Block,25.36,28.07,45,6,20,0,15
2026-02-23 15:00:00,Computer Lab,21.38,27.57,40,5,45,0,15
2026-02-23 15:00:00,Library,21.22,29.33,25,3,15,0,15
2026-02-23 15:00:00,Hostel A,19.33,26.91,35,8,10,0,15
2026-02-23 16:00:00,Academic Block,24.74,27.07,45,6,20,0,16
2026-02-23 16:00:00,Computer Lab,19.12,26.87,40,5,45,0,16
2026-02-23 16:00:00,Library,12.95,25.81,25,3,15,0,16
2026-02-23 16:00:00,Hostel A,20.66,27.31,35,8,10,0,16
2026-02-23 17:00:00,Academic Block,23.59,25.98,45,6,20,0,17
2026-02-23 17:00:00,Computer Lab,17.29,25.09,40,5,45,0,17
2026-02-23 17:00:00,Library,15.69,27.8,25,3,15,0,17
2026-02-23 17:00:00,Hostel A,21.36,27.1,35,8,10,0,17
2026-02-23 18:00:00,Academic Block,18.74,24.96,12,6,20,0,18
2026-02-23 18:00:00,Computer Lab,17.41,26.0,4,5,45,0,18
2026-02-23 18:00:00,Library,10.87,26.3,25,3,15,0,18
2026-02-23 18:00:00,Hostel A,22.81,26.57,80,8,10,0,18
2026-02-23 19:00:00,Academic Block,19.01,22.8,12,6,20,0,19
2026-02-23 19:00:00,Computer Lab,16.48,24.7,4,5,45,0,19
2026-02-23 19:00:00,Library,13.48,23.4,25,3,15,0,19
2026-02-23 19:00:00,Hostel A,21.69,23.87,80,8,10,0,19
2026-02-23 20:00:00,Academic Block,19.88,21.65,12,6,20,0,20
2026-02-23 20:00:00,Computer Lab,13.61,22.4,4,5,45,0,20
2026-02-23 20:00:00,Library,11.5,23.52,25,3,15,0,20
2026-02-23 20:00:00,Hostel A,20.45,24.41,80,8,10,0,20
2026-02-23 21:00:00,Academic Block,18.21,21.25,12,6,20,0,21
2026-02-23 21:00:00,Computer Lab,14.94,20.29,4,5,45,0,21
2026-02-23 21:00:00,Library,10.84,23.59,5,3,15,0,21
2026-02-23 21:00:00,Hostel A,19.81,20.51,80,8,10,0,21
2026-02-23 22:00:00,Academic Block,17.9,18.6,5,6,20,0,22
2026-02-23 22:00:00,Computer Lab,15.33,19.91,4,5,45,0,22
2026-02-23 22:00:00,Library,10.49,17.94,5,3,15,0,22
2026-02-23 22:00:00,Hostel A,24.98,21.9,80,8,10,0,22
2026-02-23 23:00:00,Academic Block,17.5,17.9,5,6,20,0,23
2026-02-23 23:00:00,Computer Lab,15.89,19.15,4,5,45,0,23
2026-02-23 23:00:00,Library,13.15,18.71,5,3,15,0,23
2026-02-23 23:00:00,Hostel A,18.77,20.22,35,8,10,0,23
2026-02-24 00:00:00,Academic Block,18.68,21.91,5,6,20,1,0
2026-02-24 00:00:00,Computer Lab,14.54,20.48,4,5,45,1,0
2026-02-24 00:00:00,Library,9.71,18.36,5,3,15,1,0
2026-02-24 00:00:00,Hostel A,19.9,22.62,35,8,10,1,0
2026-02-24 01:00:00,Academic Block,17.24,20.5,5,6,20,1,1
2026-02-24 01:00:00,Computer Lab,13.63,21.26,4,5,45,1,1
2026-02-24 01:00:00,Library,9.79,18.29,5,3,15,1,1
2026-02-24 01:00:00,Hostel A,21.8,22.52,35,8,10,1,1
2026-02-24 02:00:00,Academic Block,17.69,20.13,5,6,20,1,2
2026-02-24 02:00:00,Computer Lab,15.79,18.7,4,5,45,1,2
2026-02-24 02:00:00,Library,11.81,20.86,5,3,15,1,2
2026-02-24 02:00:00,Hostel A,18.65,21.76,35,8,10,1,2
2026-02-24 03:00:00,Academic Block,17.65,22.13,5,6,20,1,3
2026-02-24 03:00:00,Computer Lab,14.91,22.11,4,5,45,1,3
2026-02-24 03:00:00,Library,11.19,22.02,5,3,15,1,3
2026-02-24 03:00:00,Hostel A,20.14,21.55,35,8,10,1,3
2026-02-24 04:00:00,Academic Block,17.1,20.62,5,6,20,1,4
2026-02-24 04:00:00,Computer Lab,13.51,22.18,4,5,45,1,4
2026-02-24 04:00:00,Library,10.06,22.01,5,3,15,1,4
2026-02-24 04:00:00,Hostel A,19.16,24.07,35,8,10,1,4
2026-02-24 05:00:00,Academic Block,19.15,24.94,5,6,20,1,5
2026-02-24 05:00:00,Computer Lab,15.87,23.06,4,5,45,1,5
2026-02-24 05:00:00,Library,12.42,24.58,5,3,15,1,5
2026-02-24 05:00:00,Hostel A,16.48,23.55,35,8,10,1,5
2026-02-24 06:00:00,Academic Block,18.21,22.94,5,6,20,1,6
2026-02-24 06:00:00,Computer Lab,18.36,22.19,4,5,45,1,6
2026-02-24 06:00:00,Library,9.67,25.72,5,3,15,1,6
2026-02-24 06:00:00,Hostel A,24.09,23.67,80,8,10,1,6
2026-02-24 07:00:00,Academic Block,17.17,24.96,5,6,20,1,7
2026-02-24 07:00:00,Computer Lab,15.84,25.37,4,5,45,1,7
2026-02-24 07:00:00,Library,13.91,27.04,5,3,15,1,7
2026-02-24 07:00:00,Hostel A,26.25,27.55,80,8,10,1,7
2026-02-24 08:00:00,Academic Block,28.33,28.72,45,6,20,1,8
2026-02-24 08:00:00,Computer Lab,14.66,25.31,4,5,45,1,8
2026-02-24 08:00:00,Library,10.42,26.53,5,3,15,1,8
2026-02-24 08:00:00,Hostel A,22.35,26.35,80,8,10,1,8
2026-02-24 09:00:00,Academic Block,33.85,29.28,45,6,20,1,9
2026-02-24 09:00:00,Computer Lab,17.27,26.47,40,5,45,1,9
2026-02-24 09:00:00,Library,16.21,27.59,25,3,15,1,9
2026-02-24 09:00:00,Hostel A,24.68,28.29,35,8,10,1,9
2026-02-24 10:00:00,Academic Block,35.9,30.19,45,6,20,1,10
2026-02-24 10:00:00,Computer Lab,25.99,29.31,40,5,45,1,10
2026-02-24 10:00:00,Library,19.78,29.65,25,3,15,1,10
2026-02-24 10:00:00,Hostel A,28.15,29.04,35,8,10,1,10
2026-02-24 11:00:00,Academic Block,37.46,30.94,45,6,20,1,11
2026-02-24 11:00:00,Computer Lab,34.78,31.07,40,5,45,1,11
2026-02-24 11:00:00,Library,21.15,30.38,25,3,15,1,11
2026-02-24 11:00:00,Hostel A,38.18,31.08,35,8,10,1,11
2026-02-24 12:00:00,Academic Block,45.2,33.12,45,6,20,1,12
2026-02-24 12:00:00,Computer Lab,32.47,30.84,40,5,45,1,12
2026-02-24 12:00:00,Library,20.3,29.88,25,3,15,1,12
2026-02-24 12:00:00,Hostel A,35.21,30.35,35,8,10,1,12
2026-02-24 13:00:00,Academic Block,38.52,31.21,45,6,20,1,13
2026-02-24 13:00:00,Computer Lab,26.62,29.27,40,5,45,1,13
2026-02-24 13:00:00,Library,19.16,28.24,25,3,15,1,13
2026-02-24 13:00:00,Hostel A,30.96,29.18,35,8,10,1,13
2026-02-24 14:00:00,Academic Block,33.07,29.66,45,6,20,1,14
2026-02-24 14:00:00,Computer Lab,25.66,29.19,40,5,45,1,14
2026-02-24 14:00:00,Library,19.08,28.17,25,3,15,1,14
2026-02-24 14:00:00,Hostel A,32.4,29.47,35,8,10,1,14
2026-02-24 15:00:00,Academic Block,33.87,30.2,45,6,20,1,15
2026-02-24 15:00:00,Computer Lab,26.46,29.04,40,5,45,1,15
2026-02-24 15:00:00,Library,13.71,27.15,25,3,15,1,15
2026-02-24 15:00:00,Hostel A,29.01,29.24,35,8,10,1,15
2026-02-24 16:00:00,Academic Block,23.43,27.11,45,6,20,1,16
2026-02-24 16:00:00,Computer Lab,26.76,30.03,40,5,45,1,16
2026-02-24 16:00:00,Library,15.94,28.1,25,3,15,1,16
2026-02-24 16:00:00,Hostel A,19.56,26.73,35,8,10,1,16
2026-02-24 17:00:00,Academic Block,24.72,27.09,45,6,20,1,17
2026-02-24 17:00:00,Computer Lab,20.91,26.52,40,5,45,1,17
2026-02-24 17:00:00,Library,16.85,27.82,25,3,15,1,17
2026-02-24 17:00:00,Hostel A,19.69,25.64,35,8,10,1,17
2026-02-24 18:00:00,Academic Block,18.04,25.6,12,6,20,1,18
2026-02-24 18:00:00,Computer Lab,12.64,23.12,4,5,45,1,18
2026-02-24 18:00:00,Library,12.67,25.08,25,3,15,1,18
2026-02-24 18:00:00,Hostel A,24.12,23.58,80,8,10,1,18
2026-02-24 19:00:00,Academic Block,21.28,23.89,12,6,20,1,19
2026-02-24 19:00:00,Computer Lab,14.07,24.15,4,5,45,1,19
2026-02-24 19:00:00,Library,13.23,24.26,25,3,15,1,19
2026-02-24 19:00:00,Hostel A,20.39,23.05,80,8,10,1,19
2026-02-24 20:00:00,Academic Block,17.76,22.62,12,6,20,1,20
2026-02-24 20:00:00,Computer Lab,15.06,23.85,4,5,45,1,20
2026-02-24 20:00:00,Library,9.04,24.57,25,3,15,1,20
2026-02-24 20:00:00,Hostel A,24.69,22.66,80,8,10,1,20
2026-02-24 21:00:00,Academic Block,19.02,20.4,12,6,20,1,21
2026-02-24 21:00:00,Computer Lab,14.64,20.98,4,5,45,1,21
2026-02-24 21:00:00,Library,8.68,21.76,5,3,15,1,21
2026-02-24 21:00:00,Hostel A,23.32,21.33,80,8,10,1,21
2026-02-24 22:00:00,Academic Block,17.2,20.41,5,6,20,1,22
2026-02-24 22:00:00,Computer Lab,16.77,21.91,4,5,45,1,22
2026-02-24 22:00:00,Library,8.68,19.42,5,3,15,1,22
2026-02-24 22:00:00,Hostel A,23.37,19.53,80,8,10,1,22
2026-02-24 23:00:00,Academic Block,19.89,20.5,5,6,20,1,23
2026-02-24 23:00:00,Computer Lab,14.28,19.78,4,5,45,1,23
2026-02-24 23:00:00,Library,9.79,21.27,5,3,15,1,23
2026-02-24 23:00:00,Hostel A,16.63,20.39,35,8,10,1,23
2026-02-25 00:00:00,Academic Block,20.21,19.32,5,6,20,2,0
2026-02-25 00:00:00,Computer Lab,16.89,19.14,4,5,45,2,0
2026-02-25 00:00:00,Library,9.79,17.2,5,3,15,2,0
2026-02-25 00:00:00,Hostel A,21.56,19.79,35,8,10,2,0
2026-02-25 01:00:00,Academic Block,19.71,18.77,5,6,20,2,1
2026-02-25 01:00:00,Computer Lab,14.59,21.44,4,5,45,2,1
2026-02-25 01:00:00,Library,10.84,19.72,5,3,15,2,1
2026-02-25 01:00:00,Hostel A,18.27,18.39,35,8,10,2,1
2026-02-25 02:00:00,Academic Block,19.48,22.2,5,6,20,2,2
2026-02-25 02:00:00,Computer Lab,15.84,20.48,4,5,45,2,2
2026-02-25 02:00:00,Library,11.78,21.37,5,3,15,2,2
2026-02-25 02:00:00,Hostel A,21.25,20.0,35,8,10,2,2
2026-02-25 03:00:00,Academic Block,19.72,23.04,5,6,20,2,3
2026-02-25 03:00:00,Computer Lab,14.14,20.45,4,5,45,2,3
2026-02-25 03:00:00,Library,10.72,21.07,5,3,15,2,3
2026-02-25 03:00:00,Hostel A,19.69,19.34,35,8,10,2,3
2026-02-25 04:00:00,Academic Block,19.56,24.04,5,6,20,2,4
2026-02-25 04:00:00,Computer Lab,14.48,21.69,4,5,45,2,4
2026-02-25 04:00:00,Library,10.4,22.86,5,3,15,2,4
2026-02-25 04:00:00,Hostel A,19.85,23.03,35,8,10,2,4
2026-02-25 05:00:00,Academic Block,17.0,25.02,5,6,20,2,5
2026-02-25 05:00:00,Computer Lab,15.12,23.97,4,5,45,2,5
2026-02-25 05:00:00,Library,11.92,23.59,5,3,15,2,5
2026-02-25 05:00:00,Hostel A,21.05,24.87,35,8,10,2,5
2026-02-25 06:00:00,Academic Block,18.53,25.51,5,6,20,2,6
2026-02-25 06:00:00,Computer Lab,13.07,24.7,4,5,45,2,6
2026-02-25 06:00:00,Library,10.99,26.61,5,3,15,2,6
2026-02-25 06:00:00,Hostel A,23.57,25.61,80,8,10,2,6
2026-02-25 07:00:00,Academic Block,17.31,24.8,5,6,20,2,7
2026-02-25 07:00:00,Computer Lab,21.13,28.15,4,5,45,2,7
2026-02-25 07:00:00,Library,10.44,25.6,5,3,15,2,7
2026-02-25 07:00:00,Hostel A,27.86,27.6,80,8,10,2,7
2026-02-25 08:00:00,Academic Block,24.35,25.74,45,6,20,2,8
2026-02-25 08:00:00,Computer Lab,22.07,28.66,4,5,45,2,8
2026-02-25 08:00:00,Library,12.3,26.07,5,3,15,2,8
2026-02-25 08:00:00,Hostel A,26.26,28.07,80,8,10,2,8
2026-02-25 09:00:00,Academic Block,32.39,28.26,45,6,20,2,9
2026-02-25 09:00:00,Computer Lab,23.74,28.56,40,5,45,2,9
2026-02-25 09:00:00,Library,17.08,27.33,25,3,15,2,9
2026-02-25 09:00:00,Hostel A,33.18,29.55,35,8,10,2,9
2026-02-25 10:00:00,Academic Block,34.38,29.63,45,6,20,2,10
2026-02-25 10:00:00,Computer Lab,24.33,28.31,40,5,45,2,10
2026-02-25 10:00:00,Library,22.25,29.67,25,3,15,2,10
2026-02-25 10:00:00,Hostel A,30.81,29.71,35,8,10,2,10
2026-02-25 11:00:00,Academic Block,30.96,29.91,45,6,20,2,11
2026-02-25 11:00:00,Computer Lab,21.34,27.04,40,5,45,2,11
2026-02-25 11:00:00,Library,19.06,29.38,25,3,15,2,11
2026-02-25 11:00:00,Hostel A,38.52,30.83,35,8,10,2,11
2026-02-25 12:00:00,Academic Block,38.94,30.64,45,6,20,2,12
2026-02-25 12:00:00,Computer Lab,31.75,30.6,40,5,45,2,12
2026-02-25 12:00:00,Library,19.75,30.29,25,3,15,2,12
2026-02-25 12:00:00,Hostel A,34.1,31.15,35,8,10,2,12
2026-02-25 13:00:00,Academic Block,30.78,29.13,45,6,20,2,13
2026-02-25 13:00:00,Computer Lab,25.2,28.88,40,5,45,2,13
2026-02-25 13:00:00,Library,27.62,32.04,25,3,15,2,13
2026-02-25 13:00:00,Hostel A,28.07,29.01,35,8,10,2,13
2026-02-25 14:00:00,Academic Block,27.15,27.8,45,6,20,2,14
2026-02-25 14:00:00,Computer Lab,23.4,29.03,40,5,45,2,14
2026-02-25 14:00:00,Library,20.29,29.45,25,3,15,2,14
2026-02-25 14:00:00,Hostel A,34.88,30.49,35,8,10,2,14
2026-02-25 15:00:00,Academic Block,30.09,28.09,45,6,20,2,15
2026-02-25 15:00:00,Computer Lab,25.89,28.54,40,5,45,2,15
2026-02-25 15:00:00,Library,16.84,27.89,25,3,15,2,15
2026-02-25 15:00:00,Hostel A,19.36,26.79,35,8,10,2,15
2026-02-25 16:00:00,Academic Block,21.06,26.05,45,6,20,2,16
2026-02-25 16:00:00,Computer Lab,25.33,29.0,40,5,45,2,16
2026-02-25 16:00:00,Library,19.24,28.36,25,3,15,2,16
2026-02-25 16:00:00,Hostel A,23.8,27.47,35,8,10,2,16
2026-02-25 17:00:00,Academic Block,23.38,26.93,45,6,20,2,17
2026-02-25 17:00:00,Computer Lab,23.32,27.19,40,5,45,2,17
2026-02-25 17:00:00,Library,10.79,25.53,25,3,15,2,17
2026-02-25 17:00:00,Hostel A,20.44,25.07,35,8,10,2,17
2026-02-25 18:00:00,Academic Block,18.95,26.36,12,6,20,2,18
2026-02-25 18:00:00,Computer Lab,14.66,22.44,4,5,45,2,18
2026-02-25 18:00:00,Library,12.12,25.66,25,3,15,2,18
2026-02-25 18:00:00,Hostel A,21.76,25.22,80,8,10,2,18
2026-02-25 19:00:00,Academic Block,19.77,24.92,12,6,20,2,19
2026-02-25 19:00:00,Computer Lab,15.91,24.41,4,5,45,2,19
2026-02-25 19:00:00,Library,12.91,24.34,25,3,15,2,19
2026-02-25 19:00:00,Hostel A,23.11,22.59,80,8,10,2,19
2026-02-25 20:00:00,Academic Block,20.99,23.45,12,6,20,2,20
2026-02-25 20:00:00,Computer Lab,14.22,23.0,4,5,45,2,20
2026-02-25 20:00:00,Library,11.57,21.53,25,3,15,2,20
2026-02-25 20:00:00,Hostel A,22.37,22.73,80,8,10,2,20
2026-02-25 21:00:00,Academic Block,17.57,20.12,12,6,20,2,21
2026-02-25 21:00:00,Computer Lab,10.99,18.95,4,5,45,2,21
2026-02-25 21:00:00,Library,14.11,21.31,5,3,15,2,21
2026-02-25 21:00:00,Hostel A,21.08,23.62,80,8,10,2,21
2026-02-25 22:00:00,Academic Block,16.5,20.85,5,6,20,2,22
2026-02-25 22:00:00,Computer Lab,13.87,19.1,4,5,45,2,22
2026-02-25 22:00:00,Library,10.35,20.4,5,3,15,2,22
2026-02-25 22:00:00,Hostel A,23.54,20.97,80,8,10,2,22
2026-02-25 23:00:00,Academic Block,18.75,19.77,5,6,20,2,23
2026-02-25 23:00:00,Computer Lab,13.65,18.86,4,5,45,2,23
2026-02-25 23:00:00,Library,11.6,18.37,5,3,15,2,23
2026-02-25 23:00:00,Hostel A,16.14,19.76,35,8,10,2,23
2026-02-26 00:00:00,Academic Block,16.83,19.92,5,6,20,3,0
2026-02-26 00:00:00,Computer Lab,14.8,21.99,4,5,45,3,0
2026-02-26 00:00:00,Library,12.26,20.82,5,3,15,3,0
2026-02-26 00:00:00,Hostel A,19.06,18.85,35,8,10,3,0
2026-02-26 01:00:00,Academic Block,18.87,20.83,5,6,20,3,1
2026-02-26 01:00:00,Computer Lab,13.68,20.6,4,5,45,3,1
2026-02-26 01:00:00,Library,9.9,20.84,5,3,15,3,1
2026-02-26 01:00:00,Hostel A,20.33,20.59,35,8,10,3,1
2026-02-26 02:00:00,Academic Block,19.22,21.47,5,6,20,3,2
2026-02-26 02:00:00,Computer Lab,16.7,21.44,4,5,45,3,2
2026-02-26 02:00:00,Library,10.57,22.46,5,3,15,3,2
2026-02-26 02:00:00,Hostel A,20.35,20.87,35,8,10,3,2
2026-02-26 03:00:00,Academic Block,16.7,20.88,5,6,20,3,3
2026-02-26 03:00:00,Computer Lab,15.36,22.06,4,5,45,3,3
2026-02-26 03:00:00,Library,11.38,20.02,5,3,15,3,3
2026-02-26 03:00:00,Hostel A,16.51,23.18,35,8,10,3,3
2026-02-26 04:00:00,Academic Block,14.89,23.73,5,6,20,3,4
2026-02-26 04:00:00,Computer Lab,18.43,22.02,4,5,45,3,4
2026-02-26 04:00:00,Library,10.76,22.11,5,3,15,3,4
2026-02-26 04:00:00,Hostel A,16.38,23.42,35,8,10,3,4
2026-02-26 05:00:00,Academic Block,18.8,23.79,5,6,20,3,5
2026-02-26 05:00:00,Computer Lab,13.82,25.94,4,5,45,3,5
2026-02-26 05:00:00,Library,9.23,23.25,5,3,15,3,5
2026-02-26 05:00:00,Hostel A,20.64,22.46,35,8,10,3,5
2026-02-26 06:00:00,Academic Block,17.87,25.03,5,6,20,3,6
2026-02-26 06:00:00,Computer Lab,14.83,24.38,4,5,45,3,6
2026-02-26 06:00:00,Library,8.73,24.43,5,3,15,3,6
2026-02-26 06:00:00,Hostel A,22.01,24.69,80,8,10,3,6
2026-02-26 07:00:00,Academic Block,18.93,25.38,5,6,20,3,7
2026-02-26 07:00:00,Computer Lab,15.65,26.58,4,5,45,3,7
2026-02-26 07:00:00,Library,14.03,26.12,5,3,15,3,7
2026-02-26 07:00:00,Hostel A,30.09,28.84,80,8,10,3,7
2026-02-26 08:00:00,Academic Block,20.87,26.4,45,6,20,3,8
2026-02-26 08:00:00,Computer Lab,22.04,28.77,4,5,45,3,8
2026-02-26 08:00:00,Library,16.95,27.79,5,3,15,3,8
2026-02-26 08:00:00,Hostel A,27.06,27.49,80,8,10,3,8
2026-02-26 09:00:00,Academic Block,29.98,29.16,45,6,20,3,9
2026-02-26 09:00:00,Computer Lab,27.52,29.81,40,5,45,3,9
2026-02-26 09:00:00,Library,20.45,30.14,25,3,15,3,9
2026-02-26 09:00:00,Hostel A,22.76,27.96,35,8,10,3,9
2026-02-26 10:00:00,Academic Block,26.93,28.22,45,6,20,3,10
2026-02-26 10:00:00,Computer Lab,18.78,26.41,40,5,45,3,10
2026-02-26 10:00:00,Library,19.03,28.72,25,3,15,3,10
2026-02-26 10:00:00,Hostel A,31.21,29.84,35,8,10,3,10
2026-02-26 11:00:00,Academic Block,30.93,29.28,45,6,20,3,11
2026-02-26 11:00:00,Computer Lab,33.25,31.61,40,5,45,3,11
2026-02-26 11:00:00,Library,16.75,28.97,25,3,15,3,11
2026-02-26 11:00:00,Hostel A,25.23,28.05,35,8,10,3,11
2026-02-26 12:00:00,Academic Block,36.58,30.24,45,6,20,3,12
2026-02-26 12:00:00,Computer Lab,36.93,31.25,40,5,45,3,12
2026-02-26 12:00:00,Library,20.37,29.91,25,3,15,3,12
2026-02-26 12:00:00,Hostel A,27.44,28.44,35,8,10,3,12
2026-02-26 13:00:00,Academic Block,34.68,29.97,45,6,20,3,13
2026-02-26 13:00:00,Computer Lab,25.08,28.46,40,5,45,3,13
2026-02-26 13:00:00,Library,21.37,30.08,25,3,15,3,13
2026-02-26 13:00:00,Hostel A,30.57,29.01,35,8,10,3,13
2026-02-26 14:00:00,Academic Block,38.4,31.79,45,6,20,3,14
2026-02-26 14:00:00,Computer Lab,25.7,30.19,40,5,45,3,14
2026-02-26 14:00:00,Library,18.49,30.13,25,3,15,3,14
2026-02-26 14:00:00,Hostel A,25.52,28.7,35,8,10,3,14
2026-02-26 15:00:00,Academic Block,29.03,28.28,45,6,20,3,15
2026-02-26 15:00:00,Computer Lab,18.44,26.31,40,5,45,3,15
2026-02-26 15:00:00,Library,18.25,27.92,25,3,15,3,15
2026-02-26 15:00:00,Hostel A,27.21,29.05,35,8,10,3,15
2026-02-26 16:00:00,Academic Block,25.54,26.93,45,6,20,3,16
2026-02-26 16:00:00,Computer Lab,22.85,28.36,40,5,45,3,16
2026-02-26 16:00:00,Library,13.71,27.18,25,3,15,3,16
2026-02-26 16:00:00,Hostel A,17.58,26.85,35,8,10,3,16
2026-02-26 17:00:00,Academic Block,23.98,25.48,45,6,20,3,17
2026-02-26 17:00:00,Computer Lab,18.4,25.84,40,5,45,3,17
2026-02-26 17:00:00,Library,16.2,26.46,25,3,15,3,17
2026-02-26 17:00:00,Hostel A,21.02,26.3,35,8,10,3,17
2026-02-26 18:00:00,Academic Block,18.87,24.28,12,6,20,3,18
2026-02-26 18:00:00,Computer Lab,14.51,25.02,4,5,45,3,18
2026-02-26 18:00:00,Library,13.56,24.76,25,3,15,3,18
2026-02-26 18:00:00,Hostel A,22.55,24.04,80,8,10,3,18
2026-02-26 19:00:00,Academic Block,18.02,24.56,12,6,20,3,19
2026-02-26 19:00:00,Computer Lab,15.78,25.02,4,5,45,3,19
2026-02-26 19:00:00,Library,9.21,23.51,25,3,15,3,19
2026-02-26 19:00:00,Hostel A,23.11,23.26,80,8,10,3,19
2026-02-26 20:00:00,Academic Block,20.11,24.59,12,6,20,3,20
2026-02-26 20:00:00,Computer Lab,13.86,23.85,4,5,45,3,20
2026-02-26 20:00:00,Library,14.06,22.35,25,3,15,3,20
2026-02-26 20:00:00,Hostel A,24.0,21.43,80,8,10,3,20
2026-02-26 21:00:00,Academic Block,19.67,22.34,12,6,20,3,21
2026-02-26 21:00:00,Computer Lab,14.19,21.07,4,5,45,3,21
2026-02-26 21:00:00,Library,11.57,23.59,5,3,15,3,21
2026-02-26 21:00:00,Hostel A,21.93,21.87,80,8,10,3,21
2026-02-26 22:00:00,Academic Block,18.95,20.72,5,6,20,3,22
2026-02-26 22:00:00,Computer Lab,16.77,21.15,4,5,45,3,22
2026-02-26 22:00:00,Library,8.43,19.73,5,3,15,3,22
2026-02-26 22:00:00,Hostel A,19.93,20.77,80,8,10,3,22
2026-02-26 23:00:00,Academic Block,17.94,19.78,5,6,20,3,23
2026-02-26 23:00:00,Computer Lab,18.64,20.76,4,5,45,3,23
2026-02-26 23:00:00,Library,14.04,17.84,5,3,15,3,23
2026-02-26 23:00:00,Hostel A,19.47,19.89,35,8,10,3,23
2026-02-27 00:00:00,Academic Block,20.2,18.3,5,6,20,4,0
2026-02-27 00:00:00,Computer Lab,15.58,20.05,4,5,45,4,0
2026-02-27 00:00:00,Library,10.74,17.68,5,3,15,4,0
2026-02-27 00:00:00,Hostel A,18.6,21.01,35,8,10,4,0
2026-02-27 01:00:00,Academic Block,20.4,21.58,5,6,20,4,1
2026-02-27 01:00:00,Computer Lab,18.06,19.4,4,5,45,4,1
2026-02-27 01:00:00,Library,10.7,20.22,5,3,15,4,1
2026-02-27 01:00:00,Hostel A,19.05,20.29,35,8,10,4,1
2026-02-27 02:00:00,Academic Block,18.42,17.51,5,6,20,4,2
2026-02-27 02:00:00,Computer Lab,18.11,19.03,4,5,45,4,2
2026-02-27 02:00:00,Library,11.9,22.57,5,3,15,4,2
2026-02-27 02:00:00,Hostel A,17.44,20.38,35,8,10,4,2
2026-02-27 03:00:00,Academic Block,21.61,20.68,5,6,20,4,3
2026-02-27 03:00:00,Computer Lab,12.14,20.63,4,5,45,4,3
2026-02-27 03:00:00,Library,12.88,22.7,5,3,15,4,3
2026-02-27 03:00:00,Hostel A,20.51,23.46,35,8,10,4,3
2026-02-27 04:00:00,Academic Block,18.78,23.94,5,6,20,4,4
2026-02-27 04:00:00,Computer Lab,15.71,20.01,4,5,45,4,4
2026-02-27 04:00:00,Library,10.42,23.25,5,3,15,4,4
2026-02-27 04:00:00,Hostel A,17.5,22.28,35,8,10,4,4
2026-02-27 05:00:00,Academic Block,21.46,22.5,5,6,20,4,5
2026-02-27 05:00:00,Computer Lab,15.67,25.96,4,5,45,4,5
2026-02-27 05:00:00,Library,9.15,24.04,5,3,15,4,5
2026-02-27 05:00:00,Hostel A,21.59,24.48,35,8,10,4,5
2026-02-27 06:00:00,Academic Block,19.4,23.16,5,6,20,4,6
2026-02-27 06:00:00,Computer Lab,16.46,25.65,4,5,45,4,6
2026-02-27 06:00:00,Library,15.04,26.97,5,3,15,4,6
2026-02-27 06:00:00,Hostel A,23.56,24.72,80,8,10,4,6
2026-02-27 07:00:00,Academic Block,18.31,26.4,5,6,20,4,7
2026-02-27 07:00:00,Computer Lab,17.54,26.62,4,5,45,4,7
2026-02-27 07:00:00,Library,10.08,26.55,5,3,15,4,7
2026-02-27 07:00:00,Hostel A,21.87,25.74,80,8,10,4,7
2026-02-27 08:00:00,Academic Block,23.06,26.49,45,6,20,4,8
2026-02-27 08:00:00,Computer Lab,21.69,28.0,4,5,45,4,8
2026-02-27 08:00:00,Library,10.42,26.47,5,3,15,4,8
2026-02-27 08:00:00,Hostel A,33.64,29.37,80,8,10,4,8
2026-02-27 09:00:00,Academic Block,28.54,28.57,45,6,20,4,9
2026-02-27 09:00:00,Computer Lab,30.83,29.9,40,5,45,4,9
2026-02-27 09:00:00,Library,20.7,29.87,25,3,15,4,9
2026-02-27 09:00:00,Hostel A,25.29,27.49,35,8,10,4,9
2026-02-27 10:00:00,Academic Block,34.37,30.36,45,6,20,4,10
2026-02-27 10:00:00,Computer Lab,31.87,31.04,40,5,45,4,10
2026-02-27 10:00:00,Library,25.7,31.02,25,3,15,4,10
2026-02-27 10:00:00,Hostel A,26.36,28.22,35,8,10,4,10
2026-02-27 11:00:00,Academic Block,40.41,30.77,45,6,20,4,11
2026-02-27 11:00:00,Computer Lab,28.21,28.94,40,5,45,4,11
2026-02-27 11:00:00,Library,18.75,29.85,25,3,15,4,11
2026-02-27 11:00:00,Hostel A,31.63,29.69,35,8,10,4,11
2026-02-27 12:00:00,Academic Block,29.82,28.73,45,6,20,4,12
2026-02-27 12:00:00,Computer Lab,33.38,31.15,40,5,45,4,12
2026-02-27 12:00:00,Library,19.16,29.35,25,3,15,4,12
2026-02-27 12:00:00,Hostel A,33.25,29.99,35,8,10,4,12
2026-02-27 13:00:00,Academic Block,38.27,31.16,45,6,20,4,13
2026-02-27 13:00:00,Computer Lab,22.72,28.15,40,5,45,4,13
2026-02-27 13:00:00,Library,22.73,30.03,25,3,15,4,13
2026-02-27 13:00:00,Hostel A,41.44,31.39,35,8,10,4,13
2026-02-27 14:00:00,Academic Block,33.15,29.49,45,6,20,4,14
2026-02-27 14:00:00,Computer Lab,22.44,27.58,40,5,45,4,14
2026-02-27 14:00:00,Library,16.08,28.04,25,3,15,4,14
2026-02-27 14:00:00,Hostel A,45.86,32.97,35,8,10,4,14
2026-02-27 15:00:00,Academic Block,25.66,27.5,45,6,20,4,15
2026-02-27 15:00:00,Computer Lab,21.39,27.92,40,5,45,4,15
2026-02-27 15:00:00,Library,25.17,31.06,25,3,15,4,15
2026-02-27 15:00:00,Hostel A,27.95,28.95,35,8,10,4,15
2026-02-27 16:00:00,Academic Block,26.06,27.13,45,6,20,4,16
2026-02-27 16:00:00,Computer Lab,18.06,27.87,40,5,45,4,16
2026-02-27 16:00:00,Library,22.24,30.41,25,3,15,4,16
2026-02-27 16:00:00,Hostel A,25.81,27.91,35,8,10,4,16
2026-02-27 17:00:00,Academic Block,24.21,26.85,45,6,20,4,17
2026-02-27 17:00:00,Computer Lab,16.71,25.79,40,5,45,4,17
2026-02-27 17:00:00,Library,15.25,26.63,25,3,15,4,17
2026-02-27 17:00:00,Hostel A,17.86,25.52,35,8,10,4,17
2026-02-27 18:00:00,Academic Block,19.23,26.47,12,6,20,4,18
2026-02-27 18:00:00,Computer Lab,15.11,24.51,4,5,45,4,18
2026-02-27 18:00:00,Library,9.86,24.92,25,3,15,4,18
2026-02-27 18:00:00,Hostel A,22.9,24.35,80,8,10,4,18
2026-02-27 19:00:00,Academic Block,21.0,23.97,12,6,20,4,19
2026-02-27 19:00:00,Computer Lab,17.94,25.91,4,5,45,4,19
2026-02-27 19:00:00,Library,12.0,24.8,25,3,15,4,19
2026-02-27 19:00:00,Hostel A,22.58,22.96,80,8,10,4,19
2026-02-27 20:00:00,Academic Block,20.49,23.2,12,6,20,4,20
2026-02-27 20:00:00,Computer Lab,15.49,23.25,4,5,45,4,20
2026-02-27 20:00:00,Library,14.12,23.44,25,3,15,4,20
2026-02-27 20:00:00,Hostel A,22.5,23.56,80,8,10,4,20
2026-02-27 21:00:00,Academic Block,17.97,20.46,12,6,20,4,21
2026-02-27 21:00:00,Computer Lab,16.06,20.65,4,5,45,4,21
2026-02-27 21:00:00,Library,8.5,22.09,5,3,15,4,21
2026-02-27 21:00:00,Hostel A,22.91,20.86,80,8,10,4,21
2026-02-27 22:00:00,Academic Block,19.35,19.59,5,6,20,4,22
2026-02-27 22:00:00,Computer Lab,14.58,20.3,4,5,45,4,22
2026-02-27 22:00:00,Library,11.21,20.73,5,3,15,4,22
2026-02-27 22:00:00,Hostel A,22.19,19.65,80,8,10,4,22
2026-02-27 23:00:00,Academic Block,17.56,20.73,5,6,20,4,23
2026-02-27 23:00:00,Computer Lab,13.37,18.18,4,5,45,4,23
2026-02-27 23:00:00,Library,8.65,19.67,5,3,15,4,23
2026-02-27 23:00:00,Hostel A,21.45,19.75,35,8,10,4,23
2026-02-28 00:00:00,Academic Block,18.28,18.35,5,6,20,5,0
2026-02-28 00:00:00,Computer Lab,16.28,22.56,4,5,45,5,0
2026-02-28 00:00:00,Library,10.39,19.56,5,3,15,5,0
2026-02-28 00:00:00,Hostel A,21.49,20.52,35,8,10,5,0
2026-02-28 01:00:00,Academic Block,17.56,19.53,5,6,20,5,1
2026-02-28 01:00:00,Computer Lab,15.82,18.52,4,5,45,5,1
2026-02-28 01:00:00,Library,9.93,18.48,5,3,15,5,1
2026-02-28 01:00:00,Hostel A,20.56,19.08,35,8,10,5,1
2026-02-28 02:00:00,Academic Block,19.3,20.06,5,6,20,5,2
2026-02-28 02:00:00,Computer Lab,15.87,18.74,4,5,45,5,2
2026-02-28 02:00:00,Library,9.99,19.23,5,3,15,5,2
2026-02-28 02:00:00,Hostel A,20.35,23.32,35,8,10,5,2
2026-02-28 03:00:00,Academic Block,23.5,21.31,5,6,20,5,3
2026-02-28 03:00:00,Computer Lab,17.42,20.37,4,5,45,5,3
2026-02-28 03:00:00,Library,10.26,19.63,5,3,15,5,3
2026-02-28 03:00:00,Hostel A,19.34,19.85,35,8,10,5,3
2026-02-28 04:00:00,Academic Block,18.24,22.57,5,6,20,5,4
2026-02-28 04:00:00,Computer Lab,14.82,23.81,4,5,45,5,4
2026-02-28 04:00:00,Library,11.86,22.89,5,3,15,5,4
2026-02-28 04:00:00,Hostel A,17.83,20.72,35,8,10,5,4
2026-02-28 05:00:00,Academic Block,19.65,23.77,5,6,20,5,5
2026-02-28 05:00:00,Computer Lab,15.35,25.41,4,5,45,5,5
2026-02-28 05:00:00,Library,9.32,23.33,5,3,15,5,5
2026-02-28 05:00:00,Hostel A,18.5,24.1,35,8,10,5,5
2026-02-28 06:00:00,Academic Block,18.56,24.67,5,6,20,5,6
2026-02-28 06:00:00,Computer Lab,14.82,25.66,4,5,45,5,6
2026-02-28 06:00:00,Library,11.27,24.07,5,3,15,5,6
2026-02-28 06:00:00,Hostel A,21.64,21.37,80,8,10,5,6
2026-02-28 07:00:00,Academic Block,20.5,24.91,5,6,20,5,7
2026-02-28 07:00:00,Computer Lab,14.83,25.76,4,5,45,5,7
2026-02-28 07:00:00,Library,10.06,26.24,5,3,15,5,7
2026-02-28 07:00:00,Hostel A,22.7,25.81,80,8,10,5,7
2026-02-28 08:00:00,Academic Block,19.45,26.99,5,6,20,5,8
2026-02-28 08:00:00,Computer Lab,14.34,26.29,4,5,45,5,8
2026-02-28 08:00:00,Library,13.89,27.57,5,3,15,5,8
2026-02-28 08:00:00,Hostel A,23.69,25.79,80,8,10,5,8
2026-02-28 09:00:00,Academic Block,30.15,29.45,5,6,20,5,9
2026-02-28 09:00:00,Computer Lab,24.0,28.9,4,5,45,5,9
2026-02-28 09:00:00,Library,23.36,31.16,25,3,15,5,9
2026-02-28 09:00:00,Hostel A,19.23,27.28,35,8,10,5,9
2026-02-28 10:00:00,Academic Block,38.28,31.44,5,6,20,5,10
2026-02-28 10:00:00,Computer Lab,19.82,28.22,4,5,45,5,10
2026-02-28 10:00:00,Library,20.22,28.94,25,3,15,5,10
2026-02-28 10:00:00,Hostel A,20.7,27.79,35,8,10,5,10
2026-02-28 11:00:00,Academic Block,39.58,32.43,5,6,20,5,11
2026-02-28 11:00:00,Computer Lab,27.39,30.37,4,5,45,5,11
2026-02-28 11:00:00,Library,19.66,30.39,25,3,15,5,11
2026-02-28 11:00:00,Hostel A,28.15,28.82,35,8,10,5,11
2026-02-28 12:00:00,Academic Block,20.61,27.27,5,6,20,5,12
2026-02-28 12:00:00,Computer Lab,24.69,29.56,4,5,45,5,12
2026-02-28 12:00:00,Library,17.86,29.34,25,3,15,5,12
2026-02-28 12:00:00,Hostel A,23.98,27.81,35,8,10,5,12
2026-02-28 13:00:00,Academic Block,26.68,29.47,5,6,20,5,13
2026-02-28 13:00:00,Computer Lab,25.78,29.9,4,5,45,5,13
2026-02-28 13:00:00,Library,15.97,29.28,25,3,15,5,13
2026-02-28 13:00:00,Hostel A,33.83,30.65,35,8,10,5,13
2026-02-28 14:00:00,Academic Block,27.31,29.41,5,6,20,5,14
2026-02-28 14:00:00,Computer Lab,24.67,28.86,4,5,45,5,14
2026-02-28 14:00:00,Library,22.59,29.97,25,3,15,5,14
2026-02-28 14:00:00,Hostel A,32.4,29.73,35,8,10,5,14
2026-02-28 15:00:00,Academic Block,18.78,26.4,5,6,20,5,15
2026-02-28 15:00:00,Computer Lab,22.89,28.27,4,5,45,5,15
2026-02-28 15:00:00,Library,16.3,27.93,25,3,15,5,15
2026-02-28 15:00:00,Hostel A,29.67,28.81,35,8,10,5,15
2026-02-28 16:00:00,Academic Block,22.53,27.34,5,6,20,5,16
2026-02-28 16:00:00,Computer Lab,13.25,25.45,4,5,45,5,16
2026-02-28 16:00:00,Library,13.4,24.76,25,3,15,5,16
2026-02-28 16:00:00,Hostel A,27.19,28.31,35,8,10,5,16
2026-02-28 17:00:00,Academic Block,17.85,25.48,5,6,20,5,17
2026-02-28 17:00:00,Computer Lab,18.04,26.15,4,5,45,5,17
2026-02-28 17:00:00,Library,18.07,28.33,25,3,15,5,17
2026-02-28 17:00:00,Hostel A,21.92,26.69,35,8,10,5,17
2026-02-28 18:00:00,Academic Block,18.67,24.69,12,6,20,5,18
2026-02-28 18:00:00,Computer Lab,14.2,24.85,4,5,45,5,18
2026-02-28 18:00:00,Library,10.55,24.79,25,3,15,5,18
2026-02-28 18:00:00,Hostel A,23.69,26.23,80,8,10,5,18
2026-02-28 19:00:00,Academic Block,16.82,25.42,12,6,20,5,19
2026-02-28 19:00:00,Computer Lab,13.31,25.99,4,5,45,5,19
2026-02-28 19:00:00,Library,11.29,22.27,25,3,15,5,19
2026-02-28 19:00:00,Hostel A,22.89,25.28,80,8,10,5,19
2026-02-28 20:00:00,Academic Block,18.07,22.21,12,6,20,5,20
2026-02-28 20:00:00,Computer Lab,17.37,20.85,4,5,45,5,20
2026-02-28 20:00:00,Library,14.25,23.46,25,3,15,5,20
2026-02-28 20:00:00,Hostel A,18.59,22.98,80,8,10,5,20
2026-02-28 21:00:00,Academic Block,19.96,19.97,12,6,20,5,21
2026-02-28 21:00:00,Computer Lab,14.83,21.02,4,5,45,5,21
2026-02-28 21:00:00,Library,12.05,20.14,5,3,15,5,21
2026-02-28 21:00:00,Hostel A,23.3,22.01,80,8,10,5,21
2026-02-28 22:00:00,Academic Block,18.96,19.91,5,6,20,5,22
2026-02-28 22:00:00,Computer Lab,15.48,19.06,4,5,45,5,22
2026-02-28 22:00:00,Library,8.27,17.64,5,3,15,5,22
2026-02-28 22:00:00,Hostel A,26.11,20.28,80,8,10,5,22
2026-02-28 23:00:00,Academic Block,16.83,18.01,5,6,20,5,23
2026-02-28 23:00:00,Computer Lab,18.32,20.43,4,5,45,5,23
2026-02-28 23:00:00,Library,11.68,20.41,5,3,15,5,23
2026-02-28 23:00:00,Hostel A,18.18,19.77,35,8,10,5,23
2026-03-01 00:00:00,Academic Block,17.71,20.1,5,6,20,6,0
2026-03-01 00:00:00,Computer Lab,13.26,20.87,4,5,45,6,0
2026-03-01 00:00:00,Library,10.68,21.07,5,3,15,6,0
2026-03-01 00:00:00,Hostel A,16.49,19.74,35,8,10,6,0
2026-03-01 01:00:00,Academic Block,20.5,18.99,5,6,20,6,1
2026-03-01 01:00:00,Computer Lab,16.09,19.92,4,5,45,6,1
2026-03-01 01:00:00,Library,10.58,19.11,5,3,15,6,1
2026-03-01 01:00:00,Hostel A,19.1,18.52,35,8,10,6,1
2026-03-01 02:00:00,Academic Block,19.18,21.11,5,6,20,6,2
2026-03-01 02:00:00,Computer Lab,15.16,19.59,4,5,45,6,2
2026-03-01 02:00:00,Library,10.31,21.31,5,3,15,6,2
2026-03-01 02:00:00,Hostel A,21.81,20.33,35,8,10,6,2
2026-03-01 03:00:00,Academic Block,20.32,20.32,5,6,20,6,3
2026-03-01 03:00:00,Computer Lab,16.65,20.08,4,5,45,6,3
2026-03-01 03:00:00,Library,9.86,22.31,5,3,15,6,3
2026-03-01 03:00:00,Hostel A,15.99,20.0,35,8,10,6,3
2026-03-01 04:00:00,Academic Block,19.49,21.76,5,6,20,6,4
2026-03-01 04:00:00,Computer Lab,15.82,21.21,4,5,45,6,4
2026-03-01 04:00:00,Library,10.27,20.73,5,3,15,6,4
2026-03-01 04:00:00,Hostel A,18.83,21.12,35,8,10,6,4
2026-03-01 05:00:00,Academic Block,16.91,23.1,5,6,20,6,5
2026-03-01 05:00:00,Computer Lab,14.27,22.92,4,5,45,6,5
2026-03-01 05:00:00,Library,12.25,22.13,5,3,15,6,5
2026-03-01 05:00:00,Hostel A,15.65,23.27,35,8,10,6,5
2026-03-01 06:00:00,Academic Block,20.07,24.25,5,6,20,6,6
2026-03-01 06:00:00,Computer Lab,17.92,24.09,4,5,45,6,6
2026-03-01 06:00:00,Library,11.38,23.97,5,3,15,6,6
2026-03-01 06:00:00,Hostel A,23.57,26.24,80,8,10,6,6
2026-03-01 07:00:00,Academic Block,17.29,24.64,5,6,20,6,7
2026-03-01 07:00:00,Computer Lab,18.06,27.7,4,5,45,6,7
2026-03-01 07:00:00,Library,12.52,27.46,5,3,15,6,7
2026-03-01 07:00:00,Hostel A,21.12,26.46,80,8,10,6,7
2026-03-01 08:00:00,Academic Block,18.47,26.77,5,6,20,6,8
2026-03-01 08:00:00,Computer Lab,19.64,27.77,4,5,45,6,8
2026-03-01 08:00:00,Library,13.87,28.06,5,3,15,6,8
2026-03-01 08:00:00,Hostel A,23.36,26.38,80,8,10,6,8
2026-03-01 09:00:00,Academic Block,22.77,27.3,5,6,20,6,9
2026-03-01 09:00:00,Computer Lab,20.98,28.4,4,5,45,6,9
2026-03-01 09:00:00,Library,17.03,29.09,5,3,15,6,9
2026-03-01 09:00:00,Hostel A,18.12,26.55,35,8,10,6,9
2026-03-01 10:00:00,Academic Block,32.82,30.6,5,6,20,6,10
2026-03-01 10:00:00,Computer Lab,18.58,27.31,4,5,45,6,10
2026-03-01 10:00:00,Library,14.78,28.66,5,3,15,6,10
2026-03-01 10:00:00,Hostel A,25.87,27.96,35,8,10,6,10
2026-03-01 11:00:00,Academic Block,20.49,27.47,5,6,20,6,11
2026-03-01 11:00:00,Computer Lab,28.8,29.97,4,5,45,6,11
2026-03-01 11:00:00,Library,19.32,30.49,5,3,15,6,11
2026-03-01 11:00:00,Hostel A,37.91,31.66,35,8,10,6,11
2026-03-01 12:00:00,Academic Block,32.45,30.32,5,6,20,6,12
2026-03-01 12:00:00,Computer Lab,24.24,28.94,4,5,45,6,12
2026-03-01 12:00:00,Library,18.91,29.38,5,3,15,6,12
2026-03-01 12:00:00,Hostel A,24.18,27.79,35,8,10,6,12
2026-03-01 13:00:00,Academic Block,30.0,29.34,5,6,20,6,13
2026-03-01 13:00:00,Computer Lab,27.69,29.78,4,5,45,6,13
2026-03-01 13:00:00,Library,20.26,30.44,5,3,15,6,13
2026-03-01 13:00:00,Hostel A,37.4,30.77,35,8,10,6,13
2026-03-01 14:00:00,Academic Block,26.8,29.9,5,6,20,6,14
2026-03-01 14:00:00,Computer Lab,22.77,28.15,4,5,45,6,14
2026-03-01 14:00:00,Library,15.37,27.82,5,3,15,6,14
2026-03-01 14:00:00,Hostel A,32.61,30.18,35,8,10,6,14
2026-03-01 15:00:00,Academic Block,18.04,26.14,5,6,20,6,15
2026-03-01 15:00:00,Computer Lab,28.47,31.03,4,5,45,6,15
2026-03-01 15:00:00,Library,11.96,27.58,5,3,15,6,15
2026-03-01 15:00:00,Hostel A,32.56,29.99,35,8,10,6,15
2026-03-01 16:00:00,Academic Block,21.87,26.75,5,6,20,6,16
2026-03-01 16:00:00,Computer Lab,19.46,28.2,4,5,45,6,16
2026-03-01 16:00:00,Library,12.41,26.03,5,3,15,6,16
2026-03-01 16:00:00,Hostel A,20.21,27.52,35,8,10,6,16
2026-03-01 17:00:00,Academic Block,17.03,24.15,5,6,20,6,17
2026-03-01 17:00:00,Computer Lab,12.6,24.81,4,5,45,6,17
2026-03-01 17:00:00,Library,9.25,24.97,5,3,15,6,17
2026-03-01 17:00:00,Hostel A,21.49,25.74,35,8,10,6,17
2026-03-01 18:00:00,Academic Block,19.01,24.68,12,6,20,6,18
2026-03-01 18:00:00,Computer Lab,15.31,25.61,4,5,45,6,18
2026-03-01 18:00:00,Library,11.05,25.48,5,3,15,6,18
2026-03-01 18:00:00,Hostel A,26.7,25.15,80,8,10,6,18
2026-03-01 19:00:00,Academic Block,17.64,24.8,12,6,20,6,19
2026-03-01 19:00:00,Computer Lab,14.48,24.15,4,5,45,6,19
2026-03-01 19:00:00,Library,8.56,24.24,5,3,15,6,19
2026-03-01 19:00:00,Hostel A,23.07,22.38,80,8,10,6,19
2026-03-01 20:00:00,Academic Block,20.01,23.7,12,6,20,6,20
2026-03-01 20:00:00,Computer Lab,16.23,23.52,4,5,45,6,20
2026-03-01 20:00:00,Library,9.87,22.71,5,3,15,6,20
2026-03-01 20:00:00,Hostel A,24.09,23.48,80,8,10,6,20
2026-03-01 21:00:00,Academic Block,19.08,21.39,12,6,20,6,21
2026-03-01 21:00:00,Computer Lab,15.64,23.37,4,5,45,6,21
2026-03-01 21:00:00,Library,11.35,21.56,5,3,15,6,21
2026-03-01 21:00:00,Hostel A,21.32,21.35,80,8,10,6,21
2026-03-01 22:00:00,Academic Block,18.64,21.12,5,6,20,6,22
2026-03-01 22:00:00,Computer Lab,16.85,22.88,4,5,45,6,22
2026-03-01 22:00:00,Library,11.72,19.96,5,3,15,6,22
2026-03-01 22:00:00,Hostel A,24.51,21.04,80,8,10,6,22
2026-03-01 23:00:00,Academic Block,18.98,19.54,5,6,20,6,23
2026-03-01 23:00:00,Computer Lab,15.76,20.05,4,5,45,6,23
2026-03-01 23:00:00,Library,11.49,19.11,5,3,15,6,23
2026-03-01 23:00:00,Hostel A,20.88,20.67,35,8,10,6,23
2026-03-02 00:00:00,Academic Block,18.08,19.99,5,6,20,0,0
2026-03-02 00:00:00,Computer Lab,14.48,20.95,4,5,45,0,0
2026-03-02 00:00:00,Library,12.25,21.3,5,3,15,0,0
2026-03-02 00:00:00,Hostel A,19.51,21.51,35,8,10,0,0
2026-03-02 01:00:00,Academic Block,18.86,19.59,5,6,20,0,1
2026-03-02 01:00:00,Computer Lab,14.83,20.63,4,5,45,0,1
2026-03-02 01:00:00,Library,11.5,21.77,5,3,15,0,1
2026-03-02 01:00:00,Hostel A,21.77,19.1,35,8,10,0,1
2026-03-02 02:00:00,Academic Block,17.06,20.79,5,6,20,0,2
2026-03-02 02:00:00,Computer Lab,17.9,19.67,4,5,45,0,2
2026-03-02 02:00:00,Library,12.14,22.86,5,3,15,0,2
2026-03-02 02:00:00,Hostel A,20.77,22.25,35,8,10,0,2
2026-03-02 03:00:00,Academic Block,19.19,22.13,5,6,20,0,3
2026-03-02 03:00:00,Computer Lab,16.77,22.11,4,5,45,0,3
2026-03-02 03:00:00,Library,11.72,20.57,5,3,15,0,3
2026-03-02 03:00:00,Hostel A,18.64,23.21,35,8,10,0,3
2026-03-02 04:00:00,Academic Block,19.41,22.12,5,6,20,0,4
2026-03-02 04:00:00,Computer Lab,13.69,21.72,4,5,45,0,4
2026-03-02 04:00:00,Library,9.95,23.88,5,3,15,0,4
2026-03-02 04:00:00,Hostel A,18.03,22.52,35,8,10,0,4
2026-03-02 05:00:00,Academic Block,19.98,25.24,5,6,20,0,5
2026-03-02 05:00:00,Computer Lab,13.9,23.42,4,5,45,0,5
2026-03-02 05:00:00,Library,11.48,23.29,5,3,15,0,5
2026-03-02 05:00:00,Hostel A,19.11,23.93,35,8,10,0,5
2026-03-02 06:00:00,Academic Block,19.84,25.25,5,6,20,0,6
2026-03-02 06:00:00,Computer Lab,16.35,24.95,4,5,45,0,6
2026-03-02 06:00:00,Library,14.46,23.82,5,3,15,0,6
2026-03-02 06:00:00,Hostel A,22.86,24.66,80,8,10,0,6
2026-03-02 07:00:00,Academic Block,19.45,26.97,5,6,20,0,7
2026-03-02 07:00:00,Computer Lab,16.09,26.3,4,5,45,0,7
2026-03-02 07:00:00,Library,11.28,25.2,5,3,15,0,7
2026-03-02 07:00:00,Hostel A,25.18,24.32,80,8,10,0,7
2026-03-02 08:00:00,Academic Block,29.34,28.45,45,6,20,0,8
2026-03-02 08:00:00,Computer Lab,14.48,25.42,4,5,45,0,8
2026-03-02 08:00:00,Library,23.56,29.17,5,3,15,0,8
2026-03-02 08:00:00,Hostel A,33.63,28.93,80,8,10,0,8
2026-03-02 09:00:00,Academic Block,29.61,29.17,45,6,20,0,9
2026-03-02 09:00:00,Computer Lab,26.9,29.73,40,5,45,0,9
2026-03-02 09:00:00,Library,11.92,27.08,25,3,15,0,9
2026-03-02 09:00:00,Hostel A,31.63,29.71,35,8,10,0,9
2026-03-02 10:00:00,Academic Block,31.86,29.45,45,6,20,0,10
2026-03-02 10:00:00,Computer Lab,22.03,27.98,40,5,45,0,10
2026-03-02 10:00:00,Library,15.4,28.59,25,3,15,0,10
2026-03-02 10:00:00,Hostel A,25.97,28.73,35,8,10,0,10
2026-03-02 11:00:00,Academic Block,36.62,30.52,45,6,20,0,11
2026-03-02 11:00:00,Computer Lab,23.53,28.28,40,5,45,0,11
2026-03-02 11:00:00,Library,24.54,32.06,25,3,15,0,11
2026-03-02 11:00:00,Hostel A,34.54,30.34,35,8,10,0,11
2026-03-02 12:00:00,Academic Block,38.83,31.31,45,6,20,0,12
2026-03-02 12:00:00,Computer Lab,27.87,29.48,40,5,45,0,12
2026-03-02 12:00:00,Library,21.08,30.1,25,3,15,0,12
2026-03-02 12:00:00,Hostel A,28.17,28.42,35,8,10,0,12
2026-03-02 13:00:00,Academic Block,36.12,31.11,45,6,20,0,13
2026-03-02 13:00:00,Computer Lab,27.39,29.47,40,5,45,0,13
2026-03-02 13:00:00,Library,14.36,28.44,25,3,15,0,13
2026-03-02 13:00:00,Hostel A,28.32,29.02,35,8,10,0,13
2026-03-02 14:00:00,Academic Block,25.67,27.6,45,6,20,0,14
2026-03-02 14:00:00,Computer Lab,32.95,30.73,40,5,45,0,14
2026-03-02 14:00:00,Library,16.2,29.18,25,3,15,0,14
2026-03-02 14:00:00,Hostel A,33.96,30.19,35,8,10,0,14
2026-03-02 15:00:00,Academic Block,33.36,29.04,45,6,20,0,15
2026-03-02 15:00:00,Computer Lab,17.36,27.55,40,5,45,0,15
2026-03-02 15:00:00,Library,15.02,27.27,25,3,15,0,15
2026-03-02 15:00:00,Hostel A,25.11,28.57,35,8,10,0,15
2026-03-02 16:00:00,Academic Block,21.37,25.8,45,6,20,0,16
2026-03-02 16:00:00,Computer Lab,19.34,26.0,40,5,45,0,16
2026-03-02 16:00:00,Library,12.7,27.01,25,3,15,0,16
2026-03-02 16:00:00,Hostel A,20.17,26.59,35,8,10,0,16
2026-03-02 17:00:00,Academic Block,22.69,26.35,45,6,20,0,17
2026-03-02 17:00:00,Computer Lab,19.16,26.51,40,5,45,0,17
2026-03-02 17:00:00,Library,11.13,25.05,25,3,15,0,17
2026-03-02 17:00:00,Hostel A,22.05,25.82,35,8,10,0,17
2026-03-02 18:00:00,Academic Block,18.63,23.38,12,6,20,0,18
2026-03-02 18:00:00,Computer Lab,15.22,25.12,4,5,45,0,18
2026-03-02 18:00:00,Library,12.17,26.29,25,3,15,0,18
2026-03-02 18:00:00,Hostel A,23.77,24.72,80,8,10,0,18
2026-03-02 19:00:00,Academic Block,21.37,25.88,12,6,20,0,19
2026-03-02 19:00:00,Computer Lab,15.6,23.54,4,5,45,0,19
2026-03-02 19:00:00,Library,12.45,23.76,25,3,15,0,19
2026-03-02 19:00:00,Hostel A,23.95,22.69,80,8,10,0,19
2026-03-02 20:00:00,Academic Block,19.19,22.75,12,6,20,0,20
2026-03-02 20:00:00,Computer Lab,15.76,20.97,4,5,45,0,20
2026-03-02 20:00:00,Library,11.35,20.23,25,3,15,0,20
2026-03-02 20:00:00,Hostel A,22.98,21.82,80,8,10,0,20
2026-03-02 21:00:00,Academic Block,20.12,23.72,12,6,20,0,21
2026-03-02 21:00:00,Computer Lab,16.64,23.2,4,5,45,0,21
2026-03-02 21:00:00,Library,13.41,22.81,5,3,15,0,21
2026-03-02 21:00:00,Hostel A,21.35,20.59,80,8,10,0,21
2026-03-02 22:00:00,Academic Block,18.69,21.47,5,6,20,0,22
2026-03-02 22:00:00,Computer Lab,15.3,20.93,4,5,45,0,22
2026-03-02 22:00:00,Library,13.06,19.95,5,3,15,0,22
2026-03-02 22:00:00,Hostel A,23.58,19.35,80,8,10,0,22
2026-03-02 23:00:00,Academic Block,16.33,20.8,5,6,20,0,23
2026-03-02 23:00:00,Computer Lab,14.68,19.17,4,5,45,0,23
2026-03-02 23:00:00,Library,10.07,20.85,5,3,15,0,23
2026-03-02 23:00:00,Hostel A,16.76,20.07,35,8,10,0,23
2026-03-03 00:00:00,Academic Block,18.81,22.79,5,6,20,1,0
2026-03-03 00:00:00,Computer Lab,14.86,20.6,4,5,45,1,0
2026-03-03 00:00:00,Library,13.49,19.22,5,3,15,1,0
2026-03-03 00:00:00,Hostel A,19.37,17.7,35,8,10,1,0
2026-03-03 01:00:00,Academic Block,18.09,18.72,5,6,20,1,1
2026-03-03 01:00:00,Computer Lab,14.19,19.4,4,5,45,1,1
2026-03-03 01:00:00,Library,6.77,20.21,5,3,15,1,1
2026-03-03 01:00:00,Hostel A,18.81,19.79,35,8,10,1,1
2026-03-03 02:00:00,Academic Block,20.97,19.04,5,6,20,1,2
2026-03-03 02:00:00,Computer Lab,15.31,19.96,4,5,45,1,2
2026-03-03 02:00:00,Library,10.5,19.96,5,3,15,1,2
2026-03-03 02:00:00,Hostel A,22.66,22.24,35,8,10,1,2
2026-03-03 03:00:00,Academic Block,20.33,22.36,5,6,20,1,3
2026-03-03 03:00:00,Computer Lab,16.04,23.52,4,5,45,1,3
2026-03-03 03:00:00,Library,11.81,23.35,5,3,15,1,3
2026-03-03 03:00:00,Hostel A,19.48,21.64,35,8,10,1,3
2026-03-03 04:00:00,Academic Block,19.14,20.31,5,6,20,1,4
2026-03-03 04:00:00,Computer Lab,13.23,20.65,4,5,45,1,4
2026-03-03 04:00:00,Library,8.95,22.73,5,3,15,1,4
2026-03-03 04:00:00,Hostel A,19.16,22.49,35,8,10,1,4
2026-03-03 05:00:00,Academic Block,17.34,23.93,5,6,20,1,5
2026-03-03 05:00:00,Computer Lab,15.54,24.78,4,5,45,1,5
2026-03-03 05:00:00,Library,8.83,24.24,5,3,15,1,5
2026-03-03 05:00:00,Hostel A,20.6,23.49,35,8,10,1,5
2026-03-03 06:00:00,Academic Block,17.73,26.16,5,6,20,1,6
2026-03-03 06:00:00,Computer Lab,14.19,24.35,4,5,45,1,6
2026-03-03 06:00:00,Library,8.53,24.21,5,3,15,1,6
2026-03-03 06:00:00,Hostel A,23.5,24.83,80,8,10,1,6
2026-03-03 07:00:00,Academic Block,18.56,25.35,5,6,20,1,7
2026-03-03 07:00:00,Computer Lab,17.29,26.03,4,5,45,1,7
2026-03-03 07:00:00,Library,9.76,25.56,5,3,15,1,7
2026-03-03 07:00:00,Hostel A,20.84,25.28,80,8,10,1,7
2026-03-03 08:00:00,Academic Block,27.07,28.14,45,6,20,1,8
2026-03-03 08:00:00,Computer Lab,20.76,27.57,4,5,45,1,8
2026-03-03 08:00:00,Library,14.7,29.1,5,3,15,1,8
2026-03-03 08:00:00,Hostel A,29.65,28.28,80,8,10,1,8
2026-03-03 09:00:00,Academic Block,27.23,27.98,45,6,20,1,9
2026-03-03 09:00:00,Computer Lab,21.39,26.46,40,5,45,1,9
2026-03-03 09:00:00,Library,17.6,29.15,25,3,15,1,9
2026-03-03 09:00:00,Hostel A,21.29,27.83,35,8,10,1,9
2026-03-03 10:00:00,Academic Block,29.41,28.95,45,6,20,1,10
2026-03-03 10:00:00,Computer Lab,23.45,27.74,40,5,45,1,10
2026-03-03 10:00:00,Library,23.05,30.86,25,3,15,1,10
2026-03-03 10:00:00,Hostel A,29.25,28.96,35,8,10,1,10
2026-03-03 11:00:00,Academic Block,31.5,29.81,45,6,20,1,11
2026-03-03 11:00:00,Computer Lab,25.95,29.05,40,5,45,1,11
2026-03-03 11:00:00,Library,21.3,30.13,25,3,15,1,11
2026-03-03 11:00:00,Hostel A,31.01,30.08,35,8,10,1,11
2026-03-03 12:00:00,Academic Block,36.6,30.8,45,6,20,1,12
2026-03-03 12:00:00,Computer Lab,38.47,33.06,40,5,45,1,12
2026-03-03 12:00:00,Library,26.17,30.39,25,3,15,1,12
2026-03-03 12:00:00,Hostel A,33.83,30.23,35,8,10,1,12
2026-03-03 13:00:00,Academic Block,31.35,28.65,45,6,20,1,13
2026-03-03 13:00:00,Computer Lab,25.12,28.44,40,5,45,1,13
2026-03-03 13:00:00,Library,18.88,29.26,25,3,15,1,13
2026-03-03 13:00:00,Hostel A,27.07,28.12,35,8,10,1,13
2026-03-03 14:00:00,Academic Block,28.47,29.0,45,6,20,1,14
2026-03-03 14:00:00,Computer Lab,31.27,30.83,40,5,45,1,14
2026-03-03 14:00:00,Library,21.58,29.73,25,3,15,1,14
2026-03-03 14:00:00,Hostel A,29.23,29.9,35,8,10,1,14
2026-03-03 15:00:00,Academic Block,31.44,29.37,45,6,20,1,15
2026-03-03 15:00:00,Computer Lab,23.38,28.14,40,5,45,1,15
2026-03-03 15:00:00,Library,13.36,26.6,25,3,15,1,15
2026-03-03 15:00:00,Hostel A,19.78,26.9,35,8,10,1,15
2026-03-03 16:00:00,Academic Block,27.32,27.69,45,6,20,1,16
2026-03-03 16:00:00,Computer Lab,21.45,26.52,40,5,45,1,16
2026-03-03 16:00:00,Library,16.99,28.64,25,3,15,1,16
2026-03-03 16:00:00,Hostel A,17.02,26.17,35,8,10,1,16
2026-03-03 17:00:00,Academic Block,21.66,26.62,45,6,20,1,17
2026-03-03 17:00:00,Computer Lab,21.24,27.73,40,5,45,1,17
2026-03-03 17:00:00,Library,12.58,25.21,25,3,15,1,17
2026-03-03 17:00:00,Hostel A,18.96,25.47,35,8,10,1,17
2026-03-03 18:00:00,Academic Block,19.69,26.18,12,6,20,1,18
2026-03-03 18:00:00,Computer Lab,15.98,25.15,4,5,45,1,18
2026-03-03 18:00:00,Library,12.81,22.97,25,3,15,1,18
2026-03-03 18:00:00,Hostel A,23.89,25.19,80,8,10,1,18
2026-03-03 19:00:00,Academic Block,18.96,24.43,12,6,20,1,19
2026-03-03 19:00:00,Computer Lab,15.23,24.94,4,5,45,1,19
2026-03-03 19:00:00,Library,11.76,24.0,25,3,15,1,19
2026-03-03 19:00:00,Hostel A,21.99,24.26,80,8,10,1,19
2026-03-03 20:00:00,Academic Block,22.29,24.48,12,6,20,1,20
2026-03-03 20:00:00,Computer Lab,17.98,23.55,4,5,45,1,20
2026-03-03 20:00:00,Library,10.09,20.65,25,3,15,1,20
2026-03-03 20:00:00,Hostel A,22.61,22.11,80,8,10,1,20
2026-03-03 21:00:00,Academic Block,16.8,21.23,12,6,20,1,21
2026-03-03 21:00:00,Computer Lab,18.9,22.85,4,5,45,1,21
2026-03-03 21:00:00,Library,12.25,23.0,5,3,15,1,21
2026-03-03 21:00:00,Hostel A,21.29,21.74,80,8,10,1,21
2026-03-03 22:00:00,Academic Block,21.86,20.76,5,6,20,1,22
2026-03-03 22:00:00,Computer Lab,14.99,20.25,4,5,45,1,22
2026-03-03 22:00:00,Library,12.39,22.0,5,3,15,1,22
2026-03-03 22:00:00,Hostel A,22.16,19.65,80,8,10,1,22
2026-03-03 23:00:00,Academic Block,18.8,19.57,5,6,20,1,23
2026-03-03 23:00:00,Computer Lab,14.46,21.49,4,5,45,1,23
2026-03-03 23:00:00,Library,10.78,21.48,5,3,15,1,23
2026-03-03 23:00:00,Hostel A,19.43,22.96,35,8,10,1,23
2026-03-04 00:00:00,Academic Block,19.56,19.88,5,6,20,2,0
2026-03-04 00:00:00,Computer Lab,12.98,19.6,4,5,45,2,0
2026-03-04 00:00:00,Library,10.24,19.71,5,3,15,2,0
2026-03-04 00:00:00,Hostel A,18.84,18.09,35,8,10,2,0
2026-03-04 01:00:00,Academic Block,18.18,17.69,5,6,20,2,1
2026-03-04 01:00:00,Computer Lab,15.82,20.46,4,5,45,2,1
2026-03-04 01:00:00,Library,10.5,19.68,5,3,15,2,1
2026-03-04 01:00:00,Hostel A,18.97,19.23,35,8,10,2,1
2026-03-04 02:00:00,Academic Block,17.35,20.74,5,6,20,2,2
2026-03-04 02:00:00,Computer Lab,16.06,20.99,4,5,45,2,2
2026-03-04 02:00:00,Library,14.26,20.47,5,3,15,2,2
2026-03-04 02:00:00,Hostel A,18.53,20.5,35,8,10,2,2
2026-03-04 03:00:00,Academic Block,17.24,20.96,5,6,20,2,3
2026-03-04 03:00:00,Computer Lab,14.64,22.29,4,5,45,2,3
2026-03-04 03:00:00,Library,9.82,20.78,5,3,15,2,3
2026-03-04 03:00:00,Hostel A,16.32,20.28,35,8,10,2,3
2026-03-04 04:00:00,Academic Block,20.01,21.94,5,6,20,2,4
2026-03-04 04:00:00,Computer Lab,18.01,22.74,4,5,45,2,4
2026-03-04 04:00:00,Library,11.41,23.4,5,3,15,2,4
2026-03-04 04:00:00,Hostel A,18.8,24.76,35,8,10,2,4
2026-03-04 05:00:00,Academic Block,18.68,23.78,5,6,20,2,5
2026-03-04 05:00:00,Computer Lab,15.67,25.56,4,5,45,2,5
2026-03-04 05:00:00,Library,11.51,22.93,5,3,15,2,5
2026-03-04 05:00:00,Hostel A,19.75,22.73,35,8,10,2,5
2026-03-04 06:00:00,Academic Block,18.42,25.5,5,6,20,2,6
2026-03-04 06:00:00,Computer Lab,13.44,25.68,4,5,45,2,6
2026-03-04 06:00:00,Library,9.93,25.2,5,3,15,2,6
2026-03-04 06:00:00,Hostel A,30.21,28.43,80,8,10,2,6
2026-03-04 07:00:00,Academic Block,16.63,25.58,5,6,20,2,7
2026-03-04 07:00:00,Computer Lab,19.26,27.86,4,5,45,2,7
2026-03-04 07:00:00,Library,11.13,25.34,5,3,15,2,7
2026-03-04 07:00:00,Hostel A,25.21,27.07,80,8,10,2,7
2026-03-04 08:00:00,Academic Block,25.37,27.52,45,6,20,2,8
2026-03-04 08:00:00,Computer Lab,20.03,27.78,4,5,45,2,8
2026-03-04 08:00:00,Library,16.14,28.01,5,3,15,2,8
2026-03-04 08:00:00,Hostel A,25.11,27.57,80,8,10,2,8
2026-03-04 09:00:00,Academic Block,29.2,28.36,45,6,20,2,9
2026-03-04 09:00:00,Computer Lab,16.43,26.39,40,5,45,2,9
2026-03-04 09:00:00,Library,22.37,29.64,25,3,15,2,9
2026-03-04 09:00:00,Hostel A,20.57,27.02,35,8,10,2,9
2026-03-04 10:00:00,Academic Block,29.39,28.85,45,6,20,2,10
2026-03-04 10:00:00,Computer Lab,26.51,29.7,40,5,45,2,10
2026-03-04 10:00:00,Library,15.63,28.0,25,3,15,2,10
2026-03-04 10:00:00,Hostel A,27.71,29.16,35,8,10,2,10
2026-03-04 11:00:00,Academic Block,35.89,30.78,45,6,20,2,11
2026-03-04 11:00:00,Computer Lab,27.69,29.32,40,5,45,2,11
2026-03-04 11:00:00,Library,21.43,29.67,25,3,15,2,11
2026-03-04 11:00:00,Hostel A,25.43,28.71,35,8,10,2,11
2026-03-04 12:00:00,Academic Block,32.59,29.63,45,6,20,2,12
2026-03-04 12:00:00,Computer Lab,22.63,28.51,40,5,45,2,12
2026-03-04 12:00:00,Library,20.37,30.22,25,3,15,2,12
2026-03-04 12:00:00,Hostel A,27.08,28.26,35,8,10,2,12
2026-03-04 13:00:00,Academic Block,32.27,29.07,45,6,20,2,13
2026-03-04 13:00:00,Computer Lab,29.41,29.86,40,5,45,2,13
2026-03-04 13:00:00,Library,15.95,29.58,25,3,15,2,13
2026-03-04 13:00:00,Hostel A,26.32,28.47,35,8,10,2,13
2026-03-04 14:00:00,Academic Block,30.3,29.77,45,6,20,2,14
2026-03-04 14:00:00,Computer Lab,25.4,29.27,40,5,45,2,14
2026-03-04 14:00:00,Library,19.99,29.61,25,3,15,2,14
2026-03-04 14:00:00,Hostel A,35.48,30.22,35,8,10,2,14
2026-03-04 15:00:00,Academic Block,31.89,29.09,45,6,20,2,15
2026-03-04 15:00:00,Computer Lab,27.7,28.12,40,5,45,2,15
2026-03-04 15:00:00,Library,13.01,27.07,25,3,15,2,15
2026-03-04 15:00:00,Hostel A,32.47,29.62,35,8,10,2,15
2026-03-04 16:00:00,Academic Block,28.11,28.08,45,6,20,2,16
2026-03-04 16:00:00,Computer Lab,20.93,25.0,40,5,45,2,16
2026-03-04 16:00:00,Library,16.12,27.26,25,3,15,2,16
2026-03-04 16:00:00,Hostel A,19.33,25.06,35,8,10,2,16
2026-03-04 17:00:00,Academic Block,22.76,25.62,45,6,20,2,17
2026-03-04 17:00:00,Computer Lab,20.04,26.67,40,5,45,2,17
2026-03-04 17:00:00,Library,12.14,25.02,25,3,15,2,17
2026-03-04 17:00:00,Hostel A,19.8,26.08,35,8,10,2,17
2026-03-04 18:00:00,Academic Block,19.75,26.19,12,6,20,2,18
2026-03-04 18:00:00,Computer Lab,15.83,23.47,4,5,45,2,18
2026-03-04 18:00:00,Library,18.87,28.13,25,3,15,2,18
2026-03-04 18:00:00,Hostel A,22.65,21.43,80,8,10,2,18
2026-03-04 19:00:00,Academic Block,18.99,24.82,12,6,20,2,19
2026-03-04 19:00:00,Computer Lab,15.27,23.15,4,5,45,2,19
2026-03-04 19:00:00,Library,10.5,24.37,25,3,15,2,19
2026-03-04 19:00:00,Hostel A,22.47,25.13,80,8,10,2,19
2026-03-04 20:00:00,Academic Block,20.95,21.38,12,6,20,2,20
2026-03-04 20:00:00,Computer Lab,14.84,20.65,4,5,45,2,20
2026-03-04 20:00:00,Library,15.44,21.81,25,3,15,2,20
2026-03-04 20:00:00,Hostel A,19.32,21.68,80,8,10,2,20
2026-03-04 21:00:00,Academic Block,19.94,20.77,12,6,20,2,21
2026-03-04 21:00:00,Computer Lab,19.08,22.41,4,5,45,2,21
2026-03-04 21:00:00,Library,10.91,23.15,5,3,15,2,21
2026-03-04 21:00:00,Hostel A,24.99,20.39,80,8,10,2,21
2026-03-04 22:00:00,Academic Block,17.71,20.23,5,6,20,2,22
2026-03-04 22:00:00,Computer Lab,13.79,20.17,4,5,45,2,22
2026-03-04 22:00:00,Library,10.28,20.11,5,3,15,2,22
2026-03-04 22:00:00,Hostel A,21.97,21.55,80,8,10,2,22
2026-03-04 23:00:00,Academic Block,16.29,18.65,5,6,20,2,23
2026-03-04 23:00:00,Computer Lab,15.78,20.42,4,5,45,2,23
2026-03-04 23:00:00,Library,9.92,19.51,5,3,15,2,23
2026-03-04 23:00:00,Hostel A,21.04,20.64,35,8,10,2,23
2026-03-05 00:00:00,Academic Block,18.83,19.06,5,6,20,3,0
2026-03-05 00:00:00,Computer Lab,14.51,21.15,4,5,45,3,0
2026-03-05 00:00:00,Library,10.57,19.98,5,3,15,3,0
2026-03-05 00:00:00,Hostel A,19.2,18.43,35,8,10,3,0
2026-03-05 01:00:00,Academic Block,19.53,20.21,5,6,20,3,1
2026-03-05 01:00:00,Computer Lab,15.68,18.75,4,5,45,3,1
2026-03-05 01:00:00,Library,13.74,21.83,5,3,15,3,1
2026-03-05 01:00:00,Hostel A,17.18,21.71,35,8,10,3,1
2026-03-05 02:00:00,Academic Block,17.98,21.21,5,6,20,3,2
2026-03-05 02:00:00,Computer Lab,14.51,21.01,4,5,45,3,2
2026-03-05 02:00:00,Library,10.11,18.61,5,3,15,3,2
2026-03-05 02:00:00,Hostel A,19.38,21.54,35,8,10,3,2
2026-03-05 03:00:00,Academic Block,19.02,21.95,5,6,20,3,3
2026-03-05 03:00:00,Computer Lab,16.46,21.95,4,5,45,3,3
2026-03-05 03:00:00,Library,10.75,21.13,5,3,15,3,3
2026-03-05 03:00:00,Hostel A,19.16,23.56,35,8,10,3,3
2026-03-05 04:00:00,Academic Block,18.85,22.55,5,6,20,3,4
2026-03-05 04:00:00,Computer Lab,15.02,22.24,4,5,45,3,4
2026-03-05 04:00:00,Library,9.87,22.75,5,3,15,3,4
2026-03-05 04:00:00,Hostel A,17.76,22.33,35,8,10,3,4
2026-03-05 05:00:00,Academic Block,19.58,23.84,5,6,20,3,5
2026-03-05 05:00:00,Computer Lab,12.66,23.45,4,5,45,3,5
2026-03-05 05:00:00,Library,10.81,24.41,5,3,15,3,5
2026-03-05 05:00:00,Hostel A,20.11,22.51,35,8,10,3,5
2026-03-05 06:00:00,Academic Block,20.27,23.32,5,6,20,3,6
2026-03-05 06:00:00,Computer Lab,12.27,24.93,4,5,45,3,6
2026-03-05 06:00:00,Library,10.02,25.21,5,3,15,3,6
2026-03-05 06:00:00,Hostel A,21.44,24.33,80,8,10,3,6
2026-03-05 07:00:00,Academic Block,18.17,26.14,5,6,20,3,7
2026-03-05 07:00:00,Computer Lab,17.58,24.07,4,5,45,3,7
2026-03-05 07:00:00,Library,9.53,26.0,5,3,15,3,7
2026-03-05 07:00:00,Hostel A,23.71,24.94,80,8,10,3,7
2026-03-05 08:00:00,Academic Block,22.1,25.94,45,6,20,3,8
2026-03-05 08:00:00,Computer Lab,16.0,26.8,4,5,45,3,8
2026-03-05 08:00:00,Library,9.94,26.18,5,3,15,3,8
2026-03-05 08:00:00,Hostel A,26.45,27.51,80,8,10,3,8
2026-03-05 09:00:00,Academic Block,25.24,27.59,45,6,20,3,9
2026-03-05 09:00:00,Computer Lab,25.65,29.6,40,5,45,3,9
2026-03-05 09:00:00,Library,15.94,28.53,25,3,15,3,9
2026-03-05 09:00:00,Hostel A,21.89,27.27,35,8,10,3,9
2026-03-05 10:00:00,Academic Block,27.34,28.68,45,6,20,3,10
2026-03-05 10:00:00,Computer Lab,33.68,30.92,40,5,45,3,10
2026-03-05 10:00:00,Library,11.44,27.01,25,3,15,3,10
2026-03-05 10:00:00,Hostel A,32.7,30.04,35,8,10,3,10
2026-03-05 11:00:00,Academic Block,40.43,31.63,45,6,20,3,11
2026-03-05 11:00:00,Computer Lab,28.46,30.19,40,5,45,3,11
2026-03-05 11:00:00,Library,20.09,30.42,25,3,15,3,11
2026-03-05 11:00:00,Hostel A,39.45,31.4,35,8,10,3,11
2026-03-05 12:00:00,Academic Block,31.54,29.01,45,6,20,3,12
2026-03-05 12:00:00,Computer Lab,37.55,32.69,40,5,45,3,12
2026-03-05 12:00:00,Library,21.95,30.66,25,3,15,3,12
2026-03-05 12:00:00,Hostel A,31.12,30.1,35,8,10,3,12
2026-03-05 13:00:00,Academic Block,33.27,29.83,45,6,20,3,13
2026-03-05 13:00:00,Computer Lab,32.97,31.99,40,5,45,3,13
2026-03-05 13:00:00,Library,21.66,29.49,25,3,15,3,13
2026-03-05 13:00:00,Hostel A,30.76,29.54,35,8,10,3,13
2026-03-05 14:00:00,Academic Block,26.56,28.33,45,6,20,3,14
2026-03-05 14:00:00,Computer Lab,19.44,27.14,40,5,45,3,14
2026-03-05 14:00:00,Library,16.6,28.14,25,3,15,3,14
2026-03-05 14:00:00,Hostel A,25.45,28.38,35,8,10,3,14
2026-03-05 15:00:00,Academic Block,26.7,27.99,45,6,20,3,15
2026-03-05 15:00:00,Computer Lab,21.2,27.9,40,5,45,3,15
2026-03-05 15:00:00,Library,19.24,28.64,25,3,15,3,15
2026-03-05 15:00:00,Hostel A,26.53,28.69,35,8,10,3,15
2026-03-05 16:00:00,Academic Block,21.46,27.35,45,6,20,3,16
2026-03-05 16:00:00,Computer Lab,20.4,27.33,40,5,45,3,16
2026-03-05 16:00:00,Library,11.63,26.38,25,3,15,3,16
2026-03-05 16:00:00,Hostel A,21.87,27.01,35,8,10,3,16
2026-03-05 17:00:00,Academic Block,24.02,27.6,45,6,20,3,17
2026-03-05 17:00:00,Computer Lab,17.81,25.67,40,5,45,3,17
2026-03-05 17:00:00,Library,14.49,27.27,25,3,15,3,17
2026-03-05 17:00:00,Hostel A,20.32,26.41,35,8,10,3,17
2026-03-05 18:00:00,Academic Block,21.31,24.28,12,6,20,3,18
2026-03-05 18:00:00,Computer Lab,14.39,25.0,4,5,45,3,18
2026-03-05 18:00:00,Library,14.07,24.72,25,3,15,3,18
2026-03-05 18:00:00,Hostel A,23.97,24.49,80,8,10,3,18
2026-03-05 19:00:00,Academic Block,18.11,22.96,12,6,20,3,19
2026-03-05 19:00:00,Computer Lab,14.36,24.5,4,5,45,3,19
2026-03-05 19:00:00,Library,12.75,24.69,25,3,15,3,19
2026-03-05 19:00:00,Hostel A,22.44,22.66,80,8,10,3,19
2026-03-05 20:00:00,Academic Block,19.78,21.84,12,6,20,3,20
2026-03-05 20:00:00,Computer Lab,15.11,24.77,4,5,45,3,20
2026-03-05 20:00:00,Library,12.26,23.14,25,3,15,3,20
2026-03-05 20:00:00,Hostel A,22.3,22.53,80,8,10,3,20
2026-03-05 21:00:00,Academic Block,19.76,20.44,12,6,20,3,21
2026-03-05 21:00:00,Computer Lab,14.31,21.12,4,5,45,3,21
2026-03-05 21:00:00,Library,10.77,22.68,5,3,15,3,21
2026-03-05 21:00:00,Hostel A,24.56,21.19,80,8,10,3,21
2026-03-05 22:00:00,Academic Block,20.61,18.47,5,6,20,3,22
2026-03-05 22:00:00,Computer Lab,15.99,19.61,4,5,45,3,22
2026-03-05 22:00:00,Library,9.24,19.96,5,3,15,3,22
2026-03-05 22:00:00,Hostel A,25.33,22.25,80,8,10,3,22
2026-03-05 23:00:00,Academic Block,19.2,19.9,5,6,20,3,23
2026-03-05 23:00:00,Computer Lab,18.27,20.24,4,5,45,3,23
2026-03-05 23:00:00,Library,11.19,17.63,5,3,15,3,23
2026-03-05 23:00:00,Hostel A,15.42,19.3,35,8,10,3,23
2026-03-06 00:00:00,Academic Block,21.47,19.57,5,6,20,4,0
2026-03-06 00:00:00,Computer Lab,16.86,19.21,4,5,45,4,0
2026-03-06 00:00:00,Library,10.61,21.44,5,3,15,4,0
2026-03-06 00:00:00,Hostel A,16.38,20.14,35,8,10,4,0
2026-03-06 01:00:00,Academic Block,20.06,19.31,5,6,20,4,1
2026-03-06 01:00:00,Computer Lab,16.22,20.24,4,5,45,4,1
2026-03-06 01:00:00,Library,13.91,20.33,5,3,15,4,1
2026-03-06 01:00:00,Hostel A,21.36,19.65,35,8,10,4,1
2026-03-06 02:00:00,Academic Block,21.24,20.83,5,6,20,4,2
2026-03-06 02:00:00,Computer Lab,15.95,19.2,4,5,45,4,2
2026-03-06 02:00:00,Library,10.83,20.2,5,3,15,4,2
2026-03-06 02:00:00,Hostel A,19.52,22.14,35,8,10,4,2
2026-03-06 03:00:00,Academic Block,17.69,22.93,5,6,20,4,3
2026-03-06 03:00:00,Computer Lab,15.69,20.48,4,5,45,4,3
2026-03-06 03:00:00,Library,10.35,21.42,5,3,15,4,3
2026-03-06 03:00:00,Hostel A,20.75,20.31,35,8,10,4,3
2026-03-06 04:00:00,Academic Block,20.84,22.06,5,6,20,4,4
2026-03-06 04:00:00,Computer Lab,16.64,22.52,4,5,45,4,4
2026-03-06 04:00:00,Library,9.39,23.17,5,3,15,4,4
2026-03-06 04:00:00,Hostel A,21.84,22.94,35,8,10,4,4
2026-03-06 05:00:00,Academic Block,20.05,24.01,5,6,20,4,5
2026-03-06 05:00:00,Computer Lab,16.13,24.54,4,5,45,4,5
2026-03-06 05:00:00,Library,11.45,23.93,5,3,15,4,5
2026-03-06 05:00:00,Hostel A,16.92,24.62,35,8,10,4,5
2026-03-06 06:00:00,Academic Block,18.42,25.3,5,6,20,4,6
2026-03-06 06:00:00,Computer Lab,17.61,24.53,4,5,45,4,6
2026-03-06 06:00:00,Library,8.53,24.12,5,3,15,4,6
2026-03-06 06:00:00,Hostel A,20.42,25.95,80,8,10,4,6
2026-03-06 07:00:00,Academic Block,20.06,23.98,5,6,20,4,7
2026-03-06 07:00:00,Computer Lab,17.06,26.48,4,5,45,4,7
2026-03-06 07:00:00,Library,8.55,25.76,5,3,15,4,7
2026-03-06 07:00:00,Hostel A,22.14,24.87,80,8,10,4,7
2026-03-06 08:00:00,Academic Block,22.36,25.97,45,6,20,4,8
2026-03-06 08:00:00,Computer Lab,17.27,26.95,4,5,45,4,8
2026-03-06 08:00:00,Library,14.29,27.69,5,3,15,4,8
2026-03-06 08:00:00,Hostel A,28.05,28.1,80,8,10,4,8
2026-03-06 09:00:00,Academic Block,29.8,28.76,45,6,20,4,9
2026-03-06 09:00:00,Computer Lab,19.52,25.62,40,5,45,4,9
2026-03-06 09:00:00,Library,18.67,28.72,25,3,15,4,9
2026-03-06 09:00:00,Hostel A,19.86,26.99,35,8,10,4,9
2026-03-06 10:00:00,Academic Block,27.99,28.02,45,6,20,4,10
2026-03-06 10:00:00,Computer Lab,20.59,27.64,40,5,45,4,10
2026-03-06 10:00:00,Library,19.96,29.97,25,3,15,4,10
2026-03-06 10:00:00,Hostel A,26.82,28.22,35,8,10,4,10
2026-03-06 11:00:00,Academic Block,38.27,30.97,45,6,20,4,11
2026-03-06 11:00:00,Computer Lab,31.72,30.85,40,5,45,4,11
2026-03-06 11:00:00,Library,18.98,29.58,25,3,15,4,11
2026-03-06 11:00:00,Hostel A,32.29,30.03,35,8,10,4,11
2026-03-06 12:00:00,Academic Block,32.88,29.48,45,6,20,4,12
2026-03-06 12:00:00,Computer Lab,34.47,31.42,40,5,45,4,12
2026-03-06 12:00:00,Library,25.19,32.15,25,3,15,4,12
2026-03-06 12:00:00,Hostel A,24.76,27.79,35,8,10,4,12
2026-03-06 13:00:00,Academic Block,29.55,28.9,45,6,20,4,13
2026-03-06 13:00:00,Computer Lab,20.82,27.71,40,5,45,4,13
2026-03-06 13:00:00,Library,15.49,28.03,25,3,15,4,13
2026-03-06 13:00:00,Hostel A,30.38,29.36,35,8,10,4,13
2026-03-06 14:00:00,Academic Block,37.68,30.82,45,6,20,4,14
2026-03-06 14:00:00,Computer Lab,22.07,27.38,40,5,45,4,14
2026-03-06 14:00:00,Library,19.52,29.46,25,3,15,4,14
2026-03-06 14:00:00,Hostel A,30.33,29.3,35,8,10,4,14
2026-03-06 15:00:00,Academic Block,25.49,27.71,45,6,20,4,15
2026-03-06 15:00:00,Computer Lab,28.21,29.96,40,5,45,4,15
2026-03-06 15:00:00,Library,14.27,27.3,25,3,15,4,15
2026-03-06 15:00:00,Hostel A,18.52,27.18,35,8,10,4,15
2026-03-06 16:00:00,Academic Block,25.78,27.09,45,6,20,4,16
2026-03-06 16:00:00,Computer Lab,21.65,27.45,40,5,45,4,16
2026-03-06 16:00:00,Library,12.88,24.94,25,3,15,4,16
2026-03-06 16:00:00,Hostel A,21.92,27.61,35,8,10,4,16
2026-03-06 17:00:00,Academic Block,22.87,26.51,45,6,20,4,17
2026-03-06 17:00:00,Computer Lab,19.05,25.02,40,5,45,4,17
2026-03-06 17:00:00,Library,15.07,27.73,25,3,15,4,17
2026-03-06 17:00:00,Hostel A,18.68,25.25,35,8,10,4,17
2026-03-06 18:00:00,Academic Block,17.46,26.03,12,6,20,4,18
2026-03-06 18:00:00,Computer Lab,14.65,25.69,4,5,45,4,18
2026-03-06 18:00:00,Library,11.38,25.29,25,3,15,4,18
2026-03-06 18:00:00,Hostel A,24.83,24.32,80,8,10,4,18
2026-03-06 19:00:00,Academic Block,19.99,22.02,12,6,20,4,19
2026-03-06 19:00:00,Computer Lab,16.7,25.78,4,5,45,4,19
2026-03-06 19:00:00,Library,10.3,22.11,25,3,15,4,19
2026-03-06 19:00:00,Hostel A,22.79,22.8,80,8,10,4,19
2026-03-06 20:00:00,Academic Block,17.35,22.77,12,6,20,4,20
2026-03-06 20:00:00,Computer Lab,14.45,21.45,4,5,45,4,20
2026-03-06 20:00:00,Library,15.2,22.28,25,3,15,4,20
2026-03-06 20:00:00,Hostel A,21.08,21.38,80,8,10,4,20
2026-03-06 21:00:00,Academic Block,20.21,20.1,12,6,20,4,21
2026-03-06 21:00:00,Computer Lab,14.33,21.41,4,5,45,4,21
2026-03-06 21:00:00,Library,9.44,21.03,5,3,15,4,21
2026-03-06 21:00:00,Hostel A,26.58,21.82,80,8,10,4,21
2026-03-06 22:00:00,Academic Block,18.56,21.33,5,6,20,4,22
2026-03-06 22:00:00,Computer Lab,13.65,19.87,4,5,45,4,22
2026-03-06 22:00:00,Library,11.64,21.55,5,3,15,4,22
2026-03-06 22:00:00,Hostel A,24.37,20.11,80,8,10,4,22
2026-03-06 23:00:00,Academic Block,19.86,20.2,5,6,20,4,23
2026-03-06 23:00:00,Computer Lab,15.4,20.53,4,5,45,4,23
2026-03-06 23:00:00,Library,10.41,19.02,5,3,15,4,23
2026-03-06 23:00:00,Hostel A,18.19,21.18,35,8,10,4,23
2026-03-07 00:00:00,Academic Block,17.08,20.53,5,6,20,5,0
2026-03-07 00:00:00,Computer Lab,16.14,20.94,4,5,45,5,0
2026-03-07 00:00:00,Library,10.29,18.56,5,3,15,5,0
2026-03-07 00:00:00,Hostel A,17.06,21.12,35,8,10,5,0
2026-03-07 01:00:00,Academic Block,18.6,18.89,5,6,20,5,1
2026-03-07 01:00:00,Computer Lab,14.66,22.73,4,5,45,5,1
2026-03-07 01:00:00,Library,11.02,20.76,5,3,15,5,1
2026-03-07 01:00:00,Hostel A,19.19,19.46,35,8,10,5,1
2026-03-07 02:00:00,Academic Block,18.16,20.13,5,6,20,5,2
2026-03-07 02:00:00,Computer Lab,15.63,18.68,4,5,45,5,2
2026-03-07 02:00:00,Library,10.71,21.75,5,3,15,5,2
2026-03-07 02:00:00,Hostel A,19.82,21.98,35,8,10,5,2
2026-03-07 03:00:00,Academic Block,17.76,21.39,5,6,20,5,3
2026-03-07 03:00:00,Computer Lab,13.46,20.88,4,5,45,5,3
2026-03-07 03:00:00,Library,10.84,21.14,5,3,15,5,3
2026-03-07 03:00:00,Hostel A,19.74,23.52,35,8,10,5,3
2026-03-07 04:00:00,Academic Block,16.54,21.46,5,6,20,5,4
2026-03-07 04:00:00,Computer Lab,16.89,22.25,4,5,45,5,4
2026-03-07 04:00:00,Library,11.44,22.24,5,3,15,5,4
2026-03-07 04:00:00,Hostel A,20.03,22.28,35,8,10,5,4
2026-03-07 05:00:00,Academic Block,21.11,21.79,5,6,20,5,5
2026-03-07 05:00:00,Computer Lab,16.86,22.37,4,5,45,5,5
2026-03-07 05:00:00,Library,10.45,23.38,5,3,15,5,5
2026-03-07 05:00:00,Hostel A,19.33,23.42,35,8,10,5,5
2026-03-07 06:00:00,Academic Block,20.29,25.55,5,6,20,5,6
2026-03-07 06:00:00,Computer Lab,17.13,26.69,4,5,45,5,6
2026-03-07 06:00:00,Library,12.3,27.06,5,3,15,5,6
2026-03-07 06:00:00,Hostel A,23.6,26.29,80,8,10,5,6
2026-03-07 07:00:00,Academic Block,18.97,25.64,5,6,20,5,7
2026-03-07 07:00:00,Computer Lab,16.88,26.9,4,5,45,5,7
2026-03-07 07:00:00,Library,13.03,26.79,5,3,15,5,7
2026-03-07 07:00:00,Hostel A,18.51,26.27,80,8,10,5,7
2026-03-07 08:00:00,Academic Block,28.45,29.51,5,6,20,5,8
2026-03-07 08:00:00,Computer Lab,14.7,26.51,4,5,45,5,8
2026-03-07 08:00:00,Library,11.42,27.1,5,3,15,5,8
2026-03-07 08:00:00,Hostel A,22.39,26.62,80,8,10,5,8
2026-03-07 09:00:00,Academic Block,30.74,29.17,5,6,20,5,9
2026-03-07 09:00:00,Computer Lab,26.69,29.52,4,5,45,5,9
2026-03-07 09:00:00,Library,16.43,28.08,25,3,15,5,9
2026-03-07 09:00:00,Hostel A,27.96,29.05,35,8,10,5,9
2026-03-07 10:00:00,Academic Block,27.75,28.82,5,6,20,5,10
2026-03-07 10:00:00,Computer Lab,28.63,30.64,4,5,45,5,10
2026-03-07 10:00:00,Library,15.38,27.9,25,3,15,5,10
2026-03-07 10:00:00,Hostel A,22.99,27.6,35,8,10,5,10
2026-03-07 11:00:00,Academic Block,30.67,30.14,5,6,20,5,11
2026-03-07 11:00:00,Computer Lab,27.52,30.12,4,5,45,5,11
2026-03-07 11:00:00,Library,19.51,30.14,25,3,15,5,11
2026-03-07 11:00:00,Hostel A,31.57,29.53,35,8,10,5,11
2026-03-07 12:00:00,Academic Block,36.82,31.89,5,6,20,5,12
2026-03-07 12:00:00,Computer Lab,29.92,30.66,4,5,45,5,12
2026-03-07 12:00:00,Library,22.12,29.76,25,3,15,5,12
2026-03-07 12:00:00,Hostel A,41.08,31.44,35,8,10,5,12
2026-03-07 13:00:00,Academic Block,35.47,30.38,5,6,20,5,13
2026-03-07 13:00:00,Computer Lab,26.84,29.09,4,5,45,5,13
2026-03-07 13:00:00,Library,24.83,30.75,25,3,15,5,13
2026-03-07 13:00:00,Hostel A,31.89,29.45,35,8,10,5,13
2026-03-07 14:00:00,Academic Block,32.62,31.04,5,6,20,5,14
2026-03-07 14:00:00,Computer Lab,20.58,29.13,4,5,45,5,14
2026-03-07 14:00:00,Library,17.59,29.12,25,3,15,5,14
2026-03-07 14:00:00,Hostel A,33.42,29.07,35,8,10,5,14
2026-03-07 15:00:00,Academic Block,30.53,30.6,5,6,20,5,15
2026-03-07 15:00:00,Computer Lab,25.21,29.2,4,5,45,5,15
2026-03-07 15:00:00,Library,16.66,28.13,25,3,15,5,15
2026-03-07 15:00:00,Hostel A,26.17,28.87,35,8,10,5,15
2026-03-07 16:00:00,Academic Block,19.33,26.26,5,6,20,5,16
2026-03-07 16:00:00,Computer Lab,17.96,27.62,4,5,45,5,16
2026-03-07 16:00:00,Library,12.86,26.55,25,3,15,5,16
2026-03-07 16:00:00,Hostel A,26.8,28.56,35,8,10,5,16
2026-03-07 17:00:00,Academic Block,23.4,28.24,5,6,20,5,17
2026-03-07 17:00:00,Computer Lab,15.87,26.53,4,5,45,5,17
2026-03-07 17:00:00,Library,12.45,27.0,25,3,15,5,17
2026-03-07 17:00:00,Hostel A,24.56,28.61,35,8,10,5,17
2026-03-07 18:00:00,Academic Block,21.0,27.06,12,6,20,5,18
2026-03-07 18:00:00,Computer Lab,17.67,25.66,4,5,45,5,18
2026-03-07 18:00:00,Library,11.17,26.03,25,3,15,5,18
2026-03-07 18:00:00,Hostel A,25.35,25.72,80,8,10,5,18
2026-03-07 19:00:00,Academic Block,22.44,22.64,12,6,20,5,19
2026-03-07 19:00:00,Computer Lab,15.02,24.17,4,5,45,5,19
2026-03-07 19:00:00,Library,11.89,22.63,25,3,15,5,19
2026-03-07 19:00:00,Hostel A,21.93,21.36,80,8,10,5,19
2026-03-07 20:00:00,Academic Block,17.65,22.18,12,6,20,5,20
2026-03-07 20:00:00,Computer Lab,15.34,23.4,4,5,45,5,20
2026-03-07 20:00:00,Library,11.74,21.74,25,3,15,5,20
2026-03-07 20:00:00,Hostel A,22.66,22.93,80,8,10,5,20
2026-03-07 21:00:00,Academic Block,19.45,20.62,12,6,20,5,21
2026-03-07 21:00:00,Computer Lab,13.96,21.4,4,5,45,5,21
2026-03-07 21:00:00,Library,11.49,21.12,5,3,15,5,21
2026-03-07 21:00:00,Hostel A,22.21,22.15,80,8,10,5,21
2026-03-07 22:00:00,Academic Block,17.23,21.48,5,6,20,5,22
2026-03-07 22:00:00,Computer Lab,15.29,19.53,4,5,45,5,22
2026-03-07 22:00:00,Library,10.87,22.47,5,3,15,5,22
2026-03-07 22:00:00,Hostel A,24.87,20.34,80,8,10,5,22
2026-03-07 23:00:00,Academic Block,22.05,19.83,5,6,20,5,23
2026-03-07 23:00:00,Computer Lab,14.15,19.56,4,5,45,5,23
2026-03-07 23:00:00,Library,10.25,19.97,5,3,15,5,23
2026-03-07 23:00:00,Hostel A,22.85,19.2,35,8,10,5,23
2026-03-08 00:00:00,Academic Block,19.4,20.38,5,6,20,6,0
2026-03-08 00:00:00,Computer Lab,14.8,19.45,4,5,45,6,0
2026-03-08 00:00:00,Library,8.11,21.23,5,3,15,6,0
2026-03-08 00:00:00,Hostel A,18.58,18.63,35,8,10,6,0
2026-03-08 01:00:00,Academic Block,18.14,21.79,5,6,20,6,1
2026-03-08 01:00:00,Computer Lab,15.71,20.67,4,5,45,6,1
2026-03-08 01:00:00,Library,8.25,21.73,5,3,15,6,1
2026-03-08 01:00:00,Hostel A,18.65,21.05,35,8,10,6,1
2026-03-08 02:00:00,Academic Block,17.47,21.78,5,6,20,6,2
2026-03-08 02:00:00,Computer Lab,15.52,20.7,4,5,45,6,2
2026-03-08 02:00:00,Library,8.7,19.47,5,3,15,6,2
2026-03-08 02:00:00,Hostel A,19.14,19.97,35,8,10,6,2
2026-03-08 03:00:00,Academic Block,18.2,20.56,5,6,20,6,3
2026-03-08 03:00:00,Computer Lab,15.11,19.2,4,5,45,6,3
2026-03-08 03:00:00,Library,11.68,22.69,5,3,15,6,3
2026-03-08 03:00:00,Hostel A,19.32,21.36,35,8,10,6,3
2026-03-08 04:00:00,Academic Block,21.14,21.51,5,6,20,6,4
2026-03-08 04:00:00,Computer Lab,15.92,24.98,4,5,45,6,4
2026-03-08 04:00:00,Library,9.6,25.61,5,3,15,6,4
2026-03-08 04:00:00,Hostel A,17.89,21.0,35,8,10,6,4
2026-03-08 05:00:00,Academic Block,22.17,23.44,5,6,20,6,5
2026-03-08 05:00:00,Computer Lab,14.38,23.37,4,5,45,6,5
2026-03-08 05:00:00,Library,12.34,22.63,5,3,15,6,5
2026-03-08 05:00:00,Hostel A,18.22,24.9,35,8,10,6,5
2026-03-08 06:00:00,Academic Block,17.01,22.75,5,6,20,6,6
2026-03-08 06:00:00,Computer Lab,18.31,27.07,4,5,45,6,6
2026-03-08 06:00:00,Library,13.43,25.08,5,3,15,6,6
2026-03-08 06:00:00,Hostel A,25.37,27.35,80,8,10,6,6
2026-03-08 07:00:00,Academic Block,18.21,26.27,5,6,20,6,7
2026-03-08 07:00:00,Computer Lab,13.44,25.95,4,5,45,6,7
2026-03-08 07:00:00,Library,8.04,24.51,5,3,15,6,7
2026-03-08 07:00:00,Hostel A,24.11,27.6,80,8,10,6,7
2026-03-08 08:00:00,Academic Block,28.94,29.84,5,6,20,6,8
2026-03-08 08:00:00,Computer Lab,24.66,29.58,4,5,45,6,8
2026-03-08 08:00:00,Library,12.55,25.62,5,3,15,6,8
2026-03-08 08:00:00,Hostel A,31.76,29.18,80,8,10,6,8
2026-03-08 09:00:00,Academic Block,22.72,28.14,5,6,20,6,9
2026-03-08 09:00:00,Computer Lab,21.61,28.39,4,5,45,6,9
2026-03-08 09:00:00,Library,12.03,28.11,5,3,15,6,9
2026-03-08 09:00:00,Hostel A,24.93,27.84,35,8,10,6,9
2026-03-08 10:00:00,Academic Block,26.89,29.08,5,6,20,6,10
2026-03-08 10:00:00,Computer Lab,19.98,28.21,4,5,45,6,10
2026-03-08 10:00:00,Library,20.17,31.02,5,3,15,6,10
2026-03-08 10:00:00,Hostel A,33.84,30.2,35,8,10,6,10
2026-03-08 11:00:00,Academic Block,29.93,30.12,5,6,20,6,11
2026-03-08 11:00:00,Computer Lab,24.65,29.41,4,5,45,6,11
2026-03-08 11:00:00,Library,17.92,29.2,5,3,15,6,11
2026-03-08 11:00:00,Hostel A,37.8,30.38,35,8,10,6,11
2026-03-08 12:00:00,Academic Block,28.9,30.33,5,6,20,6,12
2026-03-08 12:00:00,Computer Lab,30.61,31.4,4,5,45,6,12
2026-03-08 12:00:00,Library,27.5,32.41,5,3,15,6,12
2026-03-08 12:00:00,Hostel A,31.49,29.39,35,8,10,6,12
2026-03-08 13:00:00,Academic Block,27.51,29.12,5,6,20,6,13
2026-03-08 13:00:00,Computer Lab,30.21,30.64,4,5,45,6,13
2026-03-08 13:00:00,Library,21.7,30.9,5,3,15,6,13
2026-03-08 13:00:00,Hostel A,44.2,32.81,35,8,10,6,13
2026-03-08 14:00:00,Academic Block,19.38,27.4,5,6,20,6,14
2026-03-08 14:00:00,Computer Lab,29.87,31.1,4,5,45,6,14
2026-03-08 14:00:00,Library,17.39,29.52,5,3,15,6,14
2026-03-08 14:00:00,Hostel A,26.67,28.79,35,8,10,6,14
2026-03-08 15:00:00,Academic Block,27.31,29.1,5,6,20,6,15
2026-03-08 15:00:00,Computer Lab,24.06,29.06,4,5,45,6,15
2026-03-08 15:00:00,Library,12.35,28.02,5,3,15,6,15
2026-03-08 15:00:00,Hostel A,24.44,26.68,35,8,10,6,15
2026-03-08 16:00:00,Academic Block,30.07,29.27,5,6,20,6,16
2026-03-08 16:00:00,Computer Lab,16.65,26.69,4,5,45,6,16
2026-03-08 16:00:00,Library,9.39,26.52,5,3,15,6,16
2026-03-08 16:00:00,Hostel A,22.05,26.79,35,8,10,6,16
2026-03-08 17:00:00,Academic Block,19.71,27.3,5,6,20,6,17
2026-03-08 17:00:00,Computer Lab,16.79,25.92,4,5,45,6,17
2026-03-08 17:00:00,Library,10.74,25.61,5,3,15,6,17
2026-03-08 17:00:00,Hostel A,20.62,26.78,35,8,10,6,17
2026-03-08 18:00:00,Academic Block,18.28,25.3,12,6,20,6,18
2026-03-08 18:00:00,Computer Lab,13.97,24.34,4,5,45,6,18
2026-03-08 18:00:00,Library,10.45,23.13,5,3,15,6,18
2026-03-08 18:00:00,Hostel A,20.48,25.98,80,8,10,6,18
2026-03-08 19:00:00,Academic Block,20.44,24.03,12,6,20,6,19
2026-03-08 19:00:00,Computer Lab,15.26,21.5,4,5,45,6,19
2026-03-08 19:00:00,Library,11.45,25.68,5,3,15,6,19
2026-03-08 19:00:00,Hostel A,23.54,21.46,80,8,10,6,19
2026-03-08 20:00:00,Academic Block,20.3,21.6,12,6,20,6,20
2026-03-08 20:00:00,Computer Lab,15.59,21.67,4,5,45,6,20
2026-03-08 20:00:00,Library,10.63,21.85,5,3,15,6,20
2026-03-08 20:00:00,Hostel A,22.21,21.82,80,8,10,6,20
2026-03-08 21:00:00,Academic Block,20.0,20.05,12,6,20,6,21
2026-03-08 21:00:00,Computer Lab,13.25,21.67,4,5,45,6,21
2026-03-08 21:00:00,Library,10.36,22.66,5,3,15,6,21
2026-03-08 21:00:00,Hostel A,23.7,21.66,80,8,10,6,21
2026-03-08 22:00:00,Academic Block,20.45,21.06,5,6,20,6,22
2026-03-08 22:00:00,Computer Lab,17.22,20.32,4,5,45,6,22
2026-03-08 22:00:00,Library,11.39,20.82,5,3,15,6,22
2026-03-08 22:00:00,Hostel A,24.41,21.15,80,8,10,6,22
2026-03-08 23:00:00,Academic Block,18.04,21.04,5,6,20,6,23
2026-03-08 23:00:00,Computer Lab,15.6,19.4,4,5,45,6,23
2026-03-08 23:00:00,Library,9.05,19.26,5,3,15,6,23
2026-03-08 23:00:00,Hostel A,16.63,17.62,35,8,10,6,23
2026-03-09 00:00:00,Academic Block,17.72,22.38,5,6,20,0,0
2026-03-09 00:00:00,Computer Lab,16.27,22.28,4,5,45,0,0
2026-03-09 00:00:00,Library,8.37,19.94,5,3,15,0,0
2026-03-09 00:00:00,Hostel A,21.79,20.01,35,8,10,0,0
2026-03-09 01:00:00,Academic Block,19.11,22.04,5,6,20,0,1
2026-03-09 01:00:00,Computer Lab,14.23,18.79,4,5,45,0,1
2026-03-09 01:00:00,Library,12.54,19.15,5,3,15,0,1
2026-03-09 01:00:00,Hostel A,19.24,22.13,35,8,10,0,1
2026-03-09 02:00:00,Academic Block,21.02,20.31,5,6,20,0,2
2026-03-09 02:00:00,Computer Lab,15.75,19.5,4,5,45,0,2
2026-03-09 02:00:00,Library,9.33,21.23,5,3,15,0,2
2026-03-09 02:00:00,Hostel A,17.88,19.91,35,8,10,0,2
2026-03-09 03:00:00,Academic Block,21.57,23.16,5,6,20,0,3
2026-03-09 03:00:00,Computer Lab,15.27,21.6,4,5,45,0,3
2026-03-09 03:00:00,Library,10.63,20.74,5,3,15,0,3
2026-03-09 03:00:00,Hostel A,18.8,20.8,35,8,10,0,3
2026-03-09 04:00:00,Academic Block,18.09,23.0,5,6,20,0,4
2026-03-09 04:00:00,Computer Lab,15.39,22.27,4,5,45,0,4
2026-03-09 04:00:00,Library,9.96,22.12,5,3,15,0,4
2026-03-09 04:00:00,Hostel A,16.29,23.41,35,8,10,0,4
2026-03-09 05:00:00,Academic Block,18.9,25.6,5,6,20,0,5
2026-03-09 05:00:00,Computer Lab,16.76,24.44,4,5,45,0,5
2026-03-09 05:00:00,Library,9.25,22.86,5,3,15,0,5
2026-03-09 05:00:00,Hostel A,18.58,22.47,35,8,10,0,5
2026-03-09 06:00:00,Academic Block,17.82,25.84,5,6,20,0,6
2026-03-09 06:00:00,Computer Lab,12.12,25.73,4,5,45,0,6
2026-03-09 06:00:00,Library,12.38,24.54,5,3,15,0,6
2026-03-09 06:00:00,Hostel A,21.31,24.79,80,8,10,0,6
2026-03-09 07:00:00,Academic Block,14.16,25.51,5,6,20,0,7
2026-03-09 07:00:00,Computer Lab,17.26,25.08,4,5,45,0,7
2026-03-09 07:00:00,Library,9.93,25.59,5,3,15,0,7
2026-03-09 07:00:00,Hostel A,20.1,23.5,80,8,10,0,7
2026-03-09 08:00:00,Academic Block,30.97,28.93,45,6,20,0,8
2026-03-09 08:00:00,Computer Lab,14.72,25.94,4,5,45,0,8
2026-03-09 08:00:00,Library,11.37,27.46,5,3,15,0,8
2026-03-09 08:00:00,Hostel A,22.31,25.1,80,8,10,0,8
2026-03-09 09:00:00,Academic Block,31.97,29.22,45,6,20,0,9
2026-03-09 09:00:00,Computer Lab,25.76,29.59,40,5,45,0,9
2026-03-09 09:00:00,Library,17.15,28.61,25,3,15,0,9
2026-03-09 09:00:00,Hostel A,26.04,28.43,35,8,10,0,9
2026-03-09 10:00:00,Academic Block,24.15,28.54,45,6,20,0,10
2026-03-09 10:00:00,Computer Lab,32.18,30.72,40,5,45,0,10
2026-03-09 10:00:00,Library,15.68,27.55,25,3,15,0,10
2026-03-09 10:00:00,Hostel A,27.25,28.79,35,8,10,0,10
2026-03-09 11:00:00,Academic Block,30.78,28.91,45,6,20,0,11
2026-03-09 11:00:00,Computer Lab,24.19,28.87,40,5,45,0,11
2026-03-09 11:00:00,Library,23.62,31.19,25,3,15,0,11
2026-03-09 11:00:00,Hostel A,32.53,29.65,35,8,10,0,11
2026-03-09 12:00:00,Academic Block,30.29,29.2,45,6,20,0,12
2026-03-09 12:00:00,Computer Lab,28.24,30.37,40,5,45,0,12
2026-03-09 12:00:00,Library,20.49,30.27,25,3,15,0,12
2026-03-09 12:00:00,Hostel A,38.08,31.03,35,8,10,0,12
2026-03-09 13:00:00,Academic Block,32.53,30.33,45,6,20,0,13
2026-03-09 13:00:00,Computer Lab,26.71,29.71,40,5,45,0,13
2026-03-09 13:00:00,Library,16.98,29.79,25,3,15,0,13
2026-03-09 13:00:00,Hostel A,26.25,27.98,35,8,10,0,13
2026-03-09 14:00:00,Academic Block,32.47,29.77,45,6,20,0,14
2026-03-09 14:00:00,Computer Lab,22.23,28.24,40,5,45,0,14
2026-03-09 14:00:00,Library,19.41,29.57,25,3,15,0,14
2026-03-09 14:00:00,Hostel A,37.65,31.19,35,8,10,0,14
2026-03-09 15:00:00,Academic Block,26.84,28.61,45,6,20,0,15
2026-03-09 15:00:00,Computer Lab,23.69,28.1,40,5,45,0,15
2026-03-09 15:00:00,Library,15.56,28.09,25,3,15,0,15
2026-03-09 15:00:00,Hostel A,30.72,28.93,35,8,10,0,15
2026-03-09 16:00:00,Academic Block,27.38,27.67,45,6,20,0,16
2026-03-09 16:00:00,Computer Lab,25.5,28.25,40,5,45,0,16
2026-03-09 16:00:00,Library,12.99,26.77,25,3,15,0,16
2026-03-09 16:00:00,Hostel A,22.25,27.26,35,8,10,0,16
2026-03-09 17:00:00,Academic Block,24.35,27.24,45,6,20,0,17
2026-03-09 17:00:00,Computer Lab,20.2,27.35,40,5,45,0,17
2026-03-09 17:00:00,Library,16.02,27.36,25,3,15,0,17
2026-03-09 17:00:00,Hostel A,21.0,27.11,35,8,10,0,17
2026-03-09 18:00:00,Academic Block,17.92,25.86,12,6,20,0,18
2026-03-09 18:00:00,Computer Lab,16.12,25.24,4,5,45,0,18
2026-03-09 18:00:00,Library,12.94,23.4,25,3,15,0,18
2026-03-09 18:00:00,Hostel A,21.91,23.5,80,8,10,0,18
2026-03-09 19:00:00,Academic Block,18.16,23.75,12,6,20,0,19
2026-03-09 19:00:00,Computer Lab,15.77,23.8,4,5,45,0,19
2026-03-09 19:00:00,Library,13.08,22.72,25,3,15,0,19
2026-03-09 19:00:00,Hostel A,25.98,22.79,80,8,10,0,19
2026-03-09 20:00:00,Academic Block,17.5,22.37,12,6,20,0,20
2026-03-09 20:00:00,Computer Lab,17.39,21.32,4,5,45,0,20
2026-03-09 20:00:00,Library,10.18,22.01,25,3,15,0,20
2026-03-09 20:00:00,Hostel A,21.93,23.52,80,8,10,0,20
2026-03-09 21:00:00,Academic Block,20.66,22.25,12,6,20,0,21
2026-03-09 21:00:00,Computer Lab,19.26,21.79,4,5,45,0,21
2026-03-09 21:00:00,Library,9.4,19.39,5,3,15,0,21
2026-03-09 21:00:00,Hostel A,25.94,21.16,80,8,10,0,21
2026-03-09 22:00:00,Academic Block,20.63,22.83,5,6,20,0,22
2026-03-09 22:00:00,Computer Lab,14.65,19.72,4,5,45,0,22
2026-03-09 22:00:00,Library,9.45,19.68,5,3,15,0,22
2026-03-09 22:00:00,Hostel A,22.18,22.46,80,8,10,0,22
2026-03-09 23:00:00,Academic Block,19.86,20.04,5,6,20,0,23
2026-03-09 23:00:00,Computer Lab,15.75,18.17,4,5,45,0,23
2026-03-09 23:00:00,Library,10.18,18.85,5,3,15,0,23
2026-03-09 23:00:00,Hostel A,17.99,19.47,35,8,10,0,23
2026-03-10 00:00:00,Academic Block,19.03,20.27,5,6,20,1,0
2026-03-10 00:00:00,Computer Lab,16.23,19.74,4,5,45,1,0
2026-03-10 00:00:00,Library,11.65,18.96,5,3,15,1,0
2026-03-10 00:00:00,Hostel A,18.22,19.75,35,8,10,1,0
2026-03-10 01:00:00,Academic Block,18.34,19.22,5,6,20,1,1
2026-03-10 01:00:00,Computer Lab,15.58,22.42,4,5,45,1,1
2026-03-10 01:00:00,Library,12.0,18.8,5,3,15,1,1
2026-03-10 01:00:00,Hostel A,19.38,19.6,35,8,10,1,1
2026-03-10 02:00:00,Academic Block,20.62,19.94,5,6,20,1,2
2026-03-10 02:00:00,Computer Lab,17.77,19.96,4,5,45,1,2
2026-03-10 02:00:00,Library,10.19,19.41,5,3,15,1,2
2026-03-10 02:00:00,Hostel A,19.2,22.35,35,8,10,1,2
2026-03-10 03:00:00,Academic Block,18.3,24.19,5,6,20,1,3
2026-03-10 03:00:00,Computer Lab,18.53,21.77,4,5,45,1,3
2026-03-10 03:00:00,Library,8.17,19.65,5,3,15,1,3
2026-03-10 03:00:00,Hostel A,20.17,20.51,35,8,10,1,3
2026-03-10 04:00:00,Academic Block,19.6,20.57,5,6,20,1,4
2026-03-10 04:00:00,Computer Lab,18.69,23.13,4,5,45,1,4
2026-03-10 04:00:00,Library,11.17,23.75,5,3,15,1,4
2026-03-10 04:00:00,Hostel A,19.76,24.13,35,8,10,1,4
2026-03-10 05:00:00,Academic Block,16.98,23.15,5,6,20,1,5
2026-03-10 05:00:00,Computer Lab,15.61,23.02,4,5,45,1,5
2026-03-10 05:00:00,Library,7.42,23.92,5,3,15,1,5
2026-03-10 05:00:00,Hostel A,18.99,23.44,35,8,10,1,5
2026-03-10 06:00:00,Academic Block,21.14,25.66,5,6,20,1,6
2026-03-10 06:00:00,Computer Lab,14.31,25.22,4,5,45,1,6
2026-03-10 06:00:00,Library,11.66,22.82,5,3,15,1,6
2026-03-10 06:00:00,Hostel A,23.85,23.96,80,8,10,1,6
2026-03-10 07:00:00,Academic Block,21.18,27.97,5,6,20,1,7
2026-03-10 07:00:00,Computer Lab,18.95,26.96,4,5,45,1,7
2026-03-10 07:00:00,Library,10.15,27.52,5,3,15,1,7
2026-03-10 07:00:00,Hostel A,20.63,25.27,80,8,10,1,7
2026-03-10 08:00:00,Academic Block,27.87,28.13,45,6,20,1,8
2026-03-10 08:00:00,Computer Lab,15.22,24.26,4,5,45,1,8
2026-03-10 08:00:00,Library,15.83,28.46,5,3,15,1,8
2026-03-10 08:00:00,Hostel A,26.24,27.68,80,8,10,1,8
2026-03-10 09:00:00,Academic Block,24.2,27.26,45,6,20,1,9
2026-03-10 09:00:00,Computer Lab,25.91,28.6,40,5,45,1,9
2026-03-10 09:00:00,Library,19.56,29.37,25,3,15,1,9
2026-03-10 09:00:00,Hostel A,31.76,29.85,35,8,10,1,9
2026-03-10 10:00:00,Academic Block,26.11,27.6,45,6,20,1,10
2026-03-10 10:00:00,Computer Lab,28.51,29.48,40,5,45,1,10
2026-03-10 10:00:00,Library,18.3,27.81,25,3,15,1,10
2026-03-10 10:00:00,Hostel A,33.29,30.18,35,8,10,1,10
2026-03-10 11:00:00,Academic Block,30.89,28.71,45,6,20,1,11
2026-03-10 11:00:00,Computer Lab,28.09,28.51,40,5,45,1,11
2026-03-10 11:00:00,Library,21.34,29.09,25,3,15,1,11
2026-03-10 11:00:00,Hostel A,33.68,29.61,35,8,10,1,11
2026-03-10 12:00:00,Academic Block,30.74,29.12,45,6,20,1,12
2026-03-10 12:00:00,Computer Lab,33.44,30.97,40,5,45,1,12
2026-03-10 12:00:00,Library,23.48,31.32,25,3,15,1,12
2026-03-10 12:00:00,Hostel A,35.25,30.1,35,8,10,1,12
2026-03-10 13:00:00,Academic Block,31.1,28.98,45,6,20,1,13
2026-03-10 13:00:00,Computer Lab,28.34,29.57,40,5,45,1,13
2026-03-10 13:00:00,Library,19.62,29.93,25,3,15,1,13
2026-03-10 13:00:00,Hostel A,31.14,29.52,35,8,10,1,13
2026-03-10 14:00:00,Academic Block,33.38,29.21,45,6,20,1,14
2026-03-10 14:00:00,Computer Lab,31.54,30.54,40,5,45,1,14
2026-03-10 14:00:00,Library,15.85,28.41,25,3,15,1,14
2026-03-10 14:00:00,Hostel A,38.57,31.7,35,8,10,1,14
2026-03-10 15:00:00,Academic Block,29.69,28.67,45,6,20,1,15
2026-03-10 15:00:00,Computer Lab,22.11,28.16,40,5,45,1,15
2026-03-10 15:00:00,Library,14.26,27.59,25,3,15,1,15
2026-03-10 15:00:00,Hostel A,25.21,27.68,35,8,10,1,15
2026-03-10 16:00:00,Academic Block,24.23,27.49,45,6,20,1,16
2026-03-10 16:00:00,Computer Lab,22.93,27.63,40,5,45,1,16
2026-03-10 16:00:00,Library,15.19,27.09,25,3,15,1,16
2026-03-10 16:00:00,Hostel A,20.71,25.97,35,8,10,1,16
2026-03-10 17:00:00,Academic Block,22.22,26.28,45,6,20,1,17
2026-03-10 17:00:00,Computer Lab,16.71,25.46,40,5,45,1,17
2026-03-10 17:00:00,Library,11.08,24.29,25,3,15,1,17
2026-03-10 17:00:00,Hostel A,18.91,27.0,35,8,10,1,17
2026-03-10 18:00:00,Academic Block,17.9,23.14,12,6,20,1,18
2026-03-10 18:00:00,Computer Lab,15.15,24.54,4,5,45,1,18
2026-03-10 18:00:00,Library,13.77,24.85,25,3,15,1,18
2026-03-10 18:00:00,Hostel A,26.26,26.5,80,8,10,1,18
2026-03-10 19:00:00,Academic Block,17.98,21.76,12,6,20,1,19
2026-03-10 19:00:00,Computer Lab,14.99,24.54,4,5,45,1,19
2026-03-10 19:00:00,Library,12.54,24.74,25,3,15,1,19
2026-03-10 19:00:00,Hostel A,24.11,25.6,80,8,10,1,19
2026-03-10 20:00:00,Academic Block,18.64,23.77,12,6,20,1,20
2026-03-10 20:00:00,Computer Lab,15.21,22.38,4,5,45,1,20
2026-03-10 20:00:00,Library,14.43,20.69,25,3,15,1,20
2026-03-10 20:00:00,Hostel A,22.03,23.39,80,8,10,1,20
2026-03-10 21:00:00,Academic Block,18.31,23.03,12,6,20,1,21
2026-03-10 21:00:00,Computer Lab,17.18,19.26,4,5,45,1,21
2026-03-10 21:00:00,Library,10.33,19.93,5,3,15,1,21
2026-03-10 21:00:00,Hostel A,23.13,21.71,80,8,10,1,21
2026-03-10 22:00:00,Academic Block,19.57,21.69,5,6,20,1,22
2026-03-10 22:00:00,Computer Lab,14.48,21.33,4,5,45,1,22
2026-03-10 22:00:00,Library,8.37,21.02,5,3,15,1,22
2026-03-10 22:00:00,Hostel A,20.45,22.54,80,8,10,1,22
2026-03-10 23:00:00,Academic Block,16.72,19.75,5,6,20,1,23
2026-03-10 23:00:00,Computer Lab,15.69,19.29,4,5,45,1,23
2026-03-10 23:00:00,Library,12.34,19.54,5,3,15,1,23
2026-03-10 23:00:00,Hostel A,18.26,20.44,35,8,10,1,23
2026-03-11 00:00:00,Academic Block,20.53,19.84,5,6,20,2,0
2026-03-11 00:00:00,Computer Lab,13.96,21.09,4,5,45,2,0
2026-03-11 00:00:00,Library,11.34,19.18,5,3,15,2,0
2026-03-11 00:00:00,Hostel A,17.37,20.42,35,8,10,2,0
2026-03-11 01:00:00,Academic Block,17.36,21.07,5,6,20,2,1
2026-03-11 01:00:00,Computer Lab,16.46,21.73,4,5,45,2,1
2026-03-11 01:00:00,Library,9.83,18.81,5,3,15,2,1
2026-03-11 01:00:00,Hostel A,19.19,19.51,35,8,10,2,1
2026-03-11 02:00:00,Academic Block,16.98,20.43,5,6,20,2,2
2026-03-11 02:00:00,Computer Lab,16.49,19.0,4,5,45,2,2
2026-03-11 02:00:00,Library,10.78,21.01,5,3,15,2,2
2026-03-11 02:00:00,Hostel A,18.02,20.99,35,8,10,2,2
2026-03-11 03:00:00,Academic Block,22.51,21.69,5,6,20,2,3
2026-03-11 03:00:00,Computer Lab,15.24,22.87,4,5,45,2,3
2026-03-11 03:00:00,Library,6.33,20.84,5,3,15,2,3
2026-03-11 03:00:00,Hostel A,20.13,22.75,35,8,10,2,3
2026-03-11 04:00:00,Academic Block,16.55,21.85,5,6,20,2,4
2026-03-11 04:00:00,Computer Lab,16.34,21.11,4,5,45,2,4
2026-03-11 04:00:00,Library,11.66,22.39,5,3,15,2,4
2026-03-11 04:00:00,Hostel A,20.4,22.6,35,8,10,2,4
2026-03-11 05:00:00,Academic Block,19.94,24.15,5,6,20,2,5
2026-03-11 05:00:00,Computer Lab,13.82,21.2,4,5,45,2,5
2026-03-11 05:00:00,Library,12.24,23.27,5,3,15,2,5
2026-03-11 05:00:00,Hostel A,18.7,25.96,35,8,10,2,5
2026-03-11 06:00:00,Academic Block,15.77,24.27,5,6,20,2,6
2026-03-11 06:00:00,Computer Lab,14.9,26.04,4,5,45,2,6
2026-03-11 06:00:00,Library,14.71,28.55,5,3,15,2,6
2026-03-11 06:00:00,Hostel A,27.28,27.53,80,8,10,2,6
2026-03-11 07:00:00,Academic Block,19.05,25.06,5,6,20,2,7
2026-03-11 07:00:00,Computer Lab,17.42,27.22,4,5,45,2,7
2026-03-11 07:00:00,Library,13.98,27.3,5,3,15,2,7
2026-03-11 07:00:00,Hostel A,23.97,27.01,80,8,10,2,7
2026-03-11 08:00:00,Academic Block,21.91,26.09,45,6,20,2,8
2026-03-11 08:00:00,Computer Lab,16.5,27.71,4,5,45,2,8
2026-03-11 08:00:00,Library,13.6,27.7,5,3,15,2,8
2026-03-11 08:00:00,Hostel A,22.05,25.94,80,8,10,2,8
2026-03-11 09:00:00,Academic Block,30.26,28.16,45,6,20,2,9
2026-03-11 09:00:00,Computer Lab,27.17,28.8,40,5,45,2,9
2026-03-11 09:00:00,Library,14.23,28.39,25,3,15,2,9
2026-03-11 09:00:00,Hostel A,29.2,29.34,35,8,10,2,9
2026-03-11 10:00:00,Academic Block,28.47,28.93,45,6,20,2,10
2026-03-11 10:00:00,Computer Lab,29.16,29.42,40,5,45,2,10
2026-03-11 10:00:00,Library,24.46,30.45,25,3,15,2,10
2026-03-11 10:00:00,Hostel A,35.78,31.4,35,8,10,2,10
2026-03-11 11:00:00,Academic Block,25.48,28.4,45,6,20,2,11
2026-03-11 11:00:00,Computer Lab,30.21,30.59,40,5,45,2,11
2026-03-11 11:00:00,Library,18.79,29.24,25,3,15,2,11
2026-03-11 11:00:00,Hostel A,31.93,30.29,35,8,10,2,11
2026-03-11 12:00:00,Academic Block,28.51,28.49,45,6,20,2,12
2026-03-11 12:00:00,Computer Lab,33.89,31.44,40,5,45,2,12
2026-03-11 12:00:00,Library,15.43,29.05,25,3,15,2,12
2026-03-11 12:00:00,Hostel A,36.65,31.14,35,8,10,2,12
2026-03-11 13:00:00,Academic Block,25.81,28.45,45,6,20,2,13
2026-03-11 13:00:00,Computer Lab,21.98,28.1,40,5,45,2,13
2026-03-11 13:00:00,Library,18.04,29.54,25,3,15,2,13
2026-03-11 13:00:00,Hostel A,32.8,30.05,35,8,10,2,13
2026-03-11 14:00:00,Academic Block,38.23,32.0,45,6,20,2,14
2026-03-11 14:00:00,Computer Lab,28.16,29.52,40,5,45,2,14
2026-03-11 14:00:00,Library,16.45,28.09,25,3,15,2,14
2026-03-11 14:00:00,Hostel A,34.16,30.25,35,8,10,2,14
2026-03-11 15:00:00,Academic Block,31.22,30.2,45,6,20,2,15
2026-03-11 15:00:00,Computer Lab,23.82,27.52,40,5,45,2,15
2026-03-11 15:00:00,Library,20.88,29.63,25,3,15,2,15
2026-03-11 15:00:00,Hostel A,30.14,30.02,35,8,10,2,15
2026-03-11 16:00:00,Academic Block,29.99,28.45,45,6,20,2,16
2026-03-11 16:00:00,Computer Lab,23.49,26.71,40,5,45,2,16
2026-03-11 16:00:00,Library,12.14,27.74,25,3,15,2,16
2026-03-11 16:00:00,Hostel A,23.29,27.96,35,8,10,2,16
2026-03-11 17:00:00,Academic Block,26.54,27.69,45,6,20,2,17
2026-03-11 17:00:00,Computer Lab,20.8,25.58,40,5,45,2,17
2026-03-11 17:00:00,Library,13.42,27.42,25,3,15,2,17
2026-03-11 17:00:00,Hostel A,19.88,26.11,35,8,10,2,17
2026-03-11 18:00:00,Academic Block,18.76,24.56,12,6,20,2,18
2026-03-11 18:00:00,Computer Lab,14.07,25.04,4,5,45,2,18
2026-03-11 18:00:00,Library,12.58,22.32,25,3,15,2,18
2026-03-11 18:00:00,Hostel A,21.06,22.61,80,8,10,2,18
2026-03-11 19:00:00,Academic Block,16.79,21.58,12,6,20,2,19
2026-03-11 19:00:00,Computer Lab,15.34,24.22,4,5,45,2,19
2026-03-11 19:00:00,Library,10.25,23.4,25,3,15,2,19
2026-03-11 19:00:00,Hostel A,23.11,22.92,80,8,10,2,19
2026-03-11 20:00:00,Academic Block,20.49,22.44,12,6,20,2,20
2026-03-11 20:00:00,Computer Lab,15.29,23.66,4,5,45,2,20
2026-03-11 20:00:00,Library,11.09,20.28,25,3,15,2,20
2026-03-11 20:00:00,Hostel A,21.39,22.38,80,8,10,2,20
2026-03-11 21:00:00,Academic Block,19.36,20.2,12,6,20,2,21
2026-03-11 21:00:00,Computer Lab,14.94,24.38,4,5,45,2,21
2026-03-11 21:00:00,Library,8.66,21.46,5,3,15,2,21
2026-03-11 21:00:00,Hostel A,23.86,22.96,80,8,10,2,21
2026-03-11 22:00:00,Academic Block,20.74,21.64,5,6,20,2,22
2026-03-11 22:00:00,Computer Lab,15.22,20.16,4,5,45,2,22
2026-03-11 22:00:00,Library,11.57,22.72,5,3,15,2,22
2026-03-11 22:00:00,Hostel A,23.23,18.01,80,8,10,2,22
2026-03-11 23:00:00,Academic Block,20.05,19.47,5,6,20,2,23
2026-03-11 23:00:00,Computer Lab,13.06,20.66,4,5,45,2,23
2026-03-11 23:00:00,Library,10.94,20.49,5,3,15,2,23
2026-03-11 23:00:00,Hostel A,19.81,20.61,35,8,10,2,23
2026-03-12 00:00:00,Academic Block,19.32,21.8,5,6,20,3,0
2026-03-12 00:00:00,Computer Lab,17.39,20.03,4,5,45,3,0
2026-03-12 00:00:00,Library,12.0,22.69,5,3,15,3,0
2026-03-12 00:00:00,Hostel A,19.6,20.25,35,8,10,3,0
2026-03-12 01:00:00,Academic Block,18.73,20.48,5,6,20,3,1
2026-03-12 01:00:00,Computer Lab,14.55,22.77,4,5,45,3,1
2026-03-12 01:00:00,Library,10.44,21.56,5,3,15,3,1
2026-03-12 01:00:00,Hostel A,18.67,18.39,35,8,10,3,1
2026-03-12 02:00:00,Academic Block,19.57,20.01,5,6,20,3,2
2026-03-12 02:00:00,Computer Lab,14.14,20.78,4,5,45,3,2
2026-03-12 02:00:00,Library,12.26,22.44,5,3,15,3,2
2026-03-12 02:00:00,Hostel A,19.31,22.57,35,8,10,3,2
2026-03-12 03:00:00,Academic Block,19.76,21.42,5,6,20,3,3
2026-03-12 03:00:00,Computer Lab,15.87,20.77,4,5,45,3,3
2026-03-12 03:00:00,Library,8.43,21.25,5,3,15,3,3
2026-03-12 03:00:00,Hostel A,18.29,21.62,35,8,10,3,3
2026-03-12 04:00:00,Academic Block,19.25,22.21,5,6,20,3,4
2026-03-12 04:00:00,Computer Lab,14.4,24.03,4,5,45,3,4
2026-03-12 04:00:00,Library,9.48,22.1,5,3,15,3,4
2026-03-12 04:00:00,Hostel A,18.06,21.5,35,8,10,3,4
2026-03-12 05:00:00,Academic Block,19.58,23.47,5,6,20,3,5
2026-03-12 05:00:00,Computer Lab,14.08,24.09,4,5,45,3,5
2026-03-12 05:00:00,Library,12.04,25.26,5,3,15,3,5
2026-03-12 05:00:00,Hostel A,20.79,22.62,35,8,10,3,5
2026-03-12 06:00:00,Academic Block,18.47,25.39,5,6,20,3,6
2026-03-12 06:00:00,Computer Lab,15.63,25.43,4,5,45,3,6
2026-03-12 06:00:00,Library,10.91,25.65,5,3,15,3,6
2026-03-12 06:00:00,Hostel A,19.51,24.6,80,8,10,3,6
2026-03-12 07:00:00,Academic Block,19.44,26.93,5,6,20,3,7
2026-03-12 07:00:00,Computer Lab,18.51,27.23,4,5,45,3,7
2026-03-12 07:00:00,Library,12.16,25.88,5,3,15,3,7
2026-03-12 07:00:00,Hostel A,23.55,26.54,80,8,10,3,7
2026-03-12 08:00:00,Academic Block,27.0,27.33,45,6,20,3,8
2026-03-12 08:00:00,Computer Lab,16.09,26.64,4,5,45,3,8
2026-03-12 08:00:00,Library,11.74,26.02,5,3,15,3,8
2026-03-12 08:00:00,Hostel A,22.97,26.8,80,8,10,3,8
2026-03-12 09:00:00,Academic Block,26.6,27.92,45,6,20,3,9
2026-03-12 09:00:00,Computer Lab,16.69,27.03,40,5,45,3,9
2026-03-12 09:00:00,Library,15.56,29.08,25,3,15,3,9
2026-03-12 09:00:00,Hostel A,33.44,29.56,35,8,10,3,9
2026-03-12 10:00:00,Academic Block,32.71,29.13,45,6,20,3,10
2026-03-12 10:00:00,Computer Lab,29.6,29.3,40,5,45,3,10
2026-03-12 10:00:00,Library,14.45,28.78,25,3,15,3,10
2026-03-12 10:00:00,Hostel A,32.3,29.23,35,8,10,3,10
2026-03-12 11:00:00,Academic Block,34.68,30.47,45,6,20,3,11
2026-03-12 11:00:00,Computer Lab,31.56,30.22,40,5,45,3,11
2026-03-12 11:00:00,Library,24.25,29.73,25,3,15,3,11
2026-03-12 11:00:00,Hostel A,31.13,29.21,35,8,10,3,11
2026-03-12 12:00:00,Academic Block,35.95,30.91,45,6,20,3,12
2026-03-12 12:00:00,Computer Lab,29.32,29.49,40,5,45,3,12
2026-03-12 12:00:00,Library,21.91,30.17,25,3,15,3,12
2026-03-12 12:00:00,Hostel A,25.69,28.04,35,8,10,3,12
2026-03-12 13:00:00,Academic Block,34.31,30.17,45,6,20,3,13
2026-03-12 13:00:00,Computer Lab,48.86,30.26,40,5,45,3,13
2026-03-12 13:00:00,Library,18.45,29.12,25,3,15,3,13
2026-03-12 13:00:00,Hostel A,33.17,29.27,35,8,10,3,13
2026-03-12 14:00:00,Academic Block,33.83,30.42,45,6,20,3,14
2026-03-12 14:00:00,Computer Lab,56.66,31.77,40,5,45,3,14
2026-03-12 14:00:00,Library,20.77,29.37,25,3,15,3,14
2026-03-12 14:00:00,Hostel A,19.95,26.97,35,8,10,3,14
2026-03-12 15:00:00,Academic Block,26.57,27.85,45,6,20,3,15
2026-03-12 15:00:00,Computer Lab,43.02,28.98,40,5,45,3,15
2026-03-12 15:00:00,Library,18.62,28.39,25,3,15,3,15
2026-03-12 15:00:00,Hostel A,28.38,28.9,35,8,10,3,15
2026-03-12 16:00:00,Academic Block,28.42,27.68,45,6,20,3,16
2026-03-12 16:00:00,Computer Lab,21.41,27.71,40,5,45,3,16
2026-03-12 16:00:00,Library,10.07,25.21,25,3,15,3,16
2026-03-12 16:00:00,Hostel A,20.1,26.94,35,8,10,3,16
2026-03-12 17:00:00,Academic Block,22.43,25.63,45,6,20,3,17
2026-03-12 17:00:00,Computer Lab,17.18,25.61,40,5,45,3,17
2026-03-12 17:00:00,Library,15.75,27.03,25,3,15,3,17
2026-03-12 17:00:00,Hostel A,19.32,24.97,35,8,10,3,17
2026-03-12 18:00:00,Academic Block,17.05,22.71,12,6,20,3,18
2026-03-12 18:00:00,Computer Lab,17.37,24.29,4,5,45,3,18
2026-03-12 18:00:00,Library,11.0,24.07,25,3,15,3,18
2026-03-12 18:00:00,Hostel A,22.61,25.04,80,8,10,3,18
2026-03-12 19:00:00,Academic Block,22.24,22.76,12,6,20,3,19
2026-03-12 19:00:00,Computer Lab,15.84,23.39,4,5,45,3,19
2026-03-12 19:00:00,Library,12.88,23.22,25,3,15,3,19
2026-03-12 19:00:00,Hostel A,25.05,25.19,80,8,10,3,19
2026-03-12 20:00:00,Academic Block,20.91,21.59,12,6,20,3,20
2026-03-12 20:00:00,Computer Lab,17.13,23.16,4,5,45,3,20
2026-03-12 20:00:00,Library,11.94,22.39,25,3,15,3,20
2026-03-12 20:00:00,Hostel A,23.98,23.62,80,8,10,3,20
2026-03-12 21:00:00,Academic Block,19.56,23.34,12,6,20,3,21
2026-03-12 21:00:00,Computer Lab,11.98,21.34,4,5,45,3,21
2026-03-12 21:00:00,Library,10.03,19.53,5,3,15,3,21
2026-03-12 21:00:00,Hostel A,23.77,20.14,80,8,10,3,21
2026-03-12 22:00:00,Academic Block,17.95,19.1,5,6,20,3,22
2026-03-12 22:00:00,Computer Lab,17.48,20.12,4,5,45,3,22
2026-03-12 22:00:00,Library,11.3,19.94,5,3,15,3,22
2026-03-12 22:00:00,Hostel A,23.9,20.9,80,8,10,3,22
2026-03-12 23:00:00,Academic Block,18.65,21.19,5,6,20,3,23
2026-03-12 23:00:00,Computer Lab,15.32,18.13,4,5,45,3,23
2026-03-12 23:00:00,Library,11.05,20.15,5,3,15,3,23
2026-03-12 23:00:00,Hostel A,20.66,19.29,35,8,10,3,23
2026-03-13 00:00:00,Academic Block,17.32,20.02,5,6,20,4,0
2026-03-13 00:00:00,Computer Lab,18.56,19.45,4,5,45,4,0
2026-03-13 00:00:00,Library,12.2,20.8,5,3,15,4,0
2026-03-13 00:00:00,Hostel A,17.92,18.75,35,8,10,4,0
2026-03-13 01:00:00,Academic Block,18.98,19.35,5,6,20,4,1
2026-03-13 01:00:00,Computer Lab,14.94,19.96,4,5,45,4,1
2026-03-13 01:00:00,Library,9.43,19.73,5,3,15,4,1
2026-03-13 01:00:00,Hostel A,20.62,19.95,35,8,10,4,1
2026-03-13 02:00:00,Academic Block,19.22,18.85,5,6,20,4,2
2026-03-13 02:00:00,Computer Lab,15.4,22.33,4,5,45,4,2
2026-03-13 02:00:00,Library,12.01,20.04,5,3,15,4,2
2026-03-13 02:00:00,Hostel A,18.92,19.49,35,8,10,4,2
2026-03-13 03:00:00,Academic Block,15.89,20.22,5,6,20,4,3
2026-03-13 03:00:00,Computer Lab,13.77,21.28,4,5,45,4,3
2026-03-13 03:00:00,Library,12.3,21.45,5,3,15,4,3
2026-03-13 03:00:00,Hostel A,19.09,23.69,35,8,10,4,3
2026-03-13 04:00:00,Academic Block,19.3,23.72,5,6,20,4,4
2026-03-13 04:00:00,Computer Lab,12.78,22.04,4,5,45,4,4
2026-03-13 04:00:00,Library,9.05,24.45,5,3,15,4,4
2026-03-13 04:00:00,Hostel A,19.76,24.16,35,8,10,4,4
2026-03-13 05:00:00,Academic Block,19.17,22.53,5,6,20,4,5
2026-03-13 05:00:00,Computer Lab,18.35,26.27,4,5,45,4,5
2026-03-13 05:00:00,Library,9.56,23.09,5,3,15,4,5
2026-03-13 05:00:00,Hostel A,18.7,23.83,35,8,10,4,5
2026-03-13 06:00:00,Academic Block,20.42,26.44,5,6,20,4,6
2026-03-13 06:00:00,Computer Lab,16.36,22.97,4,5,45,4,6
2026-03-13 06:00:00,Library,10.68,24.79,5,3,15,4,6
2026-03-13 06:00:00,Hostel A,24.35,25.3,80,8,10,4,6
2026-03-13 07:00:00,Academic Block,20.61,27.47,5,6,20,4,7
2026-03-13 07:00:00,Computer Lab,15.31,26.22,4,5,45,4,7
2026-03-13 07:00:00,Library,10.46,24.28,5,3,15,4,7
2026-03-13 07:00:00,Hostel A,27.71,28.51,80,8,10,4,7
2026-03-13 08:00:00,Academic Block,24.86,27.47,45,6,20,4,8
2026-03-13 08:00:00,Computer Lab,18.29,27.85,4,5,45,4,8
2026-03-13 08:00:00,Library,8.56,25.79,5,3,15,4,8
2026-03-13 08:00:00,Hostel A,31.28,29.1,80,8,10,4,8
2026-03-13 09:00:00,Academic Block,29.73,27.94,45,6,20,4,9
2026-03-13 09:00:00,Computer Lab,22.53,27.65,40,5,45,4,9
2026-03-13 09:00:00,Library,22.04,29.81,25,3,15,4,9
2026-03-13 09:00:00,Hostel A,19.19,26.94,35,8,10,4,9
2026-03-13 10:00:00,Academic Block,35.62,29.69,45,6,20,4,10
2026-03-13 10:00:00,Computer Lab,23.67,28.42,40,5,45,4,10
2026-03-13 10:00:00,Library,21.5,29.83,25,3,15,4,10
2026-03-13 10:00:00,Hostel A,32.3,30.15,35,8,10,4,10
2026-03-13 11:00:00,Academic Block,31.29,29.19,45,6,20,4,11
2026-03-13 11:00:00,Computer Lab,33.28,31.34,40,5,45,4,11
2026-03-13 11:00:00,Library,18.95,29.8,25,3,15,4,11
2026-03-13 11:00:00,Hostel A,41.86,32.07,35,8,10,4,11
2026-03-13 12:00:00,Academic Block,38.37,31.29,45,6,20,4,12
2026-03-13 12:00:00,Computer Lab,27.47,30.1,40,5,45,4,12
2026-03-13 12:00:00,Library,16.53,27.42,25,3,15,4,12
2026-03-13 12:00:00,Hostel A,33.65,30.09,35,8,10,4,12
2026-03-13 13:00:00,Academic Block,26.6,28.33,45,6,20,4,13
2026-03-13 13:00:00,Computer Lab,35.49,31.1,40,5,45,4,13
2026-03-13 13:00:00,Library,19.74,29.08,25,3,15,4,13
2026-03-13 13:00:00,Hostel A,33.01,30.06,35,8,10,4,13
2026-03-13 14:00:00,Academic Block,38.55,31.55,45,6,20,4,14
2026-03-13 14:00:00,Computer Lab,32.55,30.82,40,5,45,4,14
2026-03-13 14:00:00,Library,21.34,29.31,25,3,15,4,14
2026-03-13 14:00:00,Hostel A,31.45,29.68,35,8,10,4,14
2026-03-13 15:00:00,Academic Block,36.34,30.19,45,6,20,4,15
2026-03-13 15:00:00,Computer Lab,23.5,29.98,40,5,45,4,15
2026-03-13 15:00:00,Library,19.0,29.06,25,3,15,4,15
2026-03-13 15:00:00,Hostel A,27.54,28.49,35,8,10,4,15
2026-03-13 16:00:00,Academic Block,27.16,27.81,45,6,20,4,16
2026-03-13 16:00:00,Computer Lab,22.76,27.18,40,5,45,4,16
2026-03-13 16:00:00,Library,17.95,28.43,25,3,15,4,16
2026-03-13 16:00:00,Hostel A,26.67,28.09,35,8,10,4,16
2026-03-13 17:00:00,Academic Block,24.95,27.52,45,6,20,4,17
2026-03-13 17:00:00,Computer Lab,21.73,27.48,40,5,45,4,17
2026-03-13 17:00:00,Library,19.18,28.59,25,3,15,4,17
2026-03-13 17:00:00,Hostel A,22.45,25.54,35,8,10,4,17
2026-03-13 18:00:00,Academic Block,20.22,22.48,12,6,20,4,18
2026-03-13 18:00:00,Computer Lab,18.49,24.16,4,5,45,4,18
2026-03-13 18:00:00,Library,11.03,25.3,25,3,15,4,18
2026-03-13 18:00:00,Hostel A,21.48,24.68,80,8,10,4,18
2026-03-13 19:00:00,Academic Block,18.77,23.34,12,6,20,4,19
2026-03-13 19:00:00,Computer Lab,16.08,22.8,4,5,45,4,19
2026-03-13 19:00:00,Library,10.73,24.18,25,3,15,4,19
2026-03-13 19:00:00,Hostel A,23.02,21.72,80,8,10,4,19
2026-03-13 20:00:00,Academic Block,20.36,23.14,12,6,20,4,20
2026-03-13 20:00:00,Computer Lab,18.03,23.16,4,5,45,4,20
2026-03-13 20:00:00,Library,16.24,23.7,25,3,15,4,20
2026-03-13 20:00:00,Hostel A,20.22,26.22,80,8,10,4,20
2026-03-13 21:00:00,Academic Block,19.25,18.83,12,6,20,4,21
2026-03-13 21:00:00,Computer Lab,15.56,22.07,4,5,45,4,21
2026-03-13 21:00:00,Library,10.22,22.31,5,3,15,4,21
2026-03-13 21:00:00,Hostel A,21.74,20.63,80,8,10,4,21
2026-03-13 22:00:00,Academic Block,19.97,20.43,5,6,20,4,22
2026-03-13 22:00:00,Computer Lab,15.24,20.09,4,5,45,4,22
2026-03-13 22:00:00,Library,10.33,21.35,5,3,15,4,22
2026-03-13 22:00:00,Hostel A,21.17,22.01,80,8,10,4,22
2026-03-13 23:00:00,Academic Block,19.16,18.81,5,6,20,4,23
2026-03-13 23:00:00,Computer Lab,14.37,20.66,4,5,45,4,23
2026-03-13 23:00:00,Library,13.51,21.78,5,3,15,4,23
2026-03-13 23:00:00,Hostel A,21.18,19.42,35,8,10,4,23
2026-03-14 00:00:00,Academic Block,20.31,17.14,5,6,20,5,0
2026-03-14 00:00:00,Computer Lab,17.13,18.97,4,5,45,5,0
2026-03-14 00:00:00,Library,10.52,18.85,5,3,15,5,0
2026-03-14 00:00:00,Hostel A,18.63,19.03,35,8,10,5,0
2026-03-14 01:00:00,Academic Block,18.54,22.37,5,6,20,5,1
2026-03-14 01:00:00,Computer Lab,15.09,22.7,4,5,45,5,1
2026-03-14 01:00:00,Library,8.19,21.96,5,3,15,5,1
2026-03-14 01:00:00,Hostel A,18.15,19.83,35,8,10,5,1
2026-03-14 02:00:00,Academic Block,18.98,22.52,5,6,20,5,2
2026-03-14 02:00:00,Computer Lab,13.7,18.16,4,5,45,5,2
2026-03-14 02:00:00,Library,12.03,19.45,5,3,15,5,2
2026-03-14 02:00:00,Hostel A,18.5,21.64,35,8,10,5,2
2026-03-14 03:00:00,Academic Block,19.77,20.81,5,6,20,5,3
2026-03-14 03:00:00,Computer Lab,16.36,20.11,4,5,45,5,3
2026-03-14 03:00:00,Library,10.21,21.91,5,3,15,5,3
2026-03-14 03:00:00,Hostel A,19.1,21.94,35,8,10,5,3
2026-03-14 04:00:00,Academic Block,16.7,23.1,5,6,20,5,4
2026-03-14 04:00:00,Computer Lab,17.21,23.24,4,5,45,5,4
2026-03-14 04:00:00,Library,11.53,22.89,5,3,15,5,4
2026-03-14 04:00:00,Hostel A,20.29,22.37,35,8,10,5,4
2026-03-14 05:00:00,Academic Block,16.98,23.78,5,6,20,5,5
2026-03-14 05:00:00,Computer Lab,13.22,24.69,4,5,45,5,5
2026-03-14 05:00:00,Library,10.05,24.05,5,3,15,5,5
2026-03-14 05:00:00,Hostel A,19.21,23.17,35,8,10,5,5
2026-03-14 06:00:00,Academic Block,19.47,24.15,5,6,20,5,6
2026-03-14 06:00:00,Computer Lab,14.74,25.07,4,5,45,5,6
2026-03-14 06:00:00,Library,11.78,26.61,5,3,15,5,6
2026-03-14 06:00:00,Hostel A,24.67,25.76,80,8,10,5,6
2026-03-14 07:00:00,Academic Block,24.38,27.97,5,6,20,5,7
2026-03-14 07:00:00,Computer Lab,13.53,25.93,4,5,45,5,7
2026-03-14 07:00:00,Library,13.03,26.54,5,3,15,5,7
2026-03-14 07:00:00,Hostel A,18.39,26.72,80,8,10,5,7
2026-03-14 08:00:00,Academic Block,26.9,28.54,5,6,20,5,8
2026-03-14 08:00:00,Computer Lab,18.99,27.14,4,5,45,5,8
2026-03-14 08:00:00,Library,14.07,28.25,5,3,15,5,8
2026-03-14 08:00:00,Hostel A,30.56,29.03,80,8,10,5,8
2026-03-14 09:00:00,Academic Block,25.0,28.47,5,6,20,5,9
2026-03-14 09:00:00,Computer Lab,19.24,27.55,4,5,45,5,9
2026-03-14 09:00:00,Library,23.11,30.11,25,3,15,5,9
2026-03-14 09:00:00,Hostel A,27.9,29.4,35,8,10,5,9
2026-03-14 10:00:00,Academic Block,22.89,27.73,5,6,20,5,10
2026-03-14 10:00:00,Computer Lab,23.53,29.29,4,5,45,5,10
2026-03-14 10:00:00,Library,25.09,31.62,25,3,15,5,10
2026-03-14 10:00:00,Hostel A,34.35,29.98,35,8,10,5,10
2026-03-14 11:00:00,Academic Block,34.12,29.9,5,6,20,5,11
2026-03-14 11:00:00,Computer Lab,21.52,28.7,4,5,45,5,11
2026-03-14 11:00:00,Library,20.13,28.7,25,3,15,5,11
2026-03-14 11:00:00,Hostel A,35.46,30.79,35,8,10,5,11
2026-03-14 12:00:00,Academic Block,29.05,28.96,5,6,20,5,12
2026-03-14 12:00:00,Computer Lab,30.0,30.43,4,5,45,5,12
2026-03-14 12:00:00,Library,21.57,29.93,25,3,15,5,12
2026-03-14 12:00:00,Hostel A,33.53,30.36,35,8,10,5,12
2026-03-14 13:00:00,Academic Block,27.62,29.66,5,6,20,5,13
2026-03-14 13:00:00,Computer Lab,28.99,30.42,4,5,45,5,13
2026-03-14 13:00:00,Library,24.47,31.02,25,3,15,5,13
2026-03-14 13:00:00,Hostel A,33.92,29.68,35,8,10,5,13
2026-03-14 14:00:00,Academic Block,34.09,30.4,5,6,20,5,14
2026-03-14 14:00:00,Computer Lab,29.71,31.07,4,5,45,5,14
2026-03-14 14:00:00,Library,21.64,29.8,25,3,15,5,14
2026-03-14 14:00:00,Hostel A,22.65,27.95,35,8,10,5,14
2026-03-14 15:00:00,Academic Block,19.9,26.98,5,6,20,5,15
2026-03-14 15:00:00,Computer Lab,18.49,28.14,4,5,45,5,15
2026-03-14 15:00:00,Library,17.68,28.71,25,3,15,5,15
2026-03-14 15:00:00,Hostel A,35.78,29.95,35,8,10,5,15
2026-03-14 16:00:00,Academic Block,22.72,28.05,5,6,20,5,16
2026-03-14 16:00:00,Computer Lab,21.1,28.28,4,5,45,5,16
2026-03-14 16:00:00,Library,12.85,27.21,25,3,15,5,16
2026-03-14 16:00:00,Hostel A,20.0,26.94,35,8,10,5,16
2026-03-14 17:00:00,Academic Block,21.77,27.26,5,6,20,5,17
2026-03-14 17:00:00,Computer Lab,22.76,28.48,4,5,45,5,17
2026-03-14 17:00:00,Library,12.89,26.8,25,3,15,5,17
2026-03-14 17:00:00,Hostel A,18.1,25.05,35,8,10,5,17
2026-03-14 18:00:00,Academic Block,15.42,24.16,12,6,20,5,18
2026-03-14 18:00:00,Computer Lab,18.07,23.79,4,5,45,5,18
2026-03-14 18:00:00,Library,11.66,25.44,25,3,15,5,18
2026-03-14 18:00:00,Hostel A,19.62,25.48,80,8,10,5,18
2026-03-14 19:00:00,Academic Block,21.18,24.04,12,6,20,5,19
2026-03-14 19:00:00,Computer Lab,13.01,23.56,4,5,45,5,19
2026-03-14 19:00:00,Library,14.14,23.21,25,3,15,5,19
2026-03-14 19:00:00,Hostel A,20.42,24.02,80,8,10,5,19
2026-03-14 20:00:00,Academic Block,17.38,25.34,12,6,20,5,20
2026-03-14 20:00:00,Computer Lab,14.11,22.21,4,5,45,5,20
2026-03-14 20:00:00,Library,11.55,21.26,25,3,15,5,20
2026-03-14 20:00:00,Hostel A,24.49,23.26,80,8,10,5,20
2026-03-14 21:00:00,Academic Block,17.74,21.0,12,6,20,5,21
2026-03-14 21:00:00,Computer Lab,16.43,22.04,4,5,45,5,21
2026-03-14 21:00:00,Library,11.04,21.75,5,3,15,5,21
2026-03-14 21:00:00,Hostel A,22.7,21.33,80,8,10,5,21
2026-03-14 22:00:00,Academic Block,20.31,20.45,5,6,20,5,22
2026-03-14 22:00:00,Computer Lab,15.94,23.34,4,5,45,5,22
2026-03-14 22:00:00,Library,11.01,20.66,5,3,15,5,22
2026-03-14 22:00:00,Hostel A,23.7,19.88,80,8,10,5,22
2026-03-14 23:00:00,Academic Block,18.07,20.7,5,6,20,5,23
2026-03-14 23:00:00,Computer Lab,15.7,21.25,4,5,45,5,23
2026-03-14 23:00:00,Library,11.15,19.01,5,3,15,5,23
2026-03-14 23:00:00,Hostel A,20.39,20.45,35,8,10,5,23
2026-03-15 00:00:00,Academic Block,18.54,21.0,5,6,20,6,0
2026-03-15 00:00:00,Computer Lab,15.67,19.43,4,5,45,6,0
2026-03-15 00:00:00,Library,11.35,20.44,5,3,15,6,0
2026-03-15 00:00:00,Hostel A,18.81,20.36,35,8,10,6,0
2026-03-15 01:00:00,Academic Block,17.69,21.37,5,6,20,6,1
2026-03-15 01:00:00,Computer Lab,16.81,23.15,4,5,45,6,1
2026-03-15 01:00:00,Library,10.9,18.82,5,3,15,6,1
2026-03-15 01:00:00,Hostel A,18.43,21.1,35,8,10,6,1
2026-03-15 02:00:00,Academic Block,17.14,18.88,5,6,20,6,2
2026-03-15 02:00:00,Computer Lab,13.04,21.32,4,5,45,6,2
2026-03-15 02:00:00,Library,11.43,18.93,5,3,15,6,2
2026-03-15 02:00:00,Hostel A,17.91,20.4,35,8,10,6,2
2026-03-15 03:00:00,Academic Block,16.49,20.87,5,6,20,6,3
2026-03-15 03:00:00,Computer Lab,14.46,22.05,4,5,45,6,3
2026-03-15 03:00:00,Library,11.15,20.82,5,3,15,6,3
2026-03-15 03:00:00,Hostel A,17.89,21.16,35,8,10,6,3
2026-03-15 04:00:00,Academic Block,19.25,20.11,5,6,20,6,4
2026-03-15 04:00:00,Computer Lab,14.89,22.59,4,5,45,6,4
2026-03-15 04:00:00,Library,10.64,21.26,5,3,15,6,4
2026-03-15 04:00:00,Hostel A,19.1,23.08,35,8,10,6,4
2026-03-15 05:00:00,Academic Block,19.76,25.67,5,6,20,6,5
2026-03-15 05:00:00,Computer Lab,16.78,23.58,4,5,45,6,5
2026-03-15 05:00:00,Library,10.69,23.76,5,3,15,6,5
2026-03-15 05:00:00,Hostel A,17.6,25.26,35,8,10,6,5
2026-03-15 06:00:00,Academic Block,20.48,25.03,5,6,20,6,6
2026-03-15 06:00:00,Computer Lab,15.12,25.37,4,5,45,6,6
2026-03-15 06:00:00,Library,7.22,22.95,5,3,15,6,6
2026-03-15 06:00:00,Hostel A,26.48,27.49,80,8,10,6,6
2026-03-15 07:00:00,Academic Block,19.22,25.59,5,6,20,6,7
2026-03-15 07:00:00,Computer Lab,15.17,25.16,4,5,45,6,7
2026-03-15 07:00:00,Library,8.51,25.16,5,3,15,6,7
2026-03-15 07:00:00,Hostel A,20.15,23.77,80,8,10,6,7
2026-03-15 08:00:00,Academic Block,24.66,28.73,5,6,20,6,8
2026-03-15 08:00:00,Computer Lab,22.1,28.14,4,5,45,6,8
2026-03-15 08:00:00,Library,12.85,27.52,5,3,15,6,8
2026-03-15 08:00:00,Hostel A,26.1,27.66,80,8,10,6,8
2026-03-15 09:00:00,Academic Block,33.35,29.98,5,6,20,6,9
2026-03-15 09:00:00,Computer Lab,24.16,30.28,4,5,45,6,9
2026-03-15 09:00:00,Library,14.51,28.01,5,3,15,6,9
2026-03-15 09:00:00,Hostel A,26.54,29.09,35,8,10,6,9
2026-03-15 10:00:00,Academic Block,22.89,27.24,5,6,20,6,10
2026-03-15 10:00:00,Computer Lab,20.07,28.66,4,5,45,6,10
2026-03-15 10:00:00,Library,15.07,28.01,5,3,15,6,10
2026-03-15 10:00:00,Hostel A,26.35,28.34,35,8,10,6,10
2026-03-15 11:00:00,Academic Block,23.28,28.66,5,6,20,6,11
2026-03-15 11:00:00,Computer Lab,31.96,31.54,4,5,45,6,11
2026-03-15 11:00:00,Library,17.19,29.43,5,3,15,6,11
2026-03-15 11:00:00,Hostel A,40.5,31.59,35,8,10,6,11
2026-03-15 12:00:00,Academic Block,34.54,31.38,5,6,20,6,12
2026-03-15 12:00:00,Computer Lab,27.31,30.06,4,5,45,6,12
2026-03-15 12:00:00,Library,17.61,29.34,5,3,15,6,12
2026-03-15 12:00:00,Hostel A,30.61,29.3,35,8,10,6,12
2026-03-15 13:00:00,Academic Block,25.31,28.24,5,6,20,6,13
2026-03-15 13:00:00,Computer Lab,26.85,30.2,4,5,45,6,13
2026-03-15 13:00:00,Library,19.73,30.37,5,3,15,6,13
2026-03-15 13:00:00,Hostel A,29.67,29.03,35,8,10,6,13
2026-03-15 14:00:00,Academic Block,29.96,30.03,5,6,20,6,14
2026-03-15 14:00:00,Computer Lab,21.89,28.62,4,5,45,6,14
2026-03-15 14:00:00,Library,18.4,28.67,5,3,15,6,14
2026-03-15 14:00:00,Hostel A,31.75,29.71,35,8,10,6,14
2026-03-15 15:00:00,Academic Block,22.67,27.42,5,6,20,6,15
2026-03-15 15:00:00,Computer Lab,18.62,27.8,4,5,45,6,15
2026-03-15 15:00:00,Library,18.64,29.46,5,3,15,6,15
2026-03-15 15:00:00,Hostel A,18.71,25.53,35,8,10,6,15
2026-03-15 16:00:00,Academic Block,21.87,27.65,5,6,20,6,16
2026-03-15 16:00:00,Computer Lab,16.54,27.69,4,5,45,6,16
2026-03-15 16:00:00,Library,9.16,24.1,5,3,15,6,16
2026-03-15 16:00:00,Hostel A,19.04,27.84,35,8,10,6,16
2026-03-15 17:00:00,Academic Block,15.82,25.28,5,6,20,6,17
2026-03-15 17:00:00,Computer Lab,18.61,26.0,4,5,45,6,17
2026-03-15 17:00:00,Library,10.51,26.03,5,3,15,6,17
2026-03-15 17:00:00,Hostel A,21.65,27.3,35,8,10,6,17
2026-03-15 18:00:00,Academic Block,20.65,24.74,12,6,20,6,18
2026-03-15 18:00:00,Computer Lab,16.1,25.57,4,5,45,6,18
2026-03-15 18:00:00,Library,10.11,24.83,5,3,15,6,18
2026-03-15 18:00:00,Hostel A,22.19,26.1,80,8,10,6,18
2026-03-15 19:00:00,Academic Block,17.69,25.18,12,6,20,6,19
2026-03-15 19:00:00,Computer Lab,16.38,25.43,4,5,45,6,19
2026-03-15 19:00:00,Library,11.39,22.54,5,3,15,6,19
2026-03-15 19:00:00,Hostel A,22.6,22.93,80,8,10,6,19
2026-03-15 20:00:00,Academic Block,19.06,21.92,12,6,20,6,20
2026-03-15 20:00:00,Computer Lab,16.45,23.63,4,5,45,6,20
2026-03-15 20:00:00,Library,9.02,21.15,5,3,15,6,20
2026-03-15 20:00:00,Hostel A,23.06,22.82,80,8,10,6,20
2026-03-15 21:00:00,Academic Block,21.65,20.66,12,6,20,6,21
2026-03-15 21:00:00,Computer Lab,14.73,22.44,4,5,45,6,21
2026-03-15 21:00:00,Library,10.28,20.6,5,3,15,6,21
2026-03-15 21:00:00,Hostel A,24.43,21.07,80,8,10,6,21
2026-03-15 22:00:00,Academic Block,18.75,21.85,5,6,20,6,22
2026-03-15 22:00:00,Computer Lab,16.9,21.48,4,5,45,6,22
2026-03-15 22:00:00,Library,11.23,20.74,5,3,15,6,22
2026-03-15 22:00:00,Hostel A,23.28,21.38,80,8,10,6,22
2026-03-15 23:00:00,Academic Block,17.68,19.24,5,6,20,6,23
2026-03-15 23:00:00,Computer Lab,14.61,19.82,4,5,45,6,23
2026-03-15 23:00:00,Library,11.64,18.4,5,3,15,6,23
2026-03-15 23:00:00,Hostel A,16.94,20.59,35,8,10,6,23
2026-03-16 00:00:00,Academic Block,18.42,19.71,5,6,20,0,0
2026-03-16 00:00:00,Computer Lab,14.05,20.22,4,5,45,0,0
2026-03-16 00:00:00,Library,11.4,18.38,5,3,15,0,0
2026-03-16 00:00:00,Hostel A,18.6,18.16,35,8,10,0,0
2026-03-16 01:00:00,Academic Block,18.52,19.78,5,6,20,0,1
2026-03-16 01:00:00,Computer Lab,18.07,20.47,4,5,45,0,1
2026-03-16 01:00:00,Library,11.94,18.25,5,3,15,0,1
2026-03-16 01:00:00,Hostel A,21.04,17.16,35,8,10,0,1
2026-03-16 02:00:00,Academic Block,22.35,18.22,5,6,20,0,2
2026-03-16 02:00:00,Computer Lab,17.61,20.2,4,5,45,0,2
2026-03-16 02:00:00,Library,9.97,21.97,5,3,15,0,2
2026-03-16 02:00:00,Hostel A,17.69,20.24,35,8,10,0,2
2026-03-16 03:00:00,Academic Block,18.06,22.41,5,6,20,0,3
2026-03-16 03:00:00,Computer Lab,16.48,20.48,4,5,45,0,3
2026-03-16 03:00:00,Library,10.13,20.39,5,3,15,0,3
2026-03-16 03:00:00,Hostel A,17.99,21.59,35,8,10,0,3
2026-03-16 04:00:00,Academic Block,21.0,21.91,5,6,20,0,4
2026-03-16 04:00:00,Computer Lab,15.13,22.25,4,5,45,0,4
2026-03-16 04:00:00,Library,11.31,22.29,5,3,15,0,4
2026-03-16 04:00:00,Hostel A,19.59,21.26,35,8,10,0,4
2026-03-16 05:00:00,Academic Block,16.02,24.01,5,6,20,0,5
2026-03-16 05:00:00,Computer Lab,17.86,25.86,4,5,45,0,5
2026-03-16 05:00:00,Library,8.94,22.75,5,3,15,0,5
2026-03-16 05:00:00,Hostel A,16.81,23.98,35,8,10,0,5
2026-03-16 06:00:00,Academic Block,18.89,26.64,5,6,20,0,6
2026-03-16 06:00:00,Computer Lab,15.76,26.95,4,5,45,0,6
2026-03-16 06:00:00,Library,12.53,24.87,5,3,15,0,6
2026-03-16 06:00:00,Hostel A,22.96,24.61,80,8,10,0,6
2026-03-16 07:00:00,Academic Block,21.38,27.61,5,6,20,0,7
2026-03-16 07:00:00,Computer Lab,13.48,24.78,4,5,45,0,7
2026-03-16 07:00:00,Library,12.6,26.99,5,3,15,0,7
2026-03-16 07:00:00,Hostel A,25.92,27.57,80,8,10,0,7
2026-03-16 08:00:00,Academic Block,18.37,25.78,45,6,20,0,8
2026-03-16 08:00:00,Computer Lab,30.28,30.94,4,5,45,0,8
2026-03-16 08:00:00,Library,14.07,27.66,5,3,15,0,8
2026-03-16 08:00:00,Hostel A,21.36,25.78,80,8,10,0,8
2026-03-16 09:00:00,Academic Block,36.98,30.63,45,6,20,0,9
2026-03-16 09:00:00,Computer Lab,20.06,27.62,40,5,45,0,9
2026-03-16 09:00:00,Library,15.4,27.92,25,3,15,0,9
2026-03-16 09:00:00,Hostel A,36.84,30.99,35,8,10,0,9
2026-03-16 10:00:00,Academic Block,26.37,27.9,45,6,20,0,10
2026-03-16 10:00:00,Computer Lab,26.37,29.65,40,5,45,0,10
2026-03-16 10:00:00,Library,22.33,29.81,25,3,15,0,10
2026-03-16 10:00:00,Hostel A,29.64,29.5,35,8,10,0,10
2026-03-16 11:00:00,Academic Block,28.49,29.19,45,6,20,0,11
2026-03-16 11:00:00,Computer Lab,28.82,29.67,40,5,45,0,11
2026-03-16 11:00:00,Library,20.83,28.75,25,3,15,0,11
2026-03-16 11:00:00,Hostel A,33.54,30.78,35,8,10,0,11
2026-03-16 12:00:00,Academic Block,24.88,27.87,45,6,20,0,12
2026-03-16 12:00:00,Computer Lab,36.68,31.89,40,5,45,0,12
2026-03-16 12:00:00,Library,25.76,31.95,25,3,15,0,12
2026-03-16 12:00:00,Hostel A,30.02,29.75,35,8,10,0,12
2026-03-16 13:00:00,Academic Block,34.38,30.25,45,6,20,0,13
2026-03-16 13:00:00,Computer Lab,30.4,29.55,40,5,45,0,13
2026-03-16 13:00:00,Library,22.18,29.68,25,3,15,0,13
2026-03-16 13:00:00,Hostel A,28.26,27.92,35,8,10,0,13
2026-03-16 14:00:00,Academic Block,30.95,28.88,45,6,20,0,14
2026-03-16 14:00:00,Computer Lab,29.82,30.37,40,5,45,0,14
2026-03-16 14:00:00,Library,23.05,30.31,25,3,15,0,14
2026-03-16 14:00:00,Hostel A,25.49,28.47,35,8,10,0,14
2026-03-16 15:00:00,Academic Block,28.69,28.59,45,6,20,0,15
2026-03-16 15:00:00,Computer Lab,31.11,30.21,40,5,45,0,15
2026-03-16 15:00:00,Library,18.09,28.45,25,3,15,0,15
2026-03-16 15:00:00,Hostel A,18.14,26.08,35,8,10,0,15
2026-03-16 16:00:00,Academic Block,27.93,27.85,45,6,20,0,16
2026-03-16 16:00:00,Computer Lab,24.47,27.74,40,5,45,0,16
2026-03-16 16:00:00,Library,16.67,28.54,25,3,15,0,16
2026-03-16 16:00:00,Hostel A,22.36,27.33,35,8,10,0,16
2026-03-16 17:00:00,Academic Block,24.2,25.76,45,6,20,0,17
2026-03-16 17:00:00,Computer Lab,19.02,24.96,40,5,45,0,17
2026-03-16 17:00:00,Library,13.59,27.18,25,3,15,0,17
2026-03-16 17:00:00,Hostel A,18.84,25.65,35,8,10,0,17
2026-03-16 18:00:00,Academic Block,18.51,25.97,12,6,20,0,18
2026-03-16 18:00:00,Computer Lab,17.4,23.72,4,5,45,0,18
2026-03-16 18:00:00,Library,13.74,25.48,25,3,15,0,18
2026-03-16 18:00:00,Hostel A,25.82,25.91,80,8,10,0,18
2026-03-16 19:00:00,Academic Block,18.17,25.04,12,6,20,0,19
2026-03-16 19:00:00,Computer Lab,14.83,24.27,4,5,45,0,19
2026-03-16 19:00:00,Library,10.11,23.16,25,3,15,0,19
2026-03-16 19:00:00,Hostel A,23.37,23.36,80,8,10,0,19
2026-03-16 20:00:00,Academic Block,17.61,22.42,12,6,20,0,20
2026-03-16 20:00:00,Computer Lab,18.84,20.67,4,5,45,0,20
2026-03-16 20:00:00,Library,10.99,22.89,25,3,15,0,20
2026-03-16 20:00:00,Hostel A,25.83,23.05,80,8,10,0,20
2026-03-16 21:00:00,Academic Block,15.08,22.21,12,6,20,0,21
2026-03-16 21:00:00,Computer Lab,12.9,24.65,4,5,45,0,21
2026-03-16 21:00:00,Library,8.92,21.22,5,3,15,0,21
2026-03-16 21:00:00,Hostel A,22.98,20.58,80,8,10,0,21
2026-03-16 22:00:00,Academic Block,18.56,18.18,5,6,20,0,22
2026-03-16 22:00:00,Computer Lab,14.41,22.05,4,5,45,0,22
2026-03-16 22:00:00,Library,10.42,19.0,5,3,15,0,22
2026-03-16 22:00:00,Hostel A,21.66,20.26,80,8,10,0,22
2026-03-16 23:00:00,Academic Block,19.48,18.74,5,6,20,0,23
2026-03-16 23:00:00,Computer Lab,14.07,20.88,4,5,45,0,23
2026-03-16 23:00:00,Library,10.83,19.06,5,3,15,0,23
2026-03-16 23:00:00,Hostel A,19.22,19.01,35,8,10,0,23
2026-03-17 00:00:00,Academic Block,18.61,21.76,5,6,20,1,0
2026-03-17 00:00:00,Computer Lab,16.26,18.54,4,5,45,1,0
2026-03-17 00:00:00,Library,10.4,19.79,5,3,15,1,0
2026-03-17 00:00:00,Hostel A,19.99,20.57,35,8,10,1,0
2026-03-17 01:00:00,Academic Block,18.61,20.21,5,6,20,1,1
2026-03-17 01:00:00,Computer Lab,17.47,22.65,4,5,45,1,1
2026-03-17 01:00:00,Library,10.82,21.17,5,3,15,1,1
2026-03-17 01:00:00,Hostel A,20.64,18.96,35,8,10,1,1
2026-03-17 02:00:00,Academic Block,17.83,20.84,5,6,20,1,2
2026-03-17 02:00:00,Computer Lab,14.22,20.38,4,5,45,1,2
2026-03-17 02:00:00,Library,11.65,21.94,5,3,15,1,2
2026-03-17 02:00:00,Hostel A,18.89,20.89,35,8,10,1,2
2026-03-17 03:00:00,Academic Block,15.5,20.65,5,6,20,1,3
2026-03-17 03:00:00,Computer Lab,14.56,19.77,4,5,45,1,3
2026-03-17 03:00:00,Library,11.06,20.39,5,3,15,1,3
2026-03-17 03:00:00,Hostel A,18.76,22.44,35,8,10,1,3
2026-03-17 04:00:00,Academic Block,17.53,24.19,5,6,20,1,4
2026-03-17 04:00:00,Computer Lab,15.59,22.34,4,5,45,1,4
2026-03-17 04:00:00,Library,10.78,23.81,5,3,15,1,4
2026-03-17 04:00:00,Hostel A,16.47,22.66,35,8,10,1,4
2026-03-17 05:00:00,Academic Block,20.34,22.63,5,6,20,1,5
2026-03-17 05:00:00,Computer Lab,17.68,21.22,4,5,45,1,5
2026-03-17 05:00:00,Library,9.5,24.31,5,3,15,1,5
2026-03-17 05:00:00,Hostel A,21.79,22.71,35,8,10,1,5
2026-03-17 06:00:00,Academic Block,19.49,26.69,5,6,20,1,6
2026-03-17 06:00:00,Computer Lab,14.7,25.16,4,5,45,1,6
2026-03-17 06:00:00,Library,9.61,25.16,5,3,15,1,6
2026-03-17 06:00:00,Hostel A,25.27,24.91,80,8,10,1,6
2026-03-17 07:00:00,Academic Block,17.38,26.18,5,6,20,1,7
2026-03-17 07:00:00,Computer Lab,15.86,24.65,4,5,45,1,7
2026-03-17 07:00:00,Library,10.99,25.38,5,3,15,1,7
2026-03-17 07:00:00,Hostel A,23.59,24.35,80,8,10,1,7
2026-03-17 08:00:00,Academic Block,22.29,26.23,45,6,20,1,8
2026-03-17 08:00:00,Computer Lab,19.94,27.09,4,5,45,1,8
2026-03-17 08:00:00,Library,16.67,27.71,5,3,15,1,8
2026-03-17 08:00:00,Hostel A,31.01,28.17,80,8,10,1,8
2026-03-17 09:00:00,Academic Block,28.32,28.28,45,6,20,1,9
2026-03-17 09:00:00,Computer Lab,30.75,30.0,40,5,45,1,9
2026-03-17 09:00:00,Library,18.46,29.17,25,3,15,1,9
2026-03-17 09:00:00,Hostel A,27.71,28.35,35,8,10,1,9
2026-03-17 10:00:00,Academic Block,36.22,30.95,45,6,20,1,10
2026-03-17 10:00:00,Computer Lab,23.12,28.44,40,5,45,1,10
2026-03-17 10:00:00,Library,20.38,30.33,25,3,15,1,10
2026-03-17 10:00:00,Hostel A,35.08,30.31,35,8,10,1,10
2026-03-17 11:00:00,Academic Block,33.26,29.18,45,6,20,1,11
2026-03-17 11:00:00,Computer Lab,25.83,28.07,40,5,45,1,11
2026-03-17 11:00:00,Library,18.38,30.21,25,3,15,1,11
2026-03-17 11:00:00,Hostel A,41.72,31.74,35,8,10,1,11
2026-03-17 12:00:00,Academic Block,30.55,29.49,45,6,20,1,12
2026-03-17 12:00:00,Computer Lab,27.09,28.12,40,5,45,1,12
2026-03-17 12:00:00,Library,16.36,28.89,25,3,15,1,12
2026-03-17 12:00:00,Hostel A,31.84,30.32,35,8,10,1,12
2026-03-17 13:00:00,Academic Block,30.57,28.65,45,6,20,1,13
2026-03-17 13:00:00,Computer Lab,30.04,30.39,40,5,45,1,13
2026-03-17 13:00:00,Library,19.95,29.85,25,3,15,1,13
2026-03-17 13:00:00,Hostel A,30.78,29.76,35,8,10,1,13
2026-03-17 14:00:00,Academic Block,28.1,28.63,45,6,20,1,14
2026-03-17 14:00:00,Computer Lab,26.11,28.46,40,5,45,1,14
2026-03-17 14:00:00,Library,20.2,30.25,25,3,15,1,14
2026-03-17 14:00:00,Hostel A,23.88,27.9,35,8,10,1,14
2026-03-17 15:00:00,Academic Block,36.19,31.12,45,6,20,1,15
2026-03-17 15:00:00,Computer Lab,24.31,28.34,40,5,45,1,15
2026-03-17 15:00:00,Library,16.38,28.41,25,3,15,1,15
2026-03-17 15:00:00,Hostel A,33.3,29.92,35,8,10,1,15
2026-03-17 16:00:00,Academic Block,29.49,28.51,45,6,20,1,16
2026-03-17 16:00:00,Computer Lab,27.28,28.57,40,5,45,1,16
2026-03-17 16:00:00,Library,22.25,29.1,25,3,15,1,16
2026-03-17 16:00:00,Hostel A,27.58,28.96,35,8,10,1,16
2026-03-17 17:00:00,Academic Block,25.45,27.31,45,6,20,1,17
2026-03-17 17:00:00,Computer Lab,23.53,28.6,40,5,45,1,17
2026-03-17 17:00:00,Library,12.55,26.96,25,3,15,1,17
2026-03-17 17:00:00,Hostel A,19.9,26.91,35,8,10,1,17
2026-03-17 18:00:00,Academic Block,17.14,25.58,12,6,20,1,18
2026-03-17 18:00:00,Computer Lab,15.98,25.95,4,5,45,1,18
2026-03-17 18:00:00,Library,15.15,25.18,25,3,15,1,18
2026-03-17 18:00:00,Hostel A,23.06,24.54,80,8,10,1,18
2026-03-17 19:00:00,Academic Block,19.56,23.83,12,6,20,1,19
2026-03-17 19:00:00,Computer Lab,16.29,26.37,4,5,45,1,19
2026-03-17 19:00:00,Library,15.03,23.03,25,3,15,1,19
2026-03-17 19:00:00,Hostel A,20.14,23.34,80,8,10,1,19
2026-03-17 20:00:00,Academic Block,17.39,21.61,12,6,20,1,20
2026-03-17 20:00:00,Computer Lab,15.13,20.34,4,5,45,1,20
2026-03-17 20:00:00,Library,14.0,22.42,25,3,15,1,20
2026-03-17 20:00:00,Hostel A,23.43,23.26,80,8,10,1,20
2026-03-17 21:00:00,Academic Block,20.59,20.39,12,6,20,1,21
2026-03-17 21:00:00,Computer Lab,16.26,23.13,4,5,45,1,21
2026-03-17 21:00:00,Library,8.73,21.97,5,3,15,1,21
2026-03-17 21:00:00,Hostel A,25.22,22.73,80,8,10,1,21
2026-03-17 22:00:00,Academic Block,17.81,21.06,5,6,20,1,22
2026-03-17 22:00:00,Computer Lab,15.04,20.48,4,5,45,1,22
2026-03-17 22:00:00,Library,11.6,20.24,5,3,15,1,22
2026-03-17 22:00:00,Hostel A,24.06,21.01,80,8,10,1,22
2026-03-17 23:00:00,Academic Block,17.4,20.62,5,6,20,1,23
2026-03-17 23:00:00,Computer Lab,14.83,19.57,4,5,45,1,23
2026-03-17 23:00:00,Library,13.32,19.95,5,3,15,1,23
2026-03-17 23:00:00,Hostel A,20.2,22.52,35,8,10,1,23
2026-03-18 00:00:00,Academic Block,16.66,20.14,5,6,20,2,0
2026-03-18 00:00:00,Computer Lab,14.48,20.26,4,5,45,2,0
2026-03-18 00:00:00,Library,8.22,21.96,5,3,15,2,0
2026-03-18 00:00:00,Hostel A,17.64,20.46,35,8,10,2,0
2026-03-18 01:00:00,Academic Block,19.7,20.16,5,6,20,2,1
2026-03-18 01:00:00,Computer Lab,15.58,21.4,4,5,45,2,1
2026-03-18 01:00:00,Library,9.63,21.08,5,3,15,2,1
2026-03-18 01:00:00,Hostel A,20.45,20.47,35,8,10,2,1
2026-03-18 02:00:00,Academic Block,17.91,21.07,5,6,20,2,2
2026-03-18 02:00:00,Computer Lab,17.19,20.34,4,5,45,2,2
2026-03-18 02:00:00,Library,9.21,19.36,5,3,15,2,2
2026-03-18 02:00:00,Hostel A,18.29,21.39,35,8,10,2,2
2026-03-18 03:00:00,Academic Block,20.73,19.72,5,6,20,2,3
2026-03-18 03:00:00,Computer Lab,15.37,20.14,4,5,45,2,3
2026-03-18 03:00:00,Library,10.18,20.72,5,3,15,2,3
2026-03-18 03:00:00,Hostel A,20.02,20.4,35,8,10,2,3
2026-03-18 04:00:00,Academic Block,20.18,22.63,5,6,20,2,4
2026-03-18 04:00:00,Computer Lab,18.87,21.77,4,5,45,2,4
2026-03-18 04:00:00,Library,8.25,20.21,5,3,15,2,4
2026-03-18 04:00:00,Hostel A,19.66,24.6,35,8,10,2,4
2026-03-18 05:00:00,Academic Block,19.35,24.12,5,6,20,2,5
2026-03-18 05:00:00,Computer Lab,16.12,24.39,4,5,45,2,5
2026-03-18 05:00:00,Library,11.85,22.55,5,3,15,2,5
2026-03-18 05:00:00,Hostel A,21.09,24.5,35,8,10,2,5
2026-03-18 06:00:00,Academic Block,21.01,27.12,5,6,20,2,6
2026-03-18 06:00:00,Computer Lab,18.33,23.53,4,5,45,2,6
2026-03-18 06:00:00,Library,11.13,23.78,5,3,15,2,6
2026-03-18 06:00:00,Hostel A,21.9,24.69,80,8,10,2,6
2026-03-18 07:00:00,Academic Block,21.21,27.21,5,6,20,2,7
2026-03-18 07:00:00,Computer Lab,15.72,26.91,4,5,45,2,7
2026-03-18 07:00:00,Library,9.59,26.09,5,3,15,2,7
2026-03-18 07:00:00,Hostel A,22.45,26.06,80,8,10,2,7
2026-03-18 08:00:00,Academic Block,32.41,29.71,45,6,20,2,8
2026-03-18 08:00:00,Computer Lab,17.76,24.95,4,5,45,2,8
2026-03-18 08:00:00,Library,14.37,28.04,5,3,15,2,8
2026-03-18 08:00:00,Hostel A,22.5,26.98,80,8,10,2,8
2026-03-18 09:00:00,Academic Block,36.89,30.86,45,6,20,2,9
2026-03-18 09:00:00,Computer Lab,19.67,26.45,40,5,45,2,9
2026-03-18 09:00:00,Library,21.17,29.98,25,3,15,2,9
2026-03-18 09:00:00,Hostel A,20.77,27.45,35,8,10,2,9
2026-03-18 10:00:00,Academic Block,29.89,28.23,45,6,20,2,10
2026-03-18 10:00:00,Computer Lab,24.5,29.24,40,5,45,2,10
2026-03-18 10:00:00,Library,20.67,29.79,25,3,15,2,10
2026-03-18 10:00:00,Hostel A,26.34,28.79,35,8,10,2,10
2026-03-18 11:00:00,Academic Block,30.37,28.55,45,6,20,2,11
2026-03-18 11:00:00,Computer Lab,30.52,30.13,40,5,45,2,11
2026-03-18 11:00:00,Library,21.77,30.12,25,3,15,2,11
2026-03-18 11:00:00,Hostel A,29.56,29.27,35,8,10,2,11
2026-03-18 12:00:00,Academic Block,40.81,31.4,45,6,20,2,12
2026-03-18 12:00:00,Computer Lab,24.47,28.53,40,5,45,2,12
2026-03-18 12:00:00,Library,26.27,31.01,25,3,15,2,12
2026-03-18 12:00:00,Hostel A,40.74,32.14,35,8,10,2,12
2026-03-18 13:00:00,Academic Block,38.65,31.36,45,6,20,2,13
2026-03-18 13:00:00,Computer Lab,33.99,31.08,40,5,45,2,13
2026-03-18 13:00:00,Library,17.67,28.31,25,3,15,2,13
2026-03-18 13:00:00,Hostel A,37.27,31.04,35,8,10,2,13
2026-03-18 14:00:00,Academic Block,28.06,29.03,45,6,20,2,14
2026-03-18 14:00:00,Computer Lab,30.19,30.15,40,5,45,2,14
2026-03-18 14:00:00,Library,16.13,28.22,25,3,15,2,14
2026-03-18 14:00:00,Hostel A,30.08,29.52,35,8,10,2,14
2026-03-18 15:00:00,Academic Block,26.06,28.54,45,6,20,2,15
2026-03-18 15:00:00,Computer Lab,29.91,30.15,40,5,45,2,15
2026-03-18 15:00:00,Library,10.47,27.22,25,3,15,2,15
2026-03-18 15:00:00,Hostel A,32.82,29.77,35,8,10,2,15
2026-03-18 16:00:00,Academic Block,27.23,27.75,45,6,20,2,16
2026-03-18 16:00:00,Computer Lab,25.07,28.53,40,5,45,2,16
2026-03-18 16:00:00,Library,13.48,27.19,25,3,15,2,16
2026-03-18 16:00:00,Hostel A,26.67,28.01,35,8,10,2,16
2026-03-18 17:00:00,Academic Block,24.35,26.17,45,6,20,2,17
2026-03-18 17:00:00,Computer Lab,20.16,26.74,40,5,45,2,17
2026-03-18 17:00:00,Library,21.45,29.18,25,3,15,2,17
2026-03-18 17:00:00,Hostel A,24.65,28.31,35,8,10,2,17
2026-03-18 18:00:00,Academic Block,22.74,27.63,12,6,20,2,18
2026-03-18 18:00:00,Computer Lab,12.43,24.73,4,5,45,2,18
2026-03-18 18:00:00,Library,10.6,25.39,25,3,15,2,18
2026-03-18 18:00:00,Hostel A,20.81,25.49,80,8,10,2,18
2026-03-18 19:00:00,Academic Block,20.09,25.86,12,6,20,2,19
2026-03-18 19:00:00,Computer Lab,14.75,26.44,4,5,45,2,19
2026-03-18 19:00:00,Library,9.52,25.56,25,3,15,2,19
2026-03-18 19:00:00,Hostel A,21.6,23.96,80,8,10,2,19
2026-03-18 20:00:00,Academic Block,18.49,21.96,12,6,20,2,20
2026-03-18 20:00:00,Computer Lab,13.78,21.4,4,5,45,2,20
2026-03-18 20:00:00,Library,12.4,21.97,25,3,15,2,20
2026-03-18 20:00:00,Hostel A,22.99,23.9,80,8,10,2,20
2026-03-18 21:00:00,Academic Block,17.04,22.86,12,6,20,2,21
2026-03-18 21:00:00,Computer Lab,16.74,20.94,4,5,45,2,21
2026-03-18 21:00:00,Library,9.33,21.88,5,3,15,2,21
2026-03-18 21:00:00,Hostel A,21.75,22.59,80,8,10,2,21
2026-03-18 22:00:00,Academic Block,19.43,19.74,5,6,20,2,22
2026-03-18 22:00:00,Computer Lab,14.89,20.68,4,5,45,2,22
2026-03-18 22:00:00,Library,9.02,20.0,5,3,15,2,22
2026-03-18 22:00:00,Hostel A,24.2,20.19,80,8,10,2,22
2026-03-18 23:00:00,Academic Block,20.14,20.46,5,6,20,2,23
2026-03-18 23:00:00,Computer Lab,14.75,20.79,4,5,45,2,23
2026-03-18 23:00:00,Library,9.23,18.19,5,3,15,2,23
2026-03-18 23:00:00,Hostel A,17.83,19.36,35,8,10,2,23
2026-03-19 00:00:00,Academic Block,20.16,21.18,5,6,20,3,0
2026-03-19 00:00:00,Computer Lab,14.52,22.65,4,5,45,3,0
2026-03-19 00:00:00,Library,13.01,21.92,5,3,15,3,0
2026-03-19 00:00:00,Hostel A,19.66,19.72,35,8,10,3,0
2026-03-19 01:00:00,Academic Block,18.61,21.66,5,6,20,3,1
2026-03-19 01:00:00,Computer Lab,14.73,20.01,4,5,45,3,1
2026-03-19 01:00:00,Library,10.73,17.34,5,3,15,3,1
2026-03-19 01:00:00,Hostel A,17.34,19.32,35,8,10,3,1
2026-03-19 02:00:00,Academic Block,16.52,21.18,5,6,20,3,2
2026-03-19 02:00:00,Computer Lab,16.4,21.64,4,5,45,3,2
2026-03-19 02:00:00,Library,10.53,20.19,5,3,15,3,2
2026-03-19 02:00:00,Hostel A,20.08,19.24,35,8,10,3,2
2026-03-19 03:00:00,Academic Block,19.09,21.69,5,6,20,3,3
2026-03-19 03:00:00,Computer Lab,14.71,22.07,4,5,45,3,3
2026-03-19 03:00:00,Library,12.06,19.64,5,3,15,3,3
2026-03-19 03:00:00,Hostel A,18.15,22.29,35,8,10,3,3
2026-03-19 04:00:00,Academic Block,20.59,22.99,5,6,20,3,4
2026-03-19 04:00:00,Computer Lab,14.82,23.87,4,5,45,3,4
2026-03-19 04:00:00,Library,8.65,20.71,5,3,15,3,4
2026-03-19 04:00:00,Hostel A,21.14,22.13,35,8,10,3,4
2026-03-19 05:00:00,Academic Block,17.81,22.83,5,6,20,3,5
2026-03-19 05:00:00,Computer Lab,14.87,22.97,4,5,45,3,5
2026-03-19 05:00:00,Library,8.7,23.69,5,3,15,3,5
2026-03-19 05:00:00,Hostel A,18.73,25.01,35,8,10,3,5
2026-03-19 06:00:00,Academic Block,21.75,27.97,5,6,20,3,6
2026-03-19 06:00:00,Computer Lab,19.03,26.91,4,5,45,3,6
2026-03-19 06:00:00,Library,10.03,24.51,5,3,15,3,6
2026-03-19 06:00:00,Hostel A,21.19,23.89,80,8,10,3,6
2026-03-19 07:00:00,Academic Block,19.14,26.29,5,6,20,3,7
2026-03-19 07:00:00,Computer Lab,19.11,24.37,4,5,45,3,7
2026-03-19 07:00:00,Library,10.72,25.98,5,3,15,3,7
2026-03-19 07:00:00,Hostel A,22.15,25.54,80,8,10,3,7
2026-03-19 08:00:00,Academic Block,23.54,27.07,45,6,20,3,8
2026-03-19 08:00:00,Computer Lab,19.8,27.48,4,5,45,3,8
2026-03-19 08:00:00,Library,14.97,27.77,5,3,15,3,8
2026-03-19 08:00:00,Hostel A,26.35,27.49,80,8,10,3,8
2026-03-19 09:00:00,Academic Block,29.17,28.25,45,6,20,3,9
2026-03-19 09:00:00,Computer Lab,25.77,28.92,40,5,45,3,9
2026-03-19 09:00:00,Library,16.67,28.31,25,3,15,3,9
2026-03-19 09:00:00,Hostel A,26.87,28.57,35,8,10,3,9
2026-03-19 10:00:00,Academic Block,30.26,28.66,45,6,20,3,10
2026-03-19 10:00:00,Computer Lab,33.1,30.32,40,5,45,3,10
2026-03-19 10:00:00,Library,18.56,28.61,25,3,15,3,10
2026-03-19 10:00:00,Hostel A,21.76,27.04,35,8,10,3,10
2026-03-19 11:00:00,Academic Block,25.61,28.08,45,6,20,3,11
2026-03-19 11:00:00,Computer Lab,29.19,30.23,40,5,45,3,11
2026-03-19 11:00:00,Library,17.6,28.92,25,3,15,3,11
2026-03-19 11:00:00,Hostel A,34.51,30.71,35,8,10,3,11
2026-03-19 12:00:00,Academic Block,33.0,29.94,45,6,20,3,12
2026-03-19 12:00:00,Computer Lab,33.77,30.98,40,5,45,3,12
2026-03-19 12:00:00,Library,17.15,27.8,25,3,15,3,12
2026-03-19 12:00:00,Hostel A,30.23,29.27,35,8,10,3,12
2026-03-19 13:00:00,Academic Block,29.82,28.7,45,6,20,3,13
2026-03-19 13:00:00,Computer Lab,38.7,32.89,40,5,45,3,13
2026-03-19 13:00:00,Library,18.86,29.28,25,3,15,3,13
2026-03-19 13:00:00,Hostel A,27.0,28.07,35,8,10,3,13
2026-03-19 14:00:00,Academic Block,31.2,29.71,45,6,20,3,14
2026-03-19 14:00:00,Computer Lab,23.47,28.11,40,5,45,3,14
2026-03-19 14:00:00,Library,20.35,30.45,25,3,15,3,14
2026-03-19 14:00:00,Hostel A,35.61,30.67,35,8,10,3,14
2026-03-19 15:00:00,Academic Block,24.07,27.42,45,6,20,3,15
2026-03-19 15:00:00,Computer Lab,29.31,30.63,40,5,45,3,15
2026-03-19 15:00:00,Library,16.66,27.66,25,3,15,3,15
2026-03-19 15:00:00,Hostel A,26.7,28.8,35,8,10,3,15
2026-03-19 16:00:00,Academic Block,30.62,28.66,45,6,20,3,16
2026-03-19 16:00:00,Computer Lab,21.86,27.9,40,5,45,3,16
2026-03-19 16:00:00,Library,13.98,26.95,25,3,15,3,16
2026-03-19 16:00:00,Hostel A,20.94,25.93,35,8,10,3,16
2026-03-19 17:00:00,Academic Block,27.62,28.33,45,6,20,3,17
2026-03-19 17:00:00,Computer Lab,21.34,26.72,40,5,45,3,17
2026-03-19 17:00:00,Library,19.98,28.64,25,3,15,3,17
2026-03-19 17:00:00,Hostel A,18.48,24.21,35,8,10,3,17
2026-03-19 18:00:00,Academic Block,18.52,25.6,12,6,20,3,18
2026-03-19 18:00:00,Computer Lab,19.95,27.14,4,5,45,3,18
2026-03-19 18:00:00,Library,11.98,24.02,25,3,15,3,18
2026-03-19 18:00:00,Hostel A,22.26,24.1,80,8,10,3,18
2026-03-19 19:00:00,Academic Block,20.69,23.44,12,6,20,3,19
2026-03-19 19:00:00,Computer Lab,11.74,22.64,4,5,45,3,19
2026-03-19 19:00:00,Library,10.68,21.78,25,3,15,3,19
2026-03-19 19:00:00,Hostel A,22.83,22.92,80,8,10,3,19
2026-03-19 20:00:00,Academic Block,17.44,21.2,12,6,20,3,20
2026-03-19 20:00:00,Computer Lab,14.0,21.38,4,5,45,3,20
2026-03-19 20:00:00,Library,11.33,21.83,25,3,15,3,20
2026-03-19 20:00:00,Hostel A,21.07,23.33,80,8,10,3,20
2026-03-19 21:00:00,Academic Block,18.44,21.04,12,6,20,3,21
2026-03-19 21:00:00,Computer Lab,15.44,22.44,4,5,45,3,21
2026-03-19 21:00:00,Library,8.9,22.73,5,3,15,3,21
2026-03-19 21:00:00,Hostel A,21.69,21.41,80,8,10,3,21
2026-03-19 22:00:00,Academic Block,18.6,19.2,5,6,20,3,22
2026-03-19 22:00:00,Computer Lab,14.39,22.75,4,5,45,3,22
2026-03-19 22:00:00,Library,8.66,20.52,5,3,15,3,22
2026-03-19 22:00:00,Hostel A,21.37,18.92,80,8,10,3,22
2026-03-19 23:00:00,Academic Block,18.09,19.63,5,6,20,3,23
2026-03-19 23:00:00,Computer Lab,13.2,19.9,4,5,45,3,23
2026-03-19 23:00:00,Library,11.38,19.42,5,3,15,3,23
2026-03-19 23:00:00,Hostel A,18.42,18.54,35,8,10,3,23
2026-03-20 00:00:00,Academic Block,17.53,20.35,5,6,20,4,0
2026-03-20 00:00:00,Computer Lab,13.39,20.41,4,5,45,4,0
2026-03-20 00:00:00,Library,11.17,21.07,5,3,15,4,0
2026-03-20 00:00:00,Hostel A,20.64,20.07,35,8,10,4,0
2026-03-20 01:00:00,Academic Block,17.77,19.78,5,6,20,4,1
2026-03-20 01:00:00,Computer Lab,18.43,21.82,4,5,45,4,1
2026-03-20 01:00:00,Library,10.45,19.34,5,3,15,4,1
2026-03-20 01:00:00,Hostel A,18.83,21.42,35,8,10,4,1
2026-03-20 02:00:00,Academic Block,19.87,21.38,5,6,20,4,2
2026-03-20 02:00:00,Computer Lab,16.3,20.0,4,5,45,4,2
2026-03-20 02:00:00,Library,8.8,20.66,5,3,15,4,2
2026-03-20 02:00:00,Hostel A,17.97,19.48,35,8,10,4,2
2026-03-20 03:00:00,Academic Block,20.14,22.58,5,6,20,4,3
2026-03-20 03:00:00,Computer Lab,16.33,22.36,4,5,45,4,3
2026-03-20 03:00:00,Library,11.04,21.96,5,3,15,4,3
2026-03-20 03:00:00,Hostel A,19.66,21.95,35,8,10,4,3
2026-03-20 04:00:00,Academic Block,17.51,20.81,5,6,20,4,4
2026-03-20 04:00:00,Computer Lab,17.33,21.27,4,5,45,4,4
2026-03-20 04:00:00,Library,7.37,24.48,5,3,15,4,4
2026-03-20 04:00:00,Hostel A,19.08,24.38,35,8,10,4,4
2026-03-20 05:00:00,Academic Block,19.46,24.92,5,6,20,4,5
2026-03-20 05:00:00,Computer Lab,15.98,25.43,4,5,45,4,5
2026-03-20 05:00:00,Library,10.47,22.07,5,3,15,4,5
2026-03-20 05:00:00,Hostel A,18.63,24.32,35,8,10,4,5
2026-03-20 06:00:00,Academic Block,18.6,25.79,5,6,20,4,6
2026-03-20 06:00:00,Computer Lab,14.04,24.29,4,5,45,4,6
2026-03-20 06:00:00,Library,10.93,24.53,5,3,15,4,6
2026-03-20 06:00:00,Hostel A,21.38,22.65,80,8,10,4,6
2026-03-20 07:00:00,Academic Block,17.77,23.9,5,6,20,4,7
2026-03-20 07:00:00,Computer Lab,17.59,27.73,4,5,45,4,7
2026-03-20 07:00:00,Library,16.64,27.14,5,3,15,4,7
2026-03-20 07:00:00,Hostel A,28.51,28.04,80,8,10,4,7
2026-03-20 08:00:00,Academic Block,26.6,28.53,45,6,20,4,8
2026-03-20 08:00:00,Computer Lab,15.71,25.61,4,5,45,4,8
2026-03-20 08:00:00,Library,16.06,27.98,5,3,15,4,8
2026-03-20 08:00:00,Hostel A,23.98,26.82,80,8,10,4,8
2026-03-20 09:00:00,Academic Block,29.15,28.73,45,6,20,4,9
2026-03-20 09:00:00,Computer Lab,23.23,28.45,40,5,45,4,9
2026-03-20 09:00:00,Library,18.5,28.87,25,3,15,4,9
2026-03-20 09:00:00,Hostel A,25.58,28.01,35,8,10,4,9
2026-03-20 10:00:00,Academic Block,36.79,30.56,45,6,20,4,10
2026-03-20 10:00:00,Computer Lab,23.5,28.08,40,5,45,4,10
2026-03-20 10:00:00,Library,16.8,28.24,25,3,15,4,10
2026-03-20 10:00:00,Hostel A,27.48,28.24,35,8,10,4,10
2026-03-20 11:00:00,Academic Block,38.22,30.77,45,6,20,4,11
2026-03-20 11:00:00,Computer Lab,32.43,31.09,40,5,45,4,11
2026-03-20 11:00:00,Library,21.92,29.32,25,3,15,4,11
2026-03-20 11:00:00,Hostel A,29.37,29.63,35,8,10,4,11
2026-03-20 12:00:00,Academic Block,38.25,31.21,45,6,20,4,12
2026-03-20 12:00:00,Computer Lab,35.46,31.81,40,5,45,4,12
2026-03-20 12:00:00,Library,23.21,29.98,25,3,15,4,12
2026-03-20 12:00:00,Hostel A,24.32,28.15,35,8,10,4,12
2026-03-20 13:00:00,Academic Block,26.18,28.76,45,6,20,4,13
2026-03-20 13:00:00,Computer Lab,31.33,30.88,40,5,45,4,13
2026-03-20 13:00:00,Library,23.8,30.92,25,3,15,4,13
2026-03-20 13:00:00,Hostel A,34.61,30.56,35,8,10,4,13
2026-03-20 14:00:00,Academic Block,28.38,28.41,45,6,20,4,14
2026-03-20 14:00:00,Computer Lab,30.69,30.43,40,5,45,4,14
2026-03-20 14:00:00,Library,15.47,28.49,25,3,15,4,14
2026-03-20 14:00:00,Hostel A,30.33,29.58,35,8,10,4,14
2026-03-20 15:00:00,Academic Block,28.01,28.45,45,6,20,4,15
2026-03-20 15:00:00,Computer Lab,23.55,28.0,40,5,45,4,15
2026-03-20 15:00:00,Library,21.97,29.2,25,3,15,4,15
2026-03-20 15:00:00,Hostel A,33.01,29.45,35,8,10,4,15
2026-03-20 16:00:00,Academic Block,20.22,26.52,45,6,20,4,16
2026-03-20 16:00:00,Computer Lab,22.76,27.48,40,5,45,4,16
2026-03-20 16:00:00,Library,18.73,28.34,25,3,15,4,16
2026-03-20 16:00:00,Hostel A,20.83,24.46,35,8,10,4,16
2026-03-20 17:00:00,Academic Block,20.56,26.7,45,6,20,4,17
2026-03-20 17:00:00,Computer Lab,20.72,27.16,40,5,45,4,17
2026-03-20 17:00:00,Library,14.78,26.75,25,3,15,4,17
2026-03-20 17:00:00,Hostel A,17.88,26.81,35,8,10,4,17
2026-03-20 18:00:00,Academic Block,16.83,24.83,12,6,20,4,18
2026-03-20 18:00:00,Computer Lab,17.77,25.78,4,5,45,4,18
2026-03-20 18:00:00,Library,11.22,23.51,25,3,15,4,18
2026-03-20 18:00:00,Hostel A,21.87,23.94,80,8,10,4,18
2026-03-20 19:00:00,Academic Block,18.6,24.2,12,6,20,4,19
2026-03-20 19:00:00,Computer Lab,17.27,24.49,4,5,45,4,19
2026-03-20 19:00:00,Library,10.55,25.03,25,3,15,4,19
2026-03-20 19:00:00,Hostel A,24.75,25.37,80,8,10,4,19
2026-03-20 20:00:00,Academic Block,19.02,24.36,12,6,20,4,20
2026-03-20 20:00:00,Computer Lab,14.19,21.6,4,5,45,4,20
2026-03-20 20:00:00,Library,12.24,21.18,25,3,15,4,20
2026-03-20 20:00:00,Hostel A,24.51,23.52,80,8,10,4,20
2026-03-20 21:00:00,Academic Block,19.2,20.88,12,6,20,4,21
2026-03-20 21:00:00,Computer Lab,14.72,21.34,4,5,45,4,21
2026-03-20 21:00:00,Library,11.17,22.35,5,3,15,4,21
2026-03-20 21:00:00,Hostel A,23.09,21.63,80,8,10,4,21
2026-03-20 22:00:00,Academic Block,19.61,21.41,5,6,20,4,22
2026-03-20 22:00:00,Computer Lab,17.01,19.66,4,5,45,4,22
2026-03-20 22:00:00,Library,9.97,20.98,5,3,15,4,22
2026-03-20 22:00:00,Hostel A,23.07,20.95,80,8,10,4,22
2026-03-20 23:00:00,Academic Block,17.13,21.47,5,6,20,4,23
2026-03-20 23:00:00,Computer Lab,15.7,21.76,4,5,45,4,23
2026-03-20 23:00:00,Library,9.82,19.56,5,3,15,4,23
2026-03-20 23:00:00,Hostel A,16.34,18.97,35,8,10,4,23
2026-03-21 00:00:00,Academic Block,21.67,20.81,5,6,20,5,0
2026-03-21 00:00:00,Computer Lab,14.24,18.06,4,5,45,5,0
2026-03-21 00:00:00,Library,10.56,20.9,5,3,15,5,0
2026-03-21 00:00:00,Hostel A,18.8,21.0,35,8,10,5,0
2026-03-21 01:00:00,Academic Block,18.36,19.47,5,6,20,5,1
2026-03-21 01:00:00,Computer Lab,13.95,17.31,4,5,45,5,1
2026-03-21 01:00:00,Library,12.41,21.31,5,3,15,5,1
2026-03-21 01:00:00,Hostel A,19.61,21.86,35,8,10,5,1
2026-03-21 02:00:00,Academic Block,17.75,17.96,5,6,20,5,2
2026-03-21 02:00:00,Computer Lab,18.1,22.26,4,5,45,5,2
2026-03-21 02:00:00,Library,10.27,22.31,5,3,15,5,2
2026-03-21 02:00:00,Hostel A,18.89,19.1,35,8,10,5,2
2026-03-21 03:00:00,Academic Block,21.05,21.48,5,6,20,5,3
2026-03-21 03:00:00,Computer Lab,15.7,21.74,4,5,45,5,3
2026-03-21 03:00:00,Library,11.22,21.55,5,3,15,5,3
2026-03-21 03:00:00,Hostel A,17.86,22.22,35,8,10,5,3
2026-03-21 04:00:00,Academic Block,20.76,21.23,5,6,20,5,4
2026-03-21 04:00:00,Computer Lab,18.13,20.53,4,5,45,5,4
2026-03-21 04:00:00,Library,9.75,20.21,5,3,15,5,4
2026-03-21 04:00:00,Hostel A,18.95,23.67,35,8,10,5,4
2026-03-21 05:00:00,Academic Block,19.34,22.13,5,6,20,5,5
2026-03-21 05:00:00,Computer Lab,15.35,23.79,4,5,45,5,5
2026-03-21 05:00:00,Library,10.57,22.96,5,3,15,5,5
2026-03-21 05:00:00,Hostel A,22.6,23.01,35,8,10,5,5
2026-03-21 06:00:00,Academic Block,18.14,24.71,5,6,20,5,6
2026-03-21 06:00:00,Computer Lab,18.34,24.35,4,5,45,5,6
2026-03-21 06:00:00,Library,11.16,23.03,5,3,15,5,6
2026-03-21 06:00:00,Hostel A,20.41,24.71,80,8,10,5,6
2026-03-21 07:00:00,Academic Block,19.18,25.31,5,6,20,5,7
2026-03-21 07:00:00,Computer Lab,16.06,25.26,4,5,45,5,7
2026-03-21 07:00:00,Library,15.64,28.37,5,3,15,5,7
2026-03-21 07:00:00,Hostel A,21.28,24.55,80,8,10,5,7
2026-03-21 08:00:00,Academic Block,20.12,27.16,5,6,20,5,8
2026-03-21 08:00:00,Computer Lab,19.69,27.68,4,5,45,5,8
2026-03-21 08:00:00,Library,18.33,29.58,5,3,15,5,8
2026-03-21 08:00:00,Hostel A,24.45,26.12,80,8,10,5,8
2026-03-21 09:00:00,Academic Block,31.13,30.05,5,6,20,5,9
2026-03-21 09:00:00,Computer Lab,21.91,28.24,4,5,45,5,9
2026-03-21 09:00:00,Library,13.68,28.28,25,3,15,5,9
2026-03-21 09:00:00,Hostel A,30.98,29.21,35,8,10,5,9
2026-03-21 10:00:00,Academic Block,33.21,31.06,5,6,20,5,10
2026-03-21 10:00:00,Computer Lab,25.64,29.6,4,5,45,5,10
2026-03-21 10:00:00,Library,19.76,29.43,25,3,15,5,10
2026-03-21 10:00:00,Hostel A,30.64,29.37,35,8,10,5,10
2026-03-21 11:00:00,Academic Block,34.94,30.72,5,6,20,5,11
2026-03-21 11:00:00,Computer Lab,22.87,28.92,4,5,45,5,11
2026-03-21 11:00:00,Library,18.47,29.32,25,3,15,5,11
2026-03-21 11:00:00,Hostel A,24.13,27.89,35,8,10,5,11
2026-03-21 12:00:00,Academic Block,32.38,30.58,5,6,20,5,12
2026-03-21 12:00:00,Computer Lab,27.11,29.99,4,5,45,5,12
2026-03-21 12:00:00,Library,24.49,31.69,25,3,15,5,12
2026-03-21 12:00:00,Hostel A,26.91,28.59,35,8,10,5,12
2026-03-21 13:00:00,Academic Block,36.17,32.09,5,6,20,5,13
2026-03-21 13:00:00,Computer Lab,30.18,30.61,4,5,45,5,13
2026-03-21 13:00:00,Library,14.23,26.99,25,3,15,5,13
2026-03-21 13:00:00,Hostel A,34.87,30.55,35,8,10,5,13
2026-03-21 14:00:00,Academic Block,24.65,28.55,5,6,20,5,14
2026-03-21 14:00:00,Computer Lab,22.71,28.94,4,5,45,5,14
2026-03-21 14:00:00,Library,17.37,28.74,25,3,15,5,14
2026-03-21 14:00:00,Hostel A,34.32,30.76,35,8,10,5,14
2026-03-21 15:00:00,Academic Block,21.12,26.44,5,6,20,5,15
2026-03-21 15:00:00,Computer Lab,20.6,28.31,4,5,45,5,15
2026-03-21 15:00:00,Library,17.37,28.4,25,3,15,5,15
2026-03-21 15:00:00,Hostel A,24.92,27.91,35,8,10,5,15
2026-03-21 16:00:00,Academic Block,18.73,26.35,5,6,20,5,16
2026-03-21 16:00:00,Computer Lab,17.43,24.84,4,5,45,5,16
2026-03-21 16:00:00,Library,15.34,27.29,25,3,15,5,16
2026-03-21 16:00:00,Hostel A,25.68,28.07,35,8,10,5,16
2026-03-21 17:00:00,Academic Block,19.68,26.28,5,6,20,5,17
2026-03-21 17:00:00,Computer Lab,13.91,25.14,4,5,45,5,17
2026-03-21 17:00:00,Library,11.45,26.17,25,3,15,5,17
2026-03-21 17:00:00,Hostel A,25.13,28.0,35,8,10,5,17
2026-03-21 18:00:00,Academic Block,18.85,24.14,12,6,20,5,18
2026-03-21 18:00:00,Computer Lab,15.57,25.16,4,5,45,5,18
2026-03-21 18:00:00,Library,12.33,25.33,25,3,15,5,18
2026-03-21 18:00:00,Hostel A,19.32,23.33,80,8,10,5,18
2026-03-21 19:00:00,Academic Block,20.1,23.26,12,6,20,5,19
2026-03-21 19:00:00,Computer Lab,17.52,23.27,4,5,45,5,19
2026-03-21 19:00:00,Library,14.26,23.65,25,3,15,5,19
2026-03-21 19:00:00,Hostel A,24.13,25.09,80,8,10,5,19
2026-03-21 20:00:00,Academic Block,19.29,21.06,12,6,20,5,20
2026-03-21 20:00:00,Computer Lab,16.08,23.97,4,5,45,5,20
2026-03-21 20:00:00,Library,10.14,23.17,25,3,15,5,20
2026-03-21 20:00:00,Hostel A,21.36,24.8,80,8,10,5,20
2026-03-21 21:00:00,Academic Block,18.73,19.07,12,6,20,5,21
2026-03-21 21:00:00,Computer Lab,14.04,18.53,4,5,45,5,21
2026-03-21 21:00:00,Library,10.05,24.53,5,3,15,5,21
2026-03-21 21:00:00,Hostel A,22.59,19.75,80,8,10,5,21
2026-03-21 22:00:00,Academic Block,20.0,19.59,5,6,20,5,22
2026-03-21 22:00:00,Computer Lab,16.08,19.6,4,5,45,5,22
2026-03-21 22:00:00,Library,14.52,19.29,5,3,15,5,22
2026-03-21 22:00:00,Hostel A,22.33,21.27,80,8,10,5,22
2026-03-21 23:00:00,Academic Block,17.87,19.82,5,6,20,5,23
2026-03-21 23:00:00,Computer Lab,14.49,19.26,4,5,45,5,23
2026-03-21 23:00:00,Library,9.8,22.18,5,3,15,5,23
2026-03-21 23:00:00,Hostel A,17.2,17.62,35,8,10,5,23
2026-03-22 00:00:00,Academic Block,18.32,21.11,5,6,20,6,0
2026-03-22 00:00:00,Computer Lab,17.42,19.84,4,5,45,6,0
2026-03-22 00:00:00,Library,11.57,19.07,5,3,15,6,0
2026-03-22 00:00:00,Hostel A,19.81,19.2,35,8,10,6,0
2026-03-22 01:00:00,Academic Block,18.34,19.7,5,6,20,6,1
2026-03-22 01:00:00,Computer Lab,16.79,21.15,4,5,45,6,1
2026-03-22 01:00:00,Library,9.92,19.97,5,3,15,6,1
2026-03-22 01:00:00,Hostel A,19.83,22.09,35,8,10,6,1
2026-03-22 02:00:00,Academic Block,17.72,20.2,5,6,20,6,2
2026-03-22 02:00:00,Computer Lab,15.84,21.9,4,5,45,6,2
2026-03-22 02:00:00,Library,10.8,20.47,5,3,15,6,2
2026-03-22 02:00:00,Hostel A,18.86,21.08,35,8,10,6,2
2026-03-22 03:00:00,Academic Block,20.59,22.91,5,6,20,6,3
2026-03-22 03:00:00,Computer Lab,17.73,22.1,4,5,45,6,3
2026-03-22 03:00:00,Library,11.66,21.47,5,3,15,6,3
2026-03-22 03:00:00,Hostel A,20.48,22.67,35,8,10,6,3
2026-03-22 04:00:00,Academic Block,19.65,23.6,5,6,20,6,4
2026-03-22 04:00:00,Computer Lab,14.86,24.85,4,5,45,6,4
2026-03-22 04:00:00,Library,10.3,22.31,5,3,15,6,4
2026-03-22 04:00:00,Hostel A,15.97,22.06,35,8,10,6,4
2026-03-22 05:00:00,Academic Block,17.16,25.36,5,6,20,6,5
2026-03-22 05:00:00,Computer Lab,13.54,23.91,4,5,45,6,5
2026-03-22 05:00:00,Library,9.45,24.45,5,3,15,6,5
2026-03-22 05:00:00,Hostel A,19.24,22.34,35,8,10,6,5
2026-03-22 06:00:00,Academic Block,17.84,24.16,5,6,20,6,6
2026-03-22 06:00:00,Computer Lab,16.87,25.21,4,5,45,6,6
2026-03-22 06:00:00,Library,9.14,24.02,5,3,15,6,6
2026-03-22 06:00:00,Hostel A,23.36,25.03,80,8,10,6,6
2026-03-22 07:00:00,Academic Block,22.17,28.05,5,6,20,6,7
2026-03-22 07:00:00,Computer Lab,17.43,25.91,4,5,45,6,7
2026-03-22 07:00:00,Library,14.61,28.66,5,3,15,6,7
2026-03-22 07:00:00,Hostel A,23.12,25.41,80,8,10,6,7
2026-03-22 08:00:00,Academic Block,18.69,26.81,5,6,20,6,8
2026-03-22 08:00:00,Computer Lab,21.89,27.79,4,5,45,6,8
2026-03-22 08:00:00,Library,12.87,25.93,5,3,15,6,8
2026-03-22 08:00:00,Hostel A,24.2,26.81,80,8,10,6,8
2026-03-22 09:00:00,Academic Block,32.64,30.44,5,6,20,6,9
2026-03-22 09:00:00,Computer Lab,21.86,28.18,4,5,45,6,9
2026-03-22 09:00:00,Library,16.06,28.33,5,3,15,6,9
2026-03-22 09:00:00,Hostel A,27.06,28.29,35,8,10,6,9
2026-03-22 10:00:00,Academic Block,20.88,27.66,5,6,20,6,10
2026-03-22 10:00:00,Computer Lab,19.0,27.64,4,5,45,6,10
2026-03-22 10:00:00,Library,12.2,27.49,5,3,15,6,10
2026-03-22 10:00:00,Hostel A,26.77,28.0,35,8,10,6,10
2026-03-22 11:00:00,Academic Block,23.91,28.64,5,6,20,6,11
2026-03-22 11:00:00,Computer Lab,29.45,30.13,4,5,45,6,11
2026-03-22 11:00:00,Library,18.56,29.69,5,3,15,6,11
2026-03-22 11:00:00,Hostel A,40.06,31.38,35,8,10,6,11
2026-03-22 12:00:00,Academic Block,31.51,30.51,5,6,20,6,12
2026-03-22 12:00:00,Computer Lab,26.2,30.55,4,5,45,6,12
2026-03-22 12:00:00,Library,19.69,29.25,5,3,15,6,12
2026-03-22 12:00:00,Hostel A,40.17,31.56,35,8,10,6,12
2026-03-22 13:00:00,Academic Block,20.09,27.51,5,6,20,6,13
2026-03-22 13:00:00,Computer Lab,23.16,29.01,4,5,45,6,13
2026-03-22 13:00:00,Library,14.91,28.33,5,3,15,6,13
2026-03-22 13:00:00,Hostel A,41.74,31.95,35,8,10,6,13
2026-03-22 14:00:00,Academic Block,27.65,29.59,5,6,20,6,14
2026-03-22 14:00:00,Computer Lab,16.37,27.36,4,5,45,6,14
2026-03-22 14:00:00,Library,12.91,27.31,5,3,15,6,14
2026-03-22 14:00:00,Hostel A,30.62,29.79,35,8,10,6,14
2026-03-22 15:00:00,Academic Block,28.3,28.71,5,6,20,6,15
2026-03-22 15:00:00,Computer Lab,30.46,30.88,4,5,45,6,15
2026-03-22 15:00:00,Library,16.38,28.33,5,3,15,6,15
2026-03-22 15:00:00,Hostel A,30.6,30.16,35,8,10,6,15
2026-03-22 16:00:00,Academic Block,27.26,29.28,5,6,20,6,16
2026-03-22 16:00:00,Computer Lab,16.34,26.86,4,5,45,6,16
2026-03-22 16:00:00,Library,12.52,27.88,5,3,15,6,16
2026-03-22 16:00:00,Hostel A,21.8,27.16,35,8,10,6,16
2026-03-22 17:00:00,Academic Block,20.05,26.56,5,6,20,6,17
2026-03-22 17:00:00,Computer Lab,16.71,25.91,4,5,45,6,17
2026-03-22 17:00:00,Library,14.9,27.56,5,3,15,6,17
2026-03-22 17:00:00,Hostel A,21.49,26.81,35,8,10,6,17
2026-03-22 18:00:00,Academic Block,23.34,26.05,12,6,20,6,18
2026-03-22 18:00:00,Computer Lab,16.18,26.46,4,5,45,6,18
2026-03-22 18:00:00,Library,10.23,23.91,5,3,15,6,18
2026-03-22 18:00:00,Hostel A,23.32,24.6,80,8,10,6,18
2026-03-22 19:00:00,Academic Block,21.05,22.87,12,6,20,6,19
2026-03-22 19:00:00,Computer Lab,13.22,22.04,4,5,45,6,19
2026-03-22 19:00:00,Library,9.36,23.54,5,3,15,6,19
2026-03-22 19:00:00,Hostel A,21.59,22.2,80,8,10,6,19
2026-03-22 20:00:00,Academic Block,19.28,21.59,12,6,20,6,20
2026-03-22 20:00:00,Computer Lab,14.86,21.76,4,5,45,6,20
2026-03-22 20:00:00,Library,12.15,22.49,5,3,15,6,20
2026-03-22 20:00:00,Hostel A,22.77,24.26,80,8,10,6,20
2026-03-22 21:00:00,Academic Block,18.99,21.74,12,6,20,6,21
2026-03-22 21:00:00,Computer Lab,16.26,22.04,4,5,45,6,21
2026-03-22 21:00:00,Library,7.79,23.06,5,3,15,6,21
2026-03-22 21:00:00,Hostel A,23.06,21.18,80,8,10,6,21
2026-03-22 22:00:00,Academic Block,17.29,20.64,5,6,20,6,22
2026-03-22 22:00:00,Computer Lab,16.88,19.11,4,5,45,6,22
2026-03-22 22:00:00,Library,7.99,19.76,5,3,15,6,22
2026-03-22 22:00:00,Hostel A,23.24,21.7,80,8,10,6,22
2026-03-22 23:00:00,Academic Block,17.33,20.03,5,6,20,6,23
2026-03-22 23:00:00,Computer Lab,17.49,20.03,4,5,45,6,23
2026-03-22 23:00:00,Library,8.28,18.23,5,3,15,6,23
2026-03-22 23:00:00,Hostel A,18.91,19.42,35,8,10,6,23
2026-03-23 00:00:00,Academic Block,19.66,19.4,5,6,20,0,0
2026-03-23 00:00:00,Computer Lab,16.09,21.31,4,5,45,0,0
2026-03-23 00:00:00,Library,11.03,20.67,5,3,15,0,0
2026-03-23 00:00:00,Hostel A,17.01,20.01,35,8,10,0,0
2026-03-23 01:00:00,Academic Block,16.67,18.94,5,6,20,0,1
2026-03-23 01:00:00,Computer Lab,16.02,19.99,4,5,45,0,1
2026-03-23 01:00:00,Library,10.73,18.43,5,3,15,0,1
2026-03-23 01:00:00,Hostel A,17.35,19.12,35,8,10,0,1
2026-03-23 02:00:00,Academic Block,17.02,19.92,5,6,20,0,2
2026-03-23 02:00:00,Computer Lab,15.42,21.4,4,5,45,0,2
2026-03-23 02:00:00,Library,9.96,21.65,5,3,15,0,2
2026-03-23 02:00:00,Hostel A,21.76,20.18,35,8,10,0,2
2026-03-23 03:00:00,Academic Block,20.63,19.52,5,6,20,0,3
2026-03-23 03:00:00,Computer Lab,16.82,23.45,4,5,45,0,3
2026-03-23 03:00:00,Library,12.77,21.07,5,3,15,0,3
2026-03-23 03:00:00,Hostel A,17.89,21.08,35,8,10,0,3
2026-03-23 04:00:00,Academic Block,17.84,22.03,5,6,20,0,4
2026-03-23 04:00:00,Computer Lab,17.34,21.36,4,5,45,0,4
2026-03-23 04:00:00,Library,10.58,21.57,5,3,15,0,4
2026-03-23 04:00:00,Hostel A,19.0,20.77,35,8,10,0,4
2026-03-23 05:00:00,Academic Block,16.93,22.32,5,6,20,0,5
2026-03-23 05:00:00,Computer Lab,17.26,23.57,4,5,45,0,5
2026-03-23 05:00:00,Library,11.39,24.23,5,3,15,0,5
2026-03-23 05:00:00,Hostel A,18.45,23.55,35,8,10,0,5
2026-03-23 06:00:00,Academic Block,17.86,25.95,5,6,20,0,6
2026-03-23 06:00:00,Computer Lab,17.53,26.0,4,5,45,0,6
2026-03-23 06:00:00,Library,9.58,23.99,5,3,15,0,6
2026-03-23 06:00:00,Hostel A,20.35,24.35,80,8,10,0,6
2026-03-23 07:00:00,Academic Block,20.65,25.73,5,6,20,0,7
2026-03-23 07:00:00,Computer Lab,17.66,25.04,4,5,45,0,7
2026-03-23 07:00:00,Library,13.8,25.77,5,3,15,0,7
2026-03-23 07:00:00,Hostel A,22.33,25.48,80,8,10,0,7
2026-03-23 08:00:00,Academic Block,21.44,26.41,45,6,20,0,8
2026-03-23 08:00:00,Computer Lab,24.42,29.11,4,5,45,0,8
2026-03-23 08:00:00,Library,14.3,28.73,5,3,15,0,8
2026-03-23 08:00:00,Hostel A,27.89,28.29,80,8,10,0,8
2026-03-23 09:00:00,Academic Block,23.56,26.93,45,6,20,0,9
2026-03-23 09:00:00,Computer Lab,25.73,28.81,40,5,45,0,9
2026-03-23 09:00:00,Library,20.81,29.4,25,3,15,0,9
2026-03-23 09:00:00,Hostel A,32.42,30.3,35,8,10,0,9
2026-03-23 10:00:00,Academic Block,40.59,31.13,45,6,20,0,10
2026-03-23 10:00:00,Computer Lab,23.4,28.89,40,5,45,0,10
2026-03-23 10:00:00,Library,14.57,27.67,25,3,15,0,10
2026-03-23 10:00:00,Hostel A,40.31,31.75,35,8,10,0,10
2026-03-23 11:00:00,Academic Block,29.58,29.09,45,6,20,0,11
2026-03-23 11:00:00,Computer Lab,25.18,28.24,40,5,45,0,11
2026-03-23 11:00:00,Library,23.44,29.72,25,3,15,0,11
2026-03-23 11:00:00,Hostel A,36.65,30.58,35,8,10,0,11
2026-03-23 12:00:00,Academic Block,31.15,29.71,45,6,20,0,12
2026-03-23 12:00:00,Computer Lab,24.04,28.95,40,5,45,0,12
2026-03-23 12:00:00,Library,23.07,31.09,25,3,15,0,12
2026-03-23 12:00:00,Hostel A,37.95,31.14,35,8,10,0,12
2026-03-23 13:00:00,Academic Block,30.22,29.48,45,6,20,0,13
2026-03-23 13:00:00,Computer Lab,29.68,30.19,40,5,45,0,13
2026-03-23 13:00:00,Library,22.14,30.91,25,3,15,0,13
2026-03-23 13:00:00,Hostel A,37.8,30.57,35,8,10,0,13
2026-03-23 14:00:00,Academic Block,33.78,29.66,45,6,20,0,14
2026-03-23 14:00:00,Computer Lab,32.3,30.02,40,5,45,0,14
2026-03-23 14:00:00,Library,21.48,29.78,25,3,15,0,14
2026-03-23 14:00:00,Hostel A,28.79,29.29,35,8,10,0,14
2026-03-23 15:00:00,Academic Block,25.5,27.09,45,6,20,0,15
2026-03-23 15:00:00,Computer Lab,22.09,27.33,40,5,45,0,15
2026-03-23 15:00:00,Library,19.99,29.03,25,3,15,0,15
2026-03-23 15:00:00,Hostel A,23.02,27.92,35,8,10,0,15
2026-03-23 16:00:00,Academic Block,26.2,27.95,45,6,20,0,16
2026-03-23 16:00:00,Computer Lab,21.49,26.02,40,5,45,0,16
2026-03-23 16:00:00,Library,11.5,26.55,25,3,15,0,16
2026-03-23 16:00:00,Hostel A,23.11,27.21,35,8,10,0,16
2026-03-23 17:00:00,Academic Block,23.65,23.69,45,6,20,0,17
2026-03-23 17:00:00,Computer Lab,18.95,25.2,40,5,45,0,17
2026-03-23 17:00:00,Library,15.21,25.48,25,3,15,0,17
2026-03-23 17:00:00,Hostel A,18.51,26.44,35,8,10,0,17
2026-03-23 18:00:00,Academic Block,19.39,24.64,12,6,20,0,18
2026-03-23 18:00:00,Computer Lab,16.33,25.21,4,5,45,0,18
2026-03-23 18:00:00,Library,10.16,25.0,25,3,15,0,18
2026-03-23 18:00:00,Hostel A,23.46,24.59,80,8,10,0,18
2026-03-23 19:00:00,Academic Block,20.27,22.9,12,6,20,0,19
2026-03-23 19:00:00,Computer Lab,15.34,23.74,4,5,45,0,19
2026-03-23 19:00:00,Library,9.62,25.14,25,3,15,0,19
2026-03-23 19:00:00,Hostel A,24.4,22.9,80,8,10,0,19
2026-03-23 20:00:00,Academic Block,22.69,24.7,12,6,20,0,20
2026-03-23 20:00:00,Computer Lab,16.36,22.56,4,5,45,0,20
2026-03-23 20:00:00,Library,14.14,23.48,25,3,15,0,20
2026-03-23 20:00:00,Hostel A,23.94,22.88,80,8,10,0,20
2026-03-23 21:00:00,Academic Block,20.04,22.02,12,6,20,0,21
2026-03-23 21:00:00,Computer Lab,15.18,20.36,4,5,45,0,21
2026-03-23 21:00:00,Library,8.84,20.84,5,3,15,0,21
2026-03-23 21:00:00,Hostel A,21.91,19.48,80,8,10,0,21
2026-03-23 22:00:00,Academic Block,18.86,20.35,5,6,20,0,22
2026-03-23 22:00:00,Computer Lab,15.95,21.34,4,5,45,0,22
2026-03-23 22:00:00,Library,9.25,20.36,5,3,15,0,22
2026-03-23 22:00:00,Hostel A,22.4,21.72,80,8,10,0,22
2026-03-23 23:00:00,Academic Block,18.42,19.65,5,6,20,0,23
2026-03-23 23:00:00,Computer Lab,14.87,19.29,4,5,45,0,23
2026-03-23 23:00:00,Library,10.19,19.5,5,3,15,0,23
2026-03-23 23:00:00,Hostel A,19.56,20.96,35,8,10,0,23
2026-03-24 00:00:00,Academic Block,20.52,21.86,5,6,20,1,0
2026-03-24 00:00:00,Computer Lab,16.51,22.35,4,5,45,1,0
2026-03-24 00:00:00,Library,9.89,20.65,5,3,15,1,0
2026-03-24 00:00:00,Hostel A,17.97,20.99,35,8,10,1,0
2026-03-24 01:00:00,Academic Block,20.99,18.41,5,6,20,1,1
2026-03-24 01:00:00,Computer Lab,16.33,18.67,4,5,45,1,1
2026-03-24 01:00:00,Library,12.32,19.11,5,3,15,1,1
2026-03-24 01:00:00,Hostel A,19.74,21.69,35,8,10,1,1
2026-03-24 02:00:00,Academic Block,18.71,22.17,5,6,20,1,2
2026-03-24 02:00:00,Computer Lab,16.79,23.35,4,5,45,1,2
2026-03-24 02:00:00,Library,10.73,19.59,5,3,15,1,2
2026-03-24 02:00:00,Hostel A,18.57,20.49,35,8,10,1,2
2026-03-24 03:00:00,Academic Block,19.28,19.48,5,6,20,1,3
2026-03-24 03:00:00,Computer Lab,11.88,19.8,4,5,45,1,3
2026-03-24 03:00:00,Library,9.49,21.05,5,3,15,1,3
2026-03-24 03:00:00,Hostel A,14.3,20.43,35,8,10,1,3
2026-03-24 04:00:00,Academic Block,18.44,21.48,5,6,20,1,4
2026-03-24 04:00:00,Computer Lab,16.25,21.74,4,5,45,1,4
2026-03-24 04:00:00,Library,11.4,24.17,5,3,15,1,4
2026-03-24 04:00:00,Hostel A,20.61,23.73,35,8,10,1,4
2026-03-24 05:00:00,Academic Block,19.36,22.48,5,6,20,1,5
2026-03-24 05:00:00,Computer Lab,15.02,24.9,4,5,45,1,5
2026-03-24 05:00:00,Library,11.42,22.76,5,3,15,1,5
2026-03-24 05:00:00,Hostel A,17.32,21.93,35,8,10,1,5
2026-03-24 06:00:00,Academic Block,19.38,24.2,5,6,20,1,6
2026-03-24 06:00:00,Computer Lab,17.22,25.26,4,5,45,1,6
2026-03-24 06:00:00,Library,9.16,23.89,5,3,15,1,6
2026-03-24 06:00:00,Hostel A,21.35,25.63,80,8,10,1,6
2026-03-24 07:00:00,Academic Block,15.91,25.57,5,6,20,1,7
2026-03-24 07:00:00,Computer Lab,18.88,26.64,4,5,45,1,7
2026-03-24 07:00:00,Library,12.16,25.06,5,3,15,1,7
2026-03-24 07:00:00,Hostel A,20.21,26.22,80,8,10,1,7
2026-03-24 08:00:00,Academic Block,21.06,26.43,45,6,20,1,8
2026-03-24 08:00:00,Computer Lab,18.08,27.12,4,5,45,1,8
2026-03-24 08:00:00,Library,16.54,29.72,5,3,15,1,8
2026-03-24 08:00:00,Hostel A,22.49,26.92,80,8,10,1,8
2026-03-24 09:00:00,Academic Block,23.49,27.01,45,6,20,1,9
2026-03-24 09:00:00,Computer Lab,22.07,28.54,40,5,45,1,9
2026-03-24 09:00:00,Library,15.63,28.56,25,3,15,1,9
2026-03-24 09:00:00,Hostel A,28.76,28.55,35,8,10,1,9
2026-03-24 10:00:00,Academic Block,33.67,29.89,45,6,20,1,10
2026-03-24 10:00:00,Computer Lab,25.39,28.7,40,5,45,1,10
2026-03-24 10:00:00,Library,21.69,30.01,25,3,15,1,10
2026-03-24 10:00:00,Hostel A,29.96,29.21,35,8,10,1,10
2026-03-24 11:00:00,Academic Block,26.57,28.25,45,6,20,1,11
2026-03-24 11:00:00,Computer Lab,32.8,30.68,40,5,45,1,11
2026-03-24 11:00:00,Library,23.05,29.94,25,3,15,1,11
2026-03-24 11:00:00,Hostel A,34.45,30.44,35,8,10,1,11
2026-03-24 12:00:00,Academic Block,30.84,28.54,45,6,20,1,12
2026-03-24 12:00:00,Computer Lab,35.01,30.92,40,5,45,1,12
2026-03-24 12:00:00,Library,25.42,32.6,25,3,15,1,12
2026-03-24 12:00:00,Hostel A,22.18,28.46,35,8,10,1,12
2026-03-24 13:00:00,Academic Block,38.05,30.93,45,6,20,1,13
2026-03-24 13:00:00,Computer Lab,27.39,29.95,40,5,45,1,13
2026-03-24 13:00:00,Library,20.57,29.72,25,3,15,1,13
2026-03-24 13:00:00,Hostel A,36.59,30.77,35,8,10,1,13
2026-03-24 14:00:00,Academic Block,34.06,30.13,45,6,20,1,14
2026-03-24 14:00:00,Computer Lab,32.7,30.75,40,5,45,1,14
2026-03-24 14:00:00,Library,17.93,27.91,25,3,15,1,14
2026-03-24 14:00:00,Hostel A,37.01,30.8,35,8,10,1,14
2026-03-24 15:00:00,Academic Block,32.34,28.87,45,6,20,1,15
2026-03-24 15:00:00,Computer Lab,21.22,26.58,40,5,45,1,15
2026-03-24 15:00:00,Library,17.63,27.96,25,3,15,1,15
2026-03-24 15:00:00,Hostel A,25.54,28.68,35,8,10,1,15
2026-03-24 16:00:00,Academic Block,24.7,26.9,45,6,20,1,16
2026-03-24 16:00:00,Computer Lab,19.8,27.25,40,5,45,1,16
2026-03-24 16:00:00,Library,14.23,26.75,25,3,15,1,16
2026-03-24 16:00:00,Hostel A,28.06,29.6,35,8,10,1,16
2026-03-24 17:00:00,Academic Block,32.9,29.65,45,6,20,1,17
2026-03-24 17:00:00,Computer Lab,19.28,26.99,40,5,45,1,17
2026-03-24 17:00:00,Library,12.92,26.29,25,3,15,1,17
2026-03-24 17:00:00,Hostel A,17.74,25.04,35,8,10,1,17
2026-03-24 18:00:00,Academic Block,17.52,26.42,12,6,20,1,18
2026-03-24 18:00:00,Computer Lab,15.11,25.53,4,5,45,1,18
2026-03-24 18:00:00,Library,15.18,23.85,25,3,15,1,18
2026-03-24 18:00:00,Hostel A,20.85,23.85,80,8,10,1,18
2026-03-24 19:00:00,Academic Block,18.11,23.48,12,6,20,1,19
2026-03-24 19:00:00,Computer Lab,15.9,23.71,4,5,45,1,19
2026-03-24 19:00:00,Library,12.04,23.99,25,3,15,1,19
2026-03-24 19:00:00,Hostel A,23.52,22.86,80,8,10,1,19
2026-03-24 20:00:00,Academic Block,18.52,22.37,12,6,20,1,20
2026-03-24 20:00:00,Computer Lab,15.49,24.28,4,5,45,1,20
2026-03-24 20:00:00,Library,14.07,23.81,25,3,15,1,20
2026-03-24 20:00:00,Hostel A,23.59,24.05,80,8,10,1,20
2026-03-24 21:00:00,Academic Block,19.16,21.46,12,6,20,1,21
2026-03-24 21:00:00,Computer Lab,12.42,21.17,4,5,45,1,21
2026-03-24 21:00:00,Library,10.99,22.33,5,3,15,1,21
2026-03-24 21:00:00,Hostel A,22.37,22.46,80,8,10,1,21
2026-03-24 22:00:00,Academic Block,16.63,21.47,5,6,20,1,22
2026-03-24 22:00:00,Computer Lab,11.96,19.27,4,5,45,1,22
2026-03-24 22:00:00,Library,9.47,20.51,5,3,15,1,22
2026-03-24 22:00:00,Hostel A,23.05,19.59,80,8,10,1,22
2026-03-24 23:00:00,Academic Block,16.55,19.66,5,6,20,1,23
2026-03-24 23:00:00,Computer Lab,15.61,23.22,4,5,45,1,23
2026-03-24 23:00:00,Library,9.62,18.87,5,3,15,1,23
2026-03-24 23:00:00,Hostel A,18.69,19.96,35,8,10,1,23
2026-03-25 00:00:00,Academic Block,18.58,21.56,5,6,20,2,0
2026-03-25 00:00:00,Computer Lab,15.02,22.23,4,5,45,2,0
2026-03-25 00:00:00,Library,12.16,20.51,5,3,15,2,0
2026-03-25 00:00:00,Hostel A,20.92,21.43,35,8,10,2,0
2026-03-25 01:00:00,Academic Block,18.69,19.84,5,6,20,2,1
2026-03-25 01:00:00,Computer Lab,15.38,17.2,4,5,45,2,1
2026-03-25 01:00:00,Library,11.97,21.48,5,3,15,2,1
2026-03-25 01:00:00,Hostel A,21.5,20.07,35,8,10,2,1
2026-03-25 02:00:00,Academic Block,17.63,20.21,5,6,20,2,2
2026-03-25 02:00:00,Computer Lab,13.99,20.11,4,5,45,2,2
2026-03-25 02:00:00,Library,11.06,21.42,5,3,15,2,2
2026-03-25 02:00:00,Hostel A,18.33,21.4,35,8,10,2,2
2026-03-25 03:00:00,Academic Block,15.43,21.39,5,6,20,2,3
2026-03-25 03:00:00,Computer Lab,15.82,21.92,4,5,45,2,3
2026-03-25 03:00:00,Library,10.47,20.14,5,3,15,2,3
2026-03-25 03:00:00,Hostel A,21.6,21.16,35,8,10,2,3
2026-03-25 04:00:00,Academic Block,19.2,21.23,5,6,20,2,4
2026-03-25 04:00:00,Computer Lab,14.83,21.19,4,5,45,2,4
2026-03-25 04:00:00,Library,10.31,22.83,5,3,15,2,4
2026-03-25 04:00:00,Hostel A,19.45,22.49,35,8,10,2,4
2026-03-25 05:00:00,Academic Block,20.03,23.11,5,6,20,2,5
2026-03-25 05:00:00,Computer Lab,15.52,23.34,4,5,45,2,5
2026-03-25 05:00:00,Library,10.97,24.14,5,3,15,2,5
2026-03-25 05:00:00,Hostel A,19.43,24.48,35,8,10,2,5
2026-03-25 06:00:00,Academic Block,18.21,25.56,5,6,20,2,6
2026-03-25 06:00:00,Computer Lab,13.53,23.72,4,5,45,2,6
2026-03-25 06:00:00,Library,13.27,23.0,5,3,15,2,6
2026-03-25 06:00:00,Hostel A,24.34,22.34,80,8,10,2,6
2026-03-25 07:00:00,Academic Block,20.48,25.31,5,6,20,2,7
2026-03-25 07:00:00,Computer Lab,15.32,23.65,4,5,45,2,7
2026-03-25 07:00:00,Library,15.64,28.04,5,3,15,2,7
2026-03-25 07:00:00,Hostel A,19.64,25.89,80,8,10,2,7
2026-03-25 08:00:00,Academic Block,23.98,25.91,45,6,20,2,8
2026-03-25 08:00:00,Computer Lab,17.22,27.08,4,5,45,2,8
2026-03-25 08:00:00,Library,12.13,27.84,5,3,15,2,8
2026-03-25 08:00:00,Hostel A,27.47,27.99,80,8,10,2,8
2026-03-25 09:00:00,Academic Block,29.04,28.89,45,6,20,2,9
2026-03-25 09:00:00,Computer Lab,18.82,26.65,40,5,45,2,9
2026-03-25 09:00:00,Library,19.86,29.3,25,3,15,2,9
2026-03-25 09:00:00,Hostel A,28.3,28.57,35,8,10,2,9
2026-03-25 10:00:00,Academic Block,30.68,29.09,45,6,20,2,10
2026-03-25 10:00:00,Computer Lab,26.91,28.75,40,5,45,2,10
2026-03-25 10:00:00,Library,19.36,29.68,25,3,15,2,10
2026-03-25 10:00:00,Hostel A,24.29,27.54,35,8,10,2,10
2026-03-25 11:00:00,Academic Block,30.19,28.94,45,6,20,2,11
2026-03-25 11:00:00,Computer Lab,38.96,32.65,40,5,45,2,11
2026-03-25 11:00:00,Library,24.49,31.76,25,3,15,2,11
2026-03-25 11:00:00,Hostel A,37.67,31.11,35,8,10,2,11
2026-03-25 12:00:00,Academic Block,38.37,30.44,45,6,20,2,12
2026-03-25 12:00:00,Computer Lab,28.38,29.67,40,5,45,2,12
2026-03-25 12:00:00,Library,19.65,28.92,25,3,15,2,12
2026-03-25 12:00:00,Hostel A,31.66,29.33,35,8,10,2,12
2026-03-25 13:00:00,Academic Block,27.1,27.85,45,6,20,2,13
2026-03-25 13:00:00,Computer Lab,27.53,29.06,40,5,45,2,13
2026-03-25 13:00:00,Library,19.71,29.81,25,3,15,2,13
2026-03-25 13:00:00,Hostel A,29.01,29.37,35,8,10,2,13
2026-03-25 14:00:00,Academic Block,33.4,30.34,45,6,20,2,14
2026-03-25 14:00:00,Computer Lab,26.8,29.01,40,5,45,2,14
2026-03-25 14:00:00,Library,24.06,31.27,25,3,15,2,14
2026-03-25 14:00:00,Hostel A,29.32,29.04,35,8,10,2,14
2026-03-25 15:00:00,Academic Block,20.17,26.05,45,6,20,2,15
2026-03-25 15:00:00,Computer Lab,22.3,28.09,40,5,45,2,15
2026-03-25 15:00:00,Library,14.37,26.61,25,3,15,2,15
2026-03-25 15:00:00,Hostel A,28.32,28.85,35,8,10,2,15
2026-03-25 16:00:00,Academic Block,22.95,26.67,45,6,20,2,16
2026-03-25 16:00:00,Computer Lab,23.07,28.12,40,5,45,2,16
2026-03-25 16:00:00,Library,14.96,28.03,25,3,15,2,16
2026-03-25 16:00:00,Hostel A,24.66,27.62,35,8,10,2,16
2026-03-25 17:00:00,Academic Block,28.0,27.77,45,6,20,2,17
2026-03-25 17:00:00,Computer Lab,19.49,26.64,40,5,45,2,17
2026-03-25 17:00:00,Library,9.51,25.76,25,3,15,2,17
2026-03-25 17:00:00,Hostel A,18.7,24.68,35,8,10,2,17
2026-03-25 18:00:00,Academic Block,21.38,24.87,12,6,20,2,18
2026-03-25 18:00:00,Computer Lab,15.45,26.58,4,5,45,2,18
2026-03-25 18:00:00,Library,11.51,25.98,25,3,15,2,18
2026-03-25 18:00:00,Hostel A,23.76,25.82,80,8,10,2,18
2026-03-25 19:00:00,Academic Block,18.52,25.2,12,6,20,2,19
2026-03-25 19:00:00,Computer Lab,12.86,24.92,4,5,45,2,19
2026-03-25 19:00:00,Library,12.19,25.26,25,3,15,2,19
2026-03-25 19:00:00,Hostel A,19.49,23.7,80,8,10,2,19
2026-03-25 20:00:00,Academic Block,21.29,22.03,12,6,20,2,20
2026-03-25 20:00:00,Computer Lab,16.74,21.99,4,5,45,2,20
2026-03-25 20:00:00,Library,13.82,22.54,25,3,15,2,20
2026-03-25 20:00:00,Hostel A,21.15,22.73,80,8,10,2,20
2026-03-25 21:00:00,Academic Block,21.66,21.53,12,6,20,2,21
2026-03-25 21:00:00,Computer Lab,15.5,22.06,4,5,45,2,21
2026-03-25 21:00:00,Library,12.36,24.17,5,3,15,2,21
2026-03-25 21:00:00,Hostel A,23.03,22.44,80,8,10,2,21
2026-03-25 22:00:00,Academic Block,19.84,21.55,5,6,20,2,22
2026-03-25 22:00:00,Computer Lab,16.26,18.05,4,5,45,2,22
2026-03-25 22:00:00,Library,9.88,20.48,5,3,15,2,22
2026-03-25 22:00:00,Hostel A,20.22,20.44,80,8,10,2,22
2026-03-25 23:00:00,Academic Block,20.57,18.0,5,6,20,2,23
2026-03-25 23:00:00,Computer Lab,12.05,20.72,4,5,45,2,23
2026-03-25 23:00:00,Library,11.95,19.48,5,3,15,2,23
2026-03-25 23:00:00,Hostel A,20.82,19.83,35,8,10,2,23
2026-03-26 00:00:00,Academic Block,16.66,21.26,5,6,20,3,0
2026-03-26 00:00:00,Computer Lab,15.0,19.83,4,5,45,3,0
2026-03-26 00:00:00,Library,8.44,18.33,5,3,15,3,0
2026-03-26 00:00:00,Hostel A,17.99,19.03,35,8,10,3,0
2026-03-26 01:00:00,Academic Block,20.27,20.51,5,6,20,3,1
2026-03-26 01:00:00,Computer Lab,16.8,20.79,4,5,45,3,1
2026-03-26 01:00:00,Library,11.53,19.85,5,3,15,3,1
2026-03-26 01:00:00,Hostel A,18.29,19.99,35,8,10,3,1
2026-03-26 02:00:00,Academic Block,15.2,22.95,5,6,20,3,2
2026-03-26 02:00:00,Computer Lab,16.24,18.42,4,5,45,3,2
2026-03-26 02:00:00,Library,8.47,20.35,5,3,15,3,2
2026-03-26 02:00:00,Hostel A,17.56,19.4,35,8,10,3,2
2026-03-26 03:00:00,Academic Block,20.52,22.54,5,6,20,3,3
2026-03-26 03:00:00,Computer Lab,13.29,23.43,4,5,45,3,3
2026-03-26 03:00:00,Library,8.47,19.82,5,3,15,3,3
2026-03-26 03:00:00,Hostel A,19.58,23.01,35,8,10,3,3
2026-03-26 04:00:00,Academic Block,19.04,22.6,5,6,20,3,4
2026-03-26 04:00:00,Computer Lab,13.99,22.43,4,5,45,3,4
2026-03-26 04:00:00,Library,10.35,23.12,5,3,15,3,4
2026-03-26 04:00:00,Hostel A,19.81,21.06,35,8,10,3,4
2026-03-26 05:00:00,Academic Block,19.04,23.19,5,6,20,3,5
2026-03-26 05:00:00,Computer Lab,17.01,23.56,4,5,45,3,5
2026-03-26 05:00:00,Library,9.3,23.97,5,3,15,3,5
2026-03-26 05:00:00,Hostel A,19.48,24.09,35,8,10,3,5
2026-03-26 06:00:00,Academic Block,20.25,25.61,5,6,20,3,6
2026-03-26 06:00:00,Computer Lab,16.67,24.26,4,5,45,3,6
2026-03-26 06:00:00,Library,10.45,22.93,5,3,15,3,6
2026-03-26 06:00:00,Hostel A,24.72,24.67,80,8,10,3,6
2026-03-26 07:00:00,Academic Block,19.76,26.11,5,6,20,3,7
2026-03-26 07:00:00,Computer Lab,15.14,24.18,4,5,45,3,7
2026-03-26 07:00:00,Library,14.34,25.28,5,3,15,3,7
2026-03-26 07:00:00,Hostel A,22.66,25.49,80,8,10,3,7
2026-03-26 08:00:00,Academic Block,23.2,27.65,45,6,20,3,8
2026-03-26 08:00:00,Computer Lab,17.49,26.87,4,5,45,3,8
2026-03-26 08:00:00,Library,10.05,27.6,5,3,15,3,8
2026-03-26 08:00:00,Hostel A,25.23,26.82,80,8,10,3,8
2026-03-26 09:00:00,Academic Block,32.97,29.24,45,6,20,3,9
2026-03-26 09:00:00,Computer Lab,22.98,27.35,40,5,45,3,9
2026-03-26 09:00:00,Library,19.64,28.48,25,3,15,3,9
2026-03-26 09:00:00,Hostel A,23.74,28.54,35,8,10,3,9
2026-03-26 10:00:00,Academic Block,34.36,30.35,45,6,20,3,10
2026-03-26 10:00:00,Computer Lab,23.69,28.88,40,5,45,3,10
2026-03-26 10:00:00,Library,23.32,31.28,25,3,15,3,10
2026-03-26 10:00:00,Hostel A,37.43,31.22,35,8,10,3,10
2026-03-26 11:00:00,Academic Block,31.29,28.72,45,6,20,3,11
2026-03-26 11:00:00,Computer Lab,28.49,29.74,40,5,45,3,11
2026-03-26 11:00:00,Library,16.1,28.29,25,3,15,3,11
2026-03-26 11:00:00,Hostel A,32.45,30.34,35,8,10,3,11
2026-03-26 12:00:00,Academic Block,30.91,29.35,45,6,20,3,12
2026-03-26 12:00:00,Computer Lab,31.87,30.08,40,5,45,3,12
2026-03-26 12:00:00,Library,19.06,29.64,25,3,15,3,12
2026-03-26 12:00:00,Hostel A,46.14,33.3,35,8,10,3,12
2026-03-26 13:00:00,Academic Block,31.87,29.6,45,6,20,3,13
2026-03-26 13:00:00,Computer Lab,27.93,29.5,40,5,45,3,13
2026-03-26 13:00:00,Library,23.87,30.93,25,3,15,3,13
2026-03-26 13:00:00,Hostel A,39.23,31.12,35,8,10,3,13
2026-03-26 14:00:00,Academic Block,32.9,29.58,45,6,20,3,14
2026-03-26 14:00:00,Computer Lab,29.81,30.66,40,5,45,3,14
2026-03-26 14:00:00,Library,25.91,32.33,25,3,15,3,14
2026-03-26 14:00:00,Hostel A,26.55,28.91,35,8,10,3,14
2026-03-26 15:00:00,Academic Block,25.17,27.12,45,6,20,3,15
2026-03-26 15:00:00,Computer Lab,32.52,31.26,40,5,45,3,15
2026-03-26 15:00:00,Library,18.74,28.95,25,3,15,3,15
2026-03-26 15:00:00,Hostel A,35.17,29.74,35,8,10,3,15
2026-03-26 16:00:00,Academic Block,31.08,29.33,45,6,20,3,16
2026-03-26 16:00:00,Computer Lab,24.47,28.13,40,5,45,3,16
2026-03-26 16:00:00,Library,13.15,27.48,25,3,15,3,16
2026-03-26 16:00:00,Hostel A,21.43,26.54,35,8,10,3,16
2026-03-26 17:00:00,Academic Block,25.77,27.8,45,6,20,3,17
2026-03-26 17:00:00,Computer Lab,21.2,26.61,40,5,45,3,17
2026-03-26 17:00:00,Library,11.56,24.25,25,3,15,3,17
2026-03-26 17:00:00,Hostel A,28.0,28.72,35,8,10,3,17
2026-03-26 18:00:00,Academic Block,19.44,23.64,12,6,20,3,18
2026-03-26 18:00:00,Computer Lab,12.17,26.23,4,5,45,3,18
2026-03-26 18:00:00,Library,11.67,25.21,25,3,15,3,18
2026-03-26 18:00:00,Hostel A,22.67,23.03,80,8,10,3,18
2026-03-26 19:00:00,Academic Block,19.22,23.54,12,6,20,3,19
2026-03-26 19:00:00,Computer Lab,14.14,23.29,4,5,45,3,19
2026-03-26 19:00:00,Library,11.19,21.96,25,3,15,3,19
2026-03-26 19:00:00,Hostel A,22.9,24.74,80,8,10,3,19
2026-03-26 20:00:00,Academic Block,17.7,22.42,12,6,20,3,20
2026-03-26 20:00:00,Computer Lab,16.78,22.05,4,5,45,3,20
2026-03-26 20:00:00,Library,11.51,23.11,25,3,15,3,20
2026-03-26 20:00:00,Hostel A,21.54,19.37,80,8,10,3,20
2026-03-26 21:00:00,Academic Block,17.9,20.89,12,6,20,3,21
2026-03-26 21:00:00,Computer Lab,16.89,20.97,4,5,45,3,21
2026-03-26 21:00:00,Library,12.11,21.42,5,3,15,3,21
2026-03-26 21:00:00,Hostel A,22.09,19.65,80,8,10,3,21
2026-03-26 22:00:00,Academic Block,18.06,18.34,5,6,20,3,22
2026-03-26 22:00:00,Computer Lab,17.59,19.42,4,5,45,3,22
2026-03-26 22:00:00,Library,12.15,21.16,5,3,15,3,22
2026-03-26 22:00:00,Hostel A,21.02,20.15,80,8,10,3,22
2026-03-26 23:00:00,Academic Block,19.1,18.91,5,6,20,3,23
2026-03-26 23:00:00,Computer Lab,16.29,22.34,4,5,45,3,23
2026-03-26 23:00:00,Library,10.34,19.72,5,3,15,3,23
2026-03-26 23:00:00,Hostel A,21.99,20.13,35,8,10,3,23
2026-03-27 00:00:00,Academic Block,19.09,21.48,5,6,20,4,0
2026-03-27 00:00:00,Computer Lab,16.12,20.13,4,5,45,4,0
2026-03-27 00:00:00,Library,10.01,20.59,5,3,15,4,0
2026-03-27 00:00:00,Hostel A,20.5,18.99,35,8,10,4,0
2026-03-27 01:00:00,Academic Block,20.12,20.2,5,6,20,4,1
2026-03-27 01:00:00,Computer Lab,16.45,22.15,4,5,45,4,1
2026-03-27 01:00:00,Library,15.43,20.6,5,3,15,4,1
2026-03-27 01:00:00,Hostel A,17.31,20.42,35,8,10,4,1
2026-03-27 02:00:00,Academic Block,21.03,20.33,5,6,20,4,2
2026-03-27 02:00:00,Computer Lab,14.54,19.12,4,5,45,4,2
2026-03-27 02:00:00,Library,10.22,22.0,5,3,15,4,2
2026-03-27 02:00:00,Hostel A,20.56,20.54,35,8,10,4,2
2026-03-27 03:00:00,Academic Block,16.5,20.6,5,6,20,4,3
2026-03-27 03:00:00,Computer Lab,16.54,19.8,4,5,45,4,3
2026-03-27 03:00:00,Library,9.59,21.78,5,3,15,4,3
2026-03-27 03:00:00,Hostel A,18.54,20.07,35,8,10,4,3
2026-03-27 04:00:00,Academic Block,17.45,23.84,5,6,20,4,4
2026-03-27 04:00:00,Computer Lab,13.88,21.7,4,5,45,4,4
2026-03-27 04:00:00,Library,11.13,22.06,5,3,15,4,4
2026-03-27 04:00:00,Hostel A,19.28,25.04,35,8,10,4,4
2026-03-27 05:00:00,Academic Block,19.99,23.64,5,6,20,4,5
2026-03-27 05:00:00,Computer Lab,14.8,24.54,4,5,45,4,5
2026-03-27 05:00:00,Library,11.24,26.47,5,3,15,4,5
2026-03-27 05:00:00,Hostel A,19.78,23.99,35,8,10,4,5
2026-03-27 06:00:00,Academic Block,20.99,25.42,5,6,20,4,6
2026-03-27 06:00:00,Computer Lab,16.85,24.29,4,5,45,4,6
2026-03-27 06:00:00,Library,12.1,25.2,5,3,15,4,6
2026-03-27 06:00:00,Hostel A,22.02,24.74,80,8,10,4,6
2026-03-27 07:00:00,Academic Block,21.24,27.17,5,6,20,4,7
2026-03-27 07:00:00,Computer Lab,17.69,25.31,4,5,45,4,7
2026-03-27 07:00:00,Library,12.34,27.17,5,3,15,4,7
2026-03-27 07:00:00,Hostel A,23.1,25.73,80,8,10,4,7
2026-03-27 08:00:00,Academic Block,25.43,28.29,45,6,20,4,8
2026-03-27 08:00:00,Computer Lab,21.04,27.95,4,5,45,4,8
2026-03-27 08:00:00,Library,10.92,24.68,5,3,15,4,8
2026-03-27 08:00:00,Hostel A,30.42,28.33,80,8,10,4,8
2026-03-27 09:00:00,Academic Block,31.55,29.5,45,6,20,4,9
2026-03-27 09:00:00,Computer Lab,18.16,27.29,40,5,45,4,9
2026-03-27 09:00:00,Library,21.65,29.85,25,3,15,4,9
2026-03-27 09:00:00,Hostel A,31.6,29.94,35,8,10,4,9
2026-03-27 10:00:00,Academic Block,32.58,30.29,45,6,20,4,10
2026-03-27 10:00:00,Computer Lab,24.19,28.29,40,5,45,4,10
2026-03-27 10:00:00,Library,23.8,30.13,25,3,15,4,10
2026-03-27 10:00:00,Hostel A,27.63,29.04,35,8,10,4,10
2026-03-27 11:00:00,Academic Block,28.32,28.73,45,6,20,4,11
2026-03-27 11:00:00,Computer Lab,38.39,32.49,40,5,45,4,11
2026-03-27 11:00:00,Library,23.47,31.16,25,3,15,4,11
2026-03-27 11:00:00,Hostel A,33.28,29.83,35,8,10,4,11
2026-03-27 12:00:00,Academic Block,31.24,29.39,45,6,20,4,12
2026-03-27 12:00:00,Computer Lab,26.18,29.19,40,5,45,4,12
2026-03-27 12:00:00,Library,19.89,30.06,25,3,15,4,12
2026-03-27 12:00:00,Hostel A,34.82,30.34,35,8,10,4,12
2026-03-27 13:00:00,Academic Block,31.21,29.61,45,6,20,4,13
2026-03-27 13:00:00,Computer Lab,28.5,29.96,40,5,45,4,13
2026-03-27 13:00:00,Library,22.34,29.89,25,3,15,4,13
2026-03-27 13:00:00,Hostel A,29.18,28.33,35,8,10,4,13
2026-03-27 14:00:00,Academic Block,31.77,29.24,45,6,20,4,14
2026-03-27 14:00:00,Computer Lab,26.16,28.43,40,5,45,4,14
2026-03-27 14:00:00,Library,18.37,29.18,25,3,15,4,14
2026-03-27 14:00:00,Hostel A,26.83,28.64,35,8,10,4,14
2026-03-27 15:00:00,Academic Block,30.69,29.04,45,6,20,4,15
2026-03-27 15:00:00,Computer Lab,23.57,28.49,40,5,45,4,15
2026-03-27 15:00:00,Library,14.43,27.61,25,3,15,4,15
2026-03-27 15:00:00,Hostel A,30.11,29.09,35,8,10,4,15
2026-03-27 16:00:00,Academic Block,28.4,28.46,45,6,20,4,16
2026-03-27 16:00:00,Computer Lab,22.72,27.96,40,5,45,4,16
2026-03-27 16:00:00,Library,11.9,25.41,25,3,15,4,16
2026-03-27 16:00:00,Hostel A,19.0,27.05,35,8,10,4,16
2026-03-27 17:00:00,Academic Block,22.1,25.61,45,6,20,4,17
2026-03-27 17:00:00,Computer Lab,17.48,24.93,40,5,45,4,17
2026-03-27 17:00:00,Library,14.04,28.15,25,3,15,4,17
2026-03-27 17:00:00,Hostel A,17.3,26.07,35,8,10,4,17
2026-03-27 18:00:00,Academic Block,18.96,24.1,12,6,20,4,18
2026-03-27 18:00:00,Computer Lab,16.53,23.81,4,5,45,4,18
2026-03-27 18:00:00,Library,14.36,26.62,25,3,15,4,18
2026-03-27 18:00:00,Hostel A,20.8,26.23,80,8,10,4,18
2026-03-27 19:00:00,Academic Block,19.96,23.41,12,6,20,4,19
2026-03-27 19:00:00,Computer Lab,18.3,24.75,4,5,45,4,19
2026-03-27 19:00:00,Library,13.57,24.99,25,3,15,4,19
2026-03-27 19:00:00,Hostel A,23.91,26.87,80,8,10,4,19
2026-03-27 20:00:00,Academic Block,19.53,22.15,12,6,20,4,20
2026-03-27 20:00:00,Computer Lab,15.77,21.4,4,5,45,4,20
2026-03-27 20:00:00,Library,11.43,20.43,25,3,15,4,20
2026-03-27 20:00:00,Hostel A,23.97,22.36,80,8,10,4,20
2026-03-27 21:00:00,Academic Block,17.81,22.8,12,6,20,4,21
2026-03-27 21:00:00,Computer Lab,15.89,23.96,4,5,45,4,21
2026-03-27 21:00:00,Library,8.2,21.75,5,3,15,4,21
2026-03-27 21:00:00,Hostel A,24.12,20.72,80,8,10,4,21
2026-03-27 22:00:00,Academic Block,18.86,20.87,5,6,20,4,22
2026-03-27 22:00:00,Computer Lab,13.51,20.94,4,5,45,4,22
2026-03-27 22:00:00,Library,12.74,20.55,5,3,15,4,22
2026-03-27 22:00:00,Hostel A,22.36,21.97,80,8,10,4,22
2026-03-27 23:00:00,Academic Block,16.81,22.05,5,6,20,4,23
2026-03-27 23:00:00,Computer Lab,18.47,19.0,4,5,45,4,23
2026-03-27 23:00:00,Library,10.19,20.86,5,3,15,4,23
2026-03-27 23:00:00,Hostel A,17.74,20.1,35,8,10,4,23
2026-03-28 00:00:00,Academic Block,19.0,20.33,5,6,20,5,0
2026-03-28 00:00:00,Computer Lab,13.93,20.02,4,5,45,5,0
2026-03-28 00:00:00,Library,9.83,20.32,5,3,15,5,0
2026-03-28 00:00:00,Hostel A,20.85,18.82,35,8,10,5,0
2026-03-28 01:00:00,Academic Block,21.61,22.77,5,6,20,5,1
2026-03-28 01:00:00,Computer Lab,15.27,20.95,4,5,45,5,1
2026-03-28 01:00:00,Library,11.23,20.09,5,3,15,5,1
2026-03-28 01:00:00,Hostel A,20.93,19.67,35,8,10,5,1
2026-03-28 02:00:00,Academic Block,18.26,18.23,5,6,20,5,2
2026-03-28 02:00:00,Computer Lab,14.4,21.63,4,5,45,5,2
2026-03-28 02:00:00,Library,11.52,20.38,5,3,15,5,2
2026-03-28 02:00:00,Hostel A,17.01,22.49,35,8,10,5,2
2026-03-28 03:00:00,Academic Block,17.28,19.82,5,6,20,5,3
2026-03-28 03:00:00,Computer Lab,13.47,19.62,4,5,45,5,3
2026-03-28 03:00:00,Library,12.48,20.3,5,3,15,5,3
2026-03-28 03:00:00,Hostel A,19.0,21.09,35,8,10,5,3
2026-03-28 04:00:00,Academic Block,19.65,21.35,5,6,20,5,4
2026-03-28 04:00:00,Computer Lab,14.34,24.75,4,5,45,5,4
2026-03-28 04:00:00,Library,11.17,24.57,5,3,15,5,4
2026-03-28 04:00:00,Hostel A,19.55,22.52,35,8,10,5,4
2026-03-28 05:00:00,Academic Block,21.49,24.17,5,6,20,5,5
2026-03-28 05:00:00,Computer Lab,16.48,24.33,4,5,45,5,5
2026-03-28 05:00:00,Library,11.88,23.2,5,3,15,5,5
2026-03-28 05:00:00,Hostel A,19.11,22.56,35,8,10,5,5
2026-03-28 06:00:00,Academic Block,21.45,28.46,5,6,20,5,6
2026-03-28 06:00:00,Computer Lab,16.08,25.28,4,5,45,5,6
2026-03-28 06:00:00,Library,10.32,24.73,5,3,15,5,6
2026-03-28 06:00:00,Hostel A,22.17,25.11,80,8,10,5,6
2026-03-28 07:00:00,Academic Block,18.75,26.56,5,6,20,5,7
2026-03-28 07:00:00,Computer Lab,22.11,28.72,4,5,45,5,7
2026-03-28 07:00:00,Library,10.99,26.98,5,3,15,5,7
2026-03-28 07:00:00,Hostel A,26.79,27.41,80,8,10,5,7
2026-03-28 08:00:00,Academic Block,22.07,28.0,5,6,20,5,8
2026-03-28 08:00:00,Computer Lab,19.04,26.6,4,5,45,5,8
2026-03-28 08:00:00,Library,12.4,26.58,5,3,15,5,8
2026-03-28 08:00:00,Hostel A,24.58,26.37,80,8,10,5,8
2026-03-28 09:00:00,Academic Block,21.15,27.71,5,6,20,5,9
2026-03-28 09:00:00,Computer Lab,18.38,27.68,4,5,45,5,9
2026-03-28 09:00:00,Library,18.68,29.02,25,3,15,5,9
2026-03-28 09:00:00,Hostel A,21.24,27.22,35,8,10,5,9
2026-03-28 10:00:00,Academic Block,24.42,27.96,5,6,20,5,10
2026-03-28 10:00:00,Computer Lab,27.5,30.32,4,5,45,5,10
2026-03-28 10:00:00,Library,22.76,29.66,25,3,15,5,10
2026-03-28 10:00:00,Hostel A,27.93,29.14,35,8,10,5,10
2026-03-28 11:00:00,Academic Block,30.74,30.52,5,6,20,5,11
2026-03-28 11:00:00,Computer Lab,24.29,29.58,4,5,45,5,11
2026-03-28 11:00:00,Library,18.12,28.99,25,3,15,5,11
2026-03-28 11:00:00,Hostel A,38.43,30.91,35,8,10,5,11
2026-03-28 12:00:00,Academic Block,34.99,31.11,5,6,20,5,12
2026-03-28 12:00:00,Computer Lab,22.01,29.69,4,5,45,5,12
2026-03-28 12:00:00,Library,18.64,30.44,25,3,15,5,12
2026-03-28 12:00:00,Hostel A,23.01,27.69,35,8,10,5,12
2026-03-28 13:00:00,Academic Block,30.44,30.15,5,6,20,5,13
2026-03-28 13:00:00,Computer Lab,32.48,31.67,4,5,45,5,13
2026-03-28 13:00:00,Library,21.9,29.53,25,3,15,5,13
2026-03-28 13:00:00,Hostel A,40.89,31.71,35,8,10,5,13
2026-03-28 14:00:00,Academic Block,24.17,28.4,5,6,20,5,14
2026-03-28 14:00:00,Computer Lab,18.88,27.59,4,5,45,5,14
2026-03-28 14:00:00,Library,15.75,28.07,25,3,15,5,14
2026-03-28 14:00:00,Hostel A,28.47,29.64,35,8,10,5,14
2026-03-28 15:00:00,Academic Block,19.41,27.02,5,6,20,5,15
2026-03-28 15:00:00,Computer Lab,20.97,28.47,4,5,45,5,15
2026-03-28 15:00:00,Library,15.53,28.21,25,3,15,5,15
2026-03-28 15:00:00,Hostel A,19.26,26.8,35,8,10,5,15
2026-03-28 16:00:00,Academic Block,20.49,27.24,5,6,20,5,16
2026-03-28 16:00:00,Computer Lab,19.7,27.63,4,5,45,5,16
2026-03-28 16:00:00,Library,15.9,28.32,25,3,15,5,16
2026-03-28 16:00:00,Hostel A,20.86,25.61,35,8,10,5,16
2026-03-28 17:00:00,Academic Block,18.33,26.76,5,6,20,5,17
2026-03-28 17:00:00,Computer Lab,18.15,26.63,4,5,45,5,17
2026-03-28 17:00:00,Library,17.36,28.37,25,3,15,5,17
2026-03-28 17:00:00,Hostel A,20.91,27.57,35,8,10,5,17
2026-03-28 18:00:00,Academic Block,18.76,24.96,12,6,20,5,18
2026-03-28 18:00:00,Computer Lab,18.09,25.41,4,5,45,5,18
2026-03-28 18:00:00,Library,10.82,25.3,25,3,15,5,18
2026-03-28 18:00:00,Hostel A,25.02,23.48,80,8,10,5,18
2026-03-28 19:00:00,Academic Block,19.93,24.32,12,6,20,5,19
2026-03-28 19:00:00,Computer Lab,16.07,23.29,4,5,45,5,19
2026-03-28 19:00:00,Library,12.81,22.52,25,3,15,5,19
2026-03-28 19:00:00,Hostel A,22.01,22.3,80,8,10,5,19
2026-03-28 20:00:00,Academic Block,14.37,21.73,12,6,20,5,20
2026-03-28 20:00:00,Computer Lab,14.32,22.08,4,5,45,5,20
2026-03-28 20:00:00,Library,12.23,22.25,25,3,15,5,20
2026-03-28 20:00:00,Hostel A,23.01,24.62,80,8,10,5,20
2026-03-28 21:00:00,Academic Block,20.0,21.87,12,6,20,5,21
2026-03-28 21:00:00,Computer Lab,16.35,22.51,4,5,45,5,21
2026-03-28 21:00:00,Library,11.69,21.8,5,3,15,5,21
2026-03-28 21:00:00,Hostel A,25.68,18.55,80,8,10,5,21
2026-03-28 22:00:00,Academic Block,19.03,22.58,5,6,20,5,22
2026-03-28 22:00:00,Computer Lab,17.49,18.97,4,5,45,5,22
2026-03-28 22:00:00,Library,11.43,19.84,5,3,15,5,22
2026-03-28 22:00:00,Hostel A,25.89,19.13,80,8,10,5,22
2026-03-28 23:00:00,Academic Block,18.8,18.44,5,6,20,5,23
2026-03-28 23:00:00,Computer Lab,15.61,17.62,4,5,45,5,23
2026-03-28 23:00:00,Library,12.33,19.66,5,3,15,5,23
2026-03-28 23:00:00,Hostel A,20.66,19.66,35,8,10,5,23
2026-03-29 00:00:00,Academic Block,18.28,18.77,5,6,20,6,0
2026-03-29 00:00:00,Computer Lab,16.41,19.69,4,5,45,6,0
2026-03-29 00:00:00,Library,11.71,20.44,5,3,15,6,0
2026-03-29 00:00:00,Hostel A,19.94,20.32,35,8,10,6,0
2026-03-29 01:00:00,Academic Block,19.28,19.09,5,6,20,6,1
2026-03-29 01:00:00,Computer Lab,13.15,22.1,4,5,45,6,1
2026-03-29 01:00:00,Library,11.64,20.76,5,3,15,6,1
2026-03-29 01:00:00,Hostel A,20.04,21.92,35,8,10,6,1
2026-03-29 02:00:00,Academic Block,19.35,20.79,5,6,20,6,2
2026-03-29 02:00:00,Computer Lab,15.09,19.79,4,5,45,6,2
2026-03-29 02:00:00,Library,12.86,19.07,5,3,15,6,2
2026-03-29 02:00:00,Hostel A,17.58,21.21,35,8,10,6,2
2026-03-29 03:00:00,Academic Block,20.44,21.79,5,6,20,6,3
2026-03-29 03:00:00,Computer Lab,14.28,22.66,4,5,45,6,3
2026-03-29 03:00:00,Library,11.22,17.7,5,3,15,6,3
2026-03-29 03:00:00,Hostel A,19.88,20.4,35,8,10,6,3
2026-03-29 04:00:00,Academic Block,20.37,23.64,5,6,20,6,4
2026-03-29 04:00:00,Computer Lab,17.52,24.59,4,5,45,6,4
2026-03-29 04:00:00,Library,12.69,24.6,5,3,15,6,4
2026-03-29 04:00:00,Hostel A,18.89,24.26,35,8,10,6,4
2026-03-29 05:00:00,Academic Block,22.42,22.16,5,6,20,6,5
2026-03-29 05:00:00,Computer Lab,17.51,23.78,4,5,45,6,5
2026-03-29 05:00:00,Library,12.07,23.05,5,3,15,6,5
2026-03-29 05:00:00,Hostel A,18.33,20.77,35,8,10,6,5
2026-03-29 06:00:00,Academic Block,19.39,24.88,5,6,20,6,6
2026-03-29 06:00:00,Computer Lab,14.43,26.29,4,5,45,6,6
2026-03-29 06:00:00,Library,12.47,25.79,5,3,15,6,6
2026-03-29 06:00:00,Hostel A,28.43,27.82,80,8,10,6,6
2026-03-29 07:00:00,Academic Block,16.79,25.74,5,6,20,6,7
2026-03-29 07:00:00,Computer Lab,22.87,28.49,4,5,45,6,7
2026-03-29 07:00:00,Library,8.57,26.27,5,3,15,6,7
2026-03-29 07:00:00,Hostel A,23.5,25.18,80,8,10,6,7
2026-03-29 08:00:00,Academic Block,20.42,27.92,5,6,20,6,8
2026-03-29 08:00:00,Computer Lab,18.68,28.26,4,5,45,6,8
2026-03-29 08:00:00,Library,17.54,29.12,5,3,15,6,8
2026-03-29 08:00:00,Hostel A,25.36,26.94,80,8,10,6,8
2026-03-29 09:00:00,Academic Block,28.95,28.96,5,6,20,6,9
2026-03-29 09:00:00,Computer Lab,22.42,28.63,4,5,45,6,9
2026-03-29 09:00:00,Library,15.34,28.19,5,3,15,6,9
2026-03-29 09:00:00,Hostel A,34.6,30.57,35,8,10,6,9
2026-03-29 10:00:00,Academic Block,29.66,30.11,5,6,20,6,10
2026-03-29 10:00:00,Computer Lab,17.17,26.85,4,5,45,6,10
2026-03-29 10:00:00,Library,18.66,29.77,5,3,15,6,10
2026-03-29 10:00:00,Hostel A,23.05,27.53,35,8,10,6,10
2026-03-29 11:00:00,Academic Block,29.79,30.15,5,6,20,6,11
2026-03-29 11:00:00,Computer Lab,20.49,28.21,4,5,45,6,11
2026-03-29 11:00:00,Library,21.5,30.61,5,3,15,6,11
2026-03-29 11:00:00,Hostel A,28.0,28.77,35,8,10,6,11
2026-03-29 12:00:00,Academic Block,32.57,31.06,5,6,20,6,12
2026-03-29 12:00:00,Computer Lab,28.77,30.08,4,5,45,6,12
2026-03-29 12:00:00,Library,17.36,28.47,5,3,15,6,12
2026-03-29 12:00:00,Hostel A,40.78,31.94,35,8,10,6,12
2026-03-29 13:00:00,Academic Block,30.11,29.42,5,6,20,6,13
2026-03-29 13:00:00,Computer Lab,21.75,29.61,4,5,45,6,13
2026-03-29 13:00:00,Library,19.37,29.71,5,3,15,6,13
2026-03-29 13:00:00,Hostel A,34.64,30.72,35,8,10,6,13
2026-03-29 14:00:00,Academic Block,28.59,29.01,5,6,20,6,14
2026-03-29 14:00:00,Computer Lab,21.89,29.26,4,5,45,6,14
2026-03-29 14:00:00,Library,21.05,30.82,5,3,15,6,14
2026-03-29 14:00:00,Hostel A,33.54,30.64,35,8,10,6,14
2026-03-29 15:00:00,Academic Block,25.73,28.39,5,6,20,6,15
2026-03-29 15:00:00,Computer Lab,19.8,28.43,4,5,45,6,15
2026-03-29 15:00:00,Library,12.91,25.67,5,3,15,6,15
2026-03-29 15:00:00,Hostel A,29.8,28.83,35,8,10,6,15
2026-03-29 16:00:00,Academic Block,26.65,28.61,5,6,20,6,16
2026-03-29 16:00:00,Computer Lab,18.16,27.11,4,5,45,6,16
2026-03-29 16:00:00,Library,17.59,29.22,5,3,15,6,16
2026-03-29 16:00:00,Hostel A,29.79,29.78,35,8,10,6,16
2026-03-29 17:00:00,Academic Block,20.18,24.37,5,6,20,6,17
2026-03-29 17:00:00,Computer Lab,18.74,25.31,4,5,45,6,17
2026-03-29 17:00:00,Library,16.61,27.9,5,3,15,6,17
2026-03-29 17:00:00,Hostel A,20.46,27.36,35,8,10,6,17
2026-03-29 18:00:00,Academic Block,21.5,23.01,12,6,20,6,18
2026-03-29 18:00:00,Computer Lab,18.05,23.2,4,5,45,6,18
2026-03-29 18:00:00,Library,10.51,25.8,5,3,15,6,18
2026-03-29 18:00:00,Hostel A,23.25,25.53,80,8,10,6,18
2026-03-29 19:00:00,Academic Block,21.4,23.46,12,6,20,6,19
2026-03-29 19:00:00,Computer Lab,15.9,25.38,4,5,45,6,19
2026-03-29 19:00:00,Library,12.58,22.99,5,3,15,6,19
2026-03-29 19:00:00,Hostel A,23.22,21.28,80,8,10,6,19
2026-03-29 20:00:00,Academic Block,18.02,23.39,12,6,20,6,20
2026-03-29 20:00:00,Computer Lab,15.63,23.67,4,5,45,6,20
2026-03-29 20:00:00,Library,12.07,21.85,5,3,15,6,20
2026-03-29 20:00:00,Hostel A,23.85,21.2,80,8,10,6,20
2026-03-29 21:00:00,Academic Block,19.69,19.09,12,6,20,6,21
2026-03-29 21:00:00,Computer Lab,14.86,21.52,4,5,45,6,21
2026-03-29 21:00:00,Library,10.51,21.93,5,3,15,6,21
2026-03-29 21:00:00,Hostel A,23.39,22.73,80,8,10,6,21
2026-03-29 22:00:00,Academic Block,19.14,21.21,5,6,20,6,22
2026-03-29 22:00:00,Computer Lab,15.22,20.1,4,5,45,6,22
2026-03-29 22:00:00,Library,10.36,20.97,5,3,15,6,22
2026-03-29 22:00:00,Hostel A,22.69,22.0,80,8,10,6,22
2026-03-29 23:00:00,Academic Block,16.6,20.62,5,6,20,6,23
2026-03-29 23:00:00,Computer Lab,14.8,21.3,4,5,45,6,23
2026-03-29 23:00:00,Library,13.09,18.92,5,3,15,6,23
2026-03-29 23:00:00,Hostel A,20.42,21.01,35,8,10,6,23
2026-03-30 00:00:00,Academic Block,18.56,20.55,5,6,20,0,0
2026-03-30 00:00:00,Computer Lab,16.84,19.66,4,5,45,0,0
2026-03-30 00:00:00,Library,10.52,21.36,5,3,15,0,0
2026-03-30 00:00:00,Hostel A,18.65,22.49,35,8,10,0,0
2026-03-30 01:00:00,Academic Block,16.12,18.5,5,6,20,0,1
2026-03-30 01:00:00,Computer Lab,15.05,18.15,4,5,45,0,1
2026-03-30 01:00:00,Library,11.65,19.89,5,3,15,0,1
2026-03-30 01:00:00,Hostel A,20.22,20.14,35,8,10,0,1
2026-03-30 02:00:00,Academic Block,18.72,20.72,5,6,20,0,2
2026-03-30 02:00:00,Computer Lab,17.8,19.98,4,5,45,0,2
2026-03-30 02:00:00,Library,11.08,18.83,5,3,15,0,2
2026-03-30 02:00:00,Hostel A,20.12,20.45,35,8,10,0,2
2026-03-30 03:00:00,Academic Block,18.71,21.44,5,6,20,0,3
2026-03-30 03:00:00,Computer Lab,17.76,21.14,4,5,45,0,3
2026-03-30 03:00:00,Library,13.58,21.47,5,3,15,0,3
2026-03-30 03:00:00,Hostel A,18.98,21.79,35,8,10,0,3
2026-03-30 04:00:00,Academic Block,19.55,22.33,5,6,20,0,4
2026-03-30 04:00:00,Computer Lab,15.89,21.79,4,5,45,0,4
2026-03-30 04:00:00,Library,11.11,22.51,5,3,15,0,4
2026-03-30 04:00:00,Hostel A,19.55,22.92,35,8,10,0,4
2026-03-30 05:00:00,Academic Block,21.05,23.82,5,6,20,0,5
2026-03-30 05:00:00,Computer Lab,19.58,24.21,4,5,45,0,5
2026-03-30 05:00:00,Library,12.06,23.77,5,3,15,0,5
2026-03-30 05:00:00,Hostel A,21.05,22.83,35,8,10,0,5
2026-03-30 06:00:00,Academic Block,19.38,24.15,5,6,20,0,6
2026-03-30 06:00:00,Computer Lab,16.35,24.68,4,5,45,0,6
2026-03-30 06:00:00,Library,9.44,24.72,5,3,15,0,6
2026-03-30 06:00:00,Hostel A,24.86,24.67,80,8,10,0,6
2026-03-30 07:00:00,Academic Block,17.96,26.85,5,6,20,0,7
2026-03-30 07:00:00,Computer Lab,17.65,27.61,4,5,45,0,7
2026-03-30 07:00:00,Library,13.31,27.19,5,3,15,0,7
2026-03-30 07:00:00,Hostel A,26.87,27.03,80,8,10,0,7
2026-03-30 08:00:00,Academic Block,23.52,26.51,45,6,20,0,8
2026-03-30 08:00:00,Computer Lab,22.44,29.01,4,5,45,0,8
2026-03-30 08:00:00,Library,11.04,26.61,5,3,15,0,8
2026-03-30 08:00:00,Hostel A,25.57,27.89,80,8,10,0,8
2026-03-30 09:00:00,Academic Block,28.88,29.2,45,6,20,0,9
2026-03-30 09:00:00,Computer Lab,30.45,30.09,40,5,45,0,9
2026-03-30 09:00:00,Library,24.01,30.83,25,3,15,0,9
2026-03-30 09:00:00,Hostel A,24.07,28.17,35,8,10,0,9
2026-03-30 10:00:00,Academic Block,32.41,29.62,45,6,20,0,10
2026-03-30 10:00:00,Computer Lab,30.38,30.75,40,5,45,0,10
2026-03-30 10:00:00,Library,27.19,31.76,25,3,15,0,10
2026-03-30 10:00:00,Hostel A,31.81,29.09,35,8,10,0,10
2026-03-30 11:00:00,Academic Block,30.22,28.89,45,6,20,0,11
2026-03-30 11:00:00,Computer Lab,26.81,28.3,40,5,45,0,11
2026-03-30 11:00:00,Library,13.55,27.85,25,3,15,0,11
2026-03-30 11:00:00,Hostel A,31.02,29.07,35,8,10,0,11
2026-03-30 12:00:00,Academic Block,37.99,31.15,45,6,20,0,12
2026-03-30 12:00:00,Computer Lab,33.08,31.22,40,5,45,0,12
2026-03-30 12:00:00,Library,24.69,30.51,25,3,15,0,12
2026-03-30 12:00:00,Hostel A,30.56,29.7,35,8,10,0,12
2026-03-30 13:00:00,Academic Block,36.29,30.39,45,6,20,0,13
2026-03-30 13:00:00,Computer Lab,30.79,29.96,40,5,45,0,13
2026-03-30 13:00:00,Library,20.16,29.59,25,3,15,0,13
2026-03-30 13:00:00,Hostel A,34.55,30.28,35,8,10,0,13
2026-03-30 14:00:00,Academic Block,38.79,31.27,45,6,20,0,14
2026-03-30 14:00:00,Computer Lab,26.93,28.97,40,5,45,0,14
2026-03-30 14:00:00,Library,23.46,30.54,25,3,15,0,14
2026-03-30 14:00:00,Hostel A,31.51,30.19,35,8,10,0,14
2026-03-30 15:00:00,Academic Block,23.81,25.54,45,6,20,0,15
2026-03-30 15:00:00,Computer Lab,26.41,29.06,40,5,45,0,15
2026-03-30 15:00:00,Library,22.32,29.37,25,3,15,0,15
2026-03-30 15:00:00,Hostel A,35.37,30.23,35,8,10,0,15
2026-03-30 16:00:00,Academic Block,21.38,26.44,45,6,20,0,16
2026-03-30 16:00:00,Computer Lab,19.5,24.64,40,5,45,0,16
2026-03-30 16:00:00,Library,19.89,28.83,25,3,15,0,16
2026-03-30 16:00:00,Hostel A,25.62,28.31,35,8,10,0,16
2026-03-30 17:00:00,Academic Block,20.66,25.62,45,6,20,0,17
2026-03-30 17:00:00,Computer Lab,17.22,26.1,40,5,45,0,17
2026-03-30 17:00:00,Library,15.1,28.4,25,3,15,0,17
2026-03-30 17:00:00,Hostel A,16.13,26.06,35,8,10,0,17
2026-03-30 18:00:00,Academic Block,19.26,25.36,12,6,20,0,18
2026-03-30 18:00:00,Computer Lab,14.27,24.57,4,5,45,0,18
2026-03-30 18:00:00,Library,11.41,25.0,25,3,15,0,18
2026-03-30 18:00:00,Hostel A,25.49,24.84,80,8,10,0,18
2026-03-30 19:00:00,Academic Block,20.06,23.91,12,6,20,0,19
2026-03-30 19:00:00,Computer Lab,14.49,23.15,4,5,45,0,19
2026-03-30 19:00:00,Library,15.98,23.68,25,3,15,0,19
2026-03-30 19:00:00,Hostel A,23.09,23.36,80,8,10,0,19
2026-03-30 20:00:00,Academic Block,15.13,21.51,12,6,20,0,20
2026-03-30 20:00:00,Computer Lab,19.24,21.55,4,5,45,0,20
2026-03-30 20:00:00,Library,14.69,23.21,25,3,15,0,20
2026-03-30 20:00:00,Hostel A,19.01,22.08,80,8,10,0,20
2026-03-30 21:00:00,Academic Block,19.86,20.13,12,6,20,0,21
2026-03-30 21:00:00,Computer Lab,15.65,21.75,4,5,45,0,21
2026-03-30 21:00:00,Library,12.03,20.83,5,3,15,0,21
2026-03-30 21:00:00,Hostel A,23.01,20.86,80,8,10,0,21
2026-03-30 22:00:00,Academic Block,18.15,20.9,5,6,20,0,22
2026-03-30 22:00:00,Computer Lab,15.03,19.61,4,5,45,0,22
2026-03-30 22:00:00,Library,12.29,22.92,5,3,15,0,22
2026-03-30 22:00:00,Hostel A,21.37,21.89,80,8,10,0,22
2026-03-30 23:00:00,Academic Block,20.34,18.45,5,6,20,0,23
2026-03-30 23:00:00,Computer Lab,15.88,21.26,4,5,45,0,23
2026-03-30 23:00:00,Library,8.43,19.73,5,3,15,0,23
2026-03-30 23:00:00,Hostel A,20.73,21.21,35,8,10,0,23
2026-03-31 00:00:00,Academic Block,17.56,19.19,5,6,20,1,0
2026-03-31 00:00:00,Computer Lab,14.71,21.49,4,5,45,1,0
2026-03-31 00:00:00,Library,10.46,22.13,5,3,15,1,0
2026-03-31 00:00:00,Hostel A,19.02,19.54,35,8,10,1,0
2026-03-31 01:00:00,Academic Block,20.39,19.71,5,6,20,1,1
2026-03-31 01:00:00,Computer Lab,17.3,21.23,4,5,45,1,1
2026-03-31 01:00:00,Library,9.94,20.39,5,3,15,1,1
2026-03-31 01:00:00,Hostel A,18.31,20.16,35,8,10,1,1
2026-03-31 02:00:00,Academic Block,20.2,22.43,5,6,20,1,2
2026-03-31 02:00:00,Computer Lab,14.28,20.56,4,5,45,1,2
2026-03-31 02:00:00,Library,10.83,22.52,5,3,15,1,2
2026-03-31 02:00:00,Hostel A,21.27,20.51,35,8,10,1,2
2026-03-31 03:00:00,Academic Block,18.22,20.85,5,6,20,1,3
2026-03-31 03:00:00,Computer Lab,13.7,21.19,4,5,45,1,3
2026-03-31 03:00:00,Library,9.48,21.84,5,3,15,1,3
2026-03-31 03:00:00,Hostel A,17.89,20.78,35,8,10,1,3
2026-03-31 04:00:00,Academic Block,17.44,21.8,5,6,20,1,4
2026-03-31 04:00:00,Computer Lab,15.44,22.8,4,5,45,1,4
2026-03-31 04:00:00,Library,14.16,22.56,5,3,15,1,4
2026-03-31 04:00:00,Hostel A,19.86,22.31,35,8,10,1,4
2026-03-31 05:00:00,Academic Block,18.61,24.57,5,6,20,1,5
2026-03-31 05:00:00,Computer Lab,15.7,24.03,4,5,45,1,5
2026-03-31 05:00:00,Library,9.75,23.95,5,3,15,1,5
2026-03-31 05:00:00,Hostel A,18.98,23.11,35,8,10,1,5
2026-03-31 06:00:00,Academic Block,20.94,22.63,5,6,20,1,6
2026-03-31 06:00:00,Computer Lab,19.19,27.59,4,5,45,1,6
2026-03-31 06:00:00,Library,12.25,25.8,5,3,15,1,6
2026-03-31 06:00:00,Hostel A,23.94,23.41,80,8,10,1,6
2026-03-31 07:00:00,Academic Block,22.14,25.78,5,6,20,1,7
2026-03-31 07:00:00,Computer Lab,17.13,26.07,4,5,45,1,7
2026-03-31 07:00:00,Library,14.03,26.08,5,3,15,1,7
2026-03-31 07:00:00,Hostel A,24.3,25.68,80,8,10,1,7
2026-03-31 08:00:00,Academic Block,28.29,28.25,45,6,20,1,8
2026-03-31 08:00:00,Computer Lab,18.51,27.77,4,5,45,1,8
2026-03-31 08:00:00,Library,12.24,24.4,5,3,15,1,8
2026-03-31 08:00:00,Hostel A,25.58,26.91,80,8,10,1,8
2026-03-31 09:00:00,Academic Block,31.95,28.96,45,6,20,1,9
2026-03-31 09:00:00,Computer Lab,24.12,29.5,40,5,45,1,9
2026-03-31 09:00:00,Library,18.68,29.27,25,3,15,1,9
2026-03-31 09:00:00,Hostel A,33.56,29.93,35,8,10,1,9
2026-03-31 10:00:00,Academic Block,33.58,30.05,45,6,20,1,10
2026-03-31 10:00:00,Computer Lab,23.19,28.23,40,5,45,1,10
2026-03-31 10:00:00,Library,13.16,27.17,25,3,15,1,10
2026-03-31 10:00:00,Hostel A,20.6,27.57,35,8,10,1,10
2026-03-31 11:00:00,Academic Block,34.49,29.97,45,6,20,1,11
2026-03-31 11:00:00,Computer Lab,27.99,29.79,40,5,45,1,11
2026-03-31 11:00:00,Library,17.3,28.69,25,3,15,1,11
2026-03-31 11:00:00,Hostel A,28.0,28.84,35,8,10,1,11
2026-03-31 12:00:00,Academic Block,28.46,28.17,45,6,20,1,12
2026-03-31 12:00:00,Computer Lab,27.82,29.32,40,5,45,1,12
2026-03-31 12:00:00,Library,24.08,31.06,25,3,15,1,12
2026-03-31 12:00:00,Hostel A,33.88,30.96,35,8,10,1,12
2026-03-31 13:00:00,Academic Block,32.79,29.24,45,6,20,1,13
2026-03-31 13:00:00,Computer Lab,33.56,30.44,40,5,45,1,13
2026-03-31 13:00:00,Library,26.02,31.87,25,3,15,1,13
2026-03-31 13:00:00,Hostel A,29.53,29.53,35,8,10,1,13
2026-03-31 14:00:00,Academic Block,28.84,28.76,45,6,20,1,14
2026-03-31 14:00:00,Computer Lab,23.67,28.62,40,5,45,1,14
2026-03-31 14:00:00,Library,23.06,29.81,25,3,15,1,14
2026-03-31 14:00:00,Hostel A,34.36,30.45,35,8,10,1,14
2026-03-31 15:00:00,Academic Block,33.45,29.75,45,6,20,1,15
2026-03-31 15:00:00,Computer Lab,24.48,28.49,40,5,45,1,15
2026-03-31 15:00:00,Library,17.78,28.3,25,3,15,1,15
2026-03-31 15:00:00,Hostel A,26.41,28.7,35,8,10,1,15
2026-03-31 16:00:00,Academic Block,23.15,26.57,45,6,20,1,16
2026-03-31 16:00:00,Computer Lab,22.68,28.01,40,5,45,1,16
2026-03-31 16:00:00,Library,14.3,26.14,25,3,15,1,16
2026-03-31 16:00:00,Hostel A,24.7,28.75,35,8,10,1,16
2026-03-31 17:00:00,Academic Block,26.14,27.9,45,6,20,1,17
2026-03-31 17:00:00,Computer Lab,20.99,26.52,40,5,45,1,17
2026-03-31 17:00:00,Library,18.26,28.28,25,3,15,1,17
2026-03-31 17:00:00,Hostel A,17.7,26.58,35,8,10,1,17
2026-03-31 18:00:00,Academic Block,20.58,22.57,12,6,20,1,18
2026-03-31 18:00:00,Computer Lab,15.3,26.61,4,5,45,1,18
2026-03-31 18:00:00,Library,11.39,24.68,25,3,15,1,18
2026-03-31 18:00:00,Hostel A,24.16,24.3,80,8,10,1,18
2026-03-31 19:00:00,Academic Block,18.92,23.97,12,6,20,1,19
2026-03-31 19:00:00,Computer Lab,14.77,26.89,4,5,45,1,19
2026-03-31 19:00:00,Library,10.65,24.36,25,3,15,1,19
2026-03-31 19:00:00,Hostel A,22.77,23.52,80,8,10,1,19
2026-03-31 20:00:00,Academic Block,18.87,23.51,12,6,20,1,20
2026-03-31 20:00:00,Computer Lab,15.25,22.06,4,5,45,1,20
2026-03-31 20:00:00,Library,13.17,21.2,25,3,15,1,20
2026-03-31 20:00:00,Hostel A,23.2,22.84,80,8,10,1,20
2026-03-31 21:00:00,Academic Block,18.97,21.38,12,6,20,1,21
2026-03-31 21:00:00,Computer Lab,17.2,22.88,4,5,45,1,21
2026-03-31 21:00:00,Library,11.18,23.16,5,3,15,1,21
2026-03-31 21:00:00,Hostel A,21.93,23.09,80,8,10,1,21
2026-03-31 22:00:00,Academic Block,20.49,20.43,5,6,20,1,22
2026-03-31 22:00:00,Computer Lab,15.23,21.68,4,5,45,1,22
2026-03-31 22:00:00,Library,10.32,19.41,5,3,15,1,22
2026-03-31 22:00:00,Hostel A,25.14,19.85,80,8,10,1,22
2026-03-31 23:00:00,Academic Block,17.55,21.08,5,6,20,1,23
2026-03-31 23:00:00,Computer Lab,14.5,18.92,4,5,45,1,23
2026-03-31 23:00:00,Library,10.37,19.5,5,3,15,1,23
2026-03-31 23:00:00,Hostel A,17.5,21.51,35,8,10,1,23
